0003921c-8ce6-4191-9d48-d0535c3a3c23,11817,MANGALAM,Mangalam Drugs And Organics Limited,NSE,INE584F01014,NSE_EQ,103.25,t,2026-08-11 11:53:08.833281+05:30,2026-08-13 10:18:22.991752+05:30,https://dhanarthi-stockguru.s3.amazonaws.com/company_logos_webp/MANGALAM.webp,f,
006e553d-7cd7-41bc-a3a3-b6e306afe305,18659,MARATHON,Marathon Nextgen Realty Limited,NSE,INE182D01020,NSE_EQ,3952.42,t,2026-08-11 11:53:08.866736+05:30,2026-08-13 10:18:23.008337+05:30,https://dhanarthi-stockguru.s3.amazonaws.com/company_logos_webp/MARATHON.webp,t,2.5 x
0073e93b-b5eb-499a-804c-994c818f275c,5279,ROLEXRINGS,Rolex Rings Limited,NSE,INE645S01024,NSE_EQ,3594.19,t,2026-08-11 11:53:07.9329+05:30,2026-08-13 10:18:23.008337+05:30,https://dhanarthi-stockguru.s3.amazonaws.com/company_logos_webp/ROLEXRINGS.webp,t,2.95 x
0076734f-503c-48c7-95dc-077cd818576f,10277,NGLFINE,NGL Fine-Chem Limited,NSE,INE887E01022,NSE_EQ,852.72,t,2026-08-11 11:53:07.733094+05:30,2026-08-13 10:18:23.008337+05:30,https://dhanarthi-stockguru.s3.amazonaws.com/company_logos_webp/NGLFINE.webp,t,1 x
0094dd4c-b23a-4bb1-afdc-0de359b27ff9,2972,ORIENTELEC,Orient Electric Limited,NSE,INE142Z01019,NSE_EQ,4347.49,t,2026-08-11 11:53:07.81617+05:30,2026-08-13 10:18:23.008337+05:30,https://dhanarthi-stockguru.s3.amazonaws.com/company_logos_webp/ORIENTELEC.webp,t,3.05 x
00d46769-4bba-4b32-b1a5-6c8fabf78194,14599,GSLSU,Global Surfaces Limited,NSE,INE0JSX01015,NSE_EQ,474.09,t,2026-08-11 11:53:07.549834+05:30,2026-08-13 10:18:23.008337+05:30,https://dhanarthi-stockguru.s3.amazonaws.com/company_logos_webp/GSLSU.webp,f,
00e340ba-cbd6-4afa-ac32-3d4c4cabd56b,14068,SAGCEM,Sagar Cements Limited,NSE,INE229C01021,NSE_EQ,3122.62,t,2026-08-11 11:53:07.966199+05:30,2026-08-13 10:18:23.008337+05:30,https://dhanarthi-stockguru.s3.amazonaws.com/company_logos_webp/SAGCEM.webp,t,2.04 x
00e9a5c6-936d-41ab-b541-e0ab780e48e9,11265,TVSELECT,TVS Electronics Limited,NSE,INE236G01019,NSE_EQ,924.37,t,2026-08-11 11:53:08.766558+05:30,2026-08-13 10:18:23.008337+05:30,https://dhanarthi-stockguru.s3.amazonaws.com/company_logos_webp/TVSELECT.webp,t,2 x
0100c1b9-d0b9-4ffd-b935-ae77f0c5fc37,13757,SHIVAMAUTO,Shivam Autotech Limited,NSE,INE637H01024,NSE_EQ,382.46,t,2026-08-11 11:53:07.999612+05:30,2026-08-13 10:18:23.008337+05:30,https://dhanarthi-stockguru.s3.amazonaws.com/company_logos_webp/SHIVAMAUTO.webp,f,
01110898-cbf4-4e7f-a97d-262b7a94272e,9599,DELHIVERY,Delhivery Limited,NSE,INE148O01028,NSE_EQ,32975.06,t,2026-08-11 11:53:07.435203+05:30,2026-08-13 10:18:23.008337+05:30,https://dhanarthi-stockguru.s3.amazonaws.com/company_logos_webp/DELHIVERY.webp,t,4.25 x
0111683d-d6a1-4b93-b0bc-b54a2ad4fedd,25786,KANANIIND,Kanani Industries Limited,NSE,INE879E01037,NSE_EQ,37.9,t,2026-08-11 11:53:08.595309+05:30,2026-08-13 10:18:23.023985+05:30,https://dhanarthi-stockguru.s3.amazonaws.com/company_logos_webp/KANANIIND.webp,f,
015e1bac-afc3-45aa-b6ed-03b0caa94bc8,14592,FORTIS,Fortis Healthcare Limited,NSE,INE061F01013,NSE_EQ,69998.43,t,2026-08-11 11:53:07.499428+05:30,2026-08-13 10:18:23.023985+05:30,https://dhanarthi-stockguru.s3.amazonaws.com/company_logos_webp/FORTIS.webp,t,4.35 x
017a28af-e0a5-4435-bbba-ef409e03c69e,13631,SKYGOLD,SKY GOLD AND DIAMONDS LIMITED,NSE,INE01IU01018,NSE_EQ,4769.19,t,2026-08-11 11:53:08.249896+05:30,2026-08-13 10:18:23.023985+05:30,https://dhanarthi-stockguru.s3.amazonaws.com/company_logos_webp/SKYGOLD.webp,t,2.57 x
018e51ed-37f6-4ade-916b-4ad3110ff175,1185,AMBER,Amber Enterprises India Limited,NSE,INE371P01015,NSE_EQ,25985.14,t,2026-08-11 11:53:07.282898+05:30,2026-08-13 10:18:23.023985+05:30,https://dhanarthi-stockguru.s3.amazonaws.com/company_logos_webp/AMBER.webp,t,3.44 x
01cb6371-136a-4362-a689-99851ca3ae8f,17833,AHLUCONT,Ahluwalia Contracts (India) Limited,NSE,INE758C01029,NSE_EQ,6515.71,t,2026-08-11 11:53:07.282898+05:30,2026-08-13 10:18:23.023985+05:30,,t,3.05 x
01d1d91e-0a8c-4330-8091-80561962273c,3002,WONDERLA,Wonderla Holidays Limited,NSE,INE066O01014,NSE_EQ,3770.28,t,2026-08-11 11:53:09.183625+05:30,2026-08-13 10:18:23.023985+05:30,https://dhanarthi-stockguru.s3.amazonaws.com/company_logos_webp/WONDERLA.webp,t,2.86 x
01d59cfb-9675-4860-a1a2-fb490f3a40c2,15347,GSS,GSS Infotech Limited,NSE,INE871H01011,NSE_EQ,66.64,t,2026-08-11 11:53:07.549834+05:30,2026-08-13 10:18:23.023985+05:30,https://dhanarthi-stockguru.s3.amazonaws.com/company_logos_webp/GSS.webp,f,
01e9b018-2916-469b-847c-6f40d2c2ee80,20760,RPPINFRA,R.P.P. Infra Projects Limited,NSE,INE324L01013,NSE_EQ,606.17,t,2026-08-11 11:53:07.949549+05:30,2026-08-13 10:18:23.023985+05:30,https://dhanarthi-stockguru.s3.amazonaws.com/company_logos_webp/RPPINFRA.webp,f,
0258217c-583a-4ee6-90fd-822db25e4480,15017,MAANALU,Maan Aluminium Limited,NSE,INE215I01027,NSE_EQ,694.54,t,2026-08-11 11:53:08.804555+05:30,2026-08-13 10:18:23.023985+05:30,https://dhanarthi-stockguru.s3.amazonaws.com/company_logos_webp/MAANALU.webp,f,
029dc06c-af43-43c8-be55-6ab438e7f36d,27144,BLACKBUCK,BLACKBUCK LIMITED,NSE,INE0UIZ01018,NSE_EQ,10757.39,t,2026-08-11 11:53:07.372137+05:30,2026-08-13 10:18:23.023985+05:30,https://dhanarthi-stockguru.s3.amazonaws.com/company_logos_webp/BLACKBUCK.webp,t,2.86 x
02c6e169-0f7f-4fa1-8f7a-ad68bff8fad6,14771,TARMAT,Tarmat Limited,NSE,INE924H01018,NSE_EQ,128.85,t,2026-08-11 11:53:08.555275+05:30,2026-08-13 10:18:23.023985+05:30,https://dhanarthi-stockguru.s3.amazonaws.com/company_logos_webp/TARMAT.webp,f,
02cab8b6-ce50-47d2-947f-c4d765dd3632,15058,AVALON,Avalon Technologies Limited,NSE,INE0LCL01028,NSE_EQ,6364.39,t,2026-08-11 11:53:08.909904+05:30,2026-08-13 10:18:23.023985+05:30,https://dhanarthi-stockguru.s3.amazonaws.com/company_logos_webp/AVALON.webp,t,2.59 x
02d17e74-864d-49aa-b4e9-6e59cabfbd3a,13585,ATLANTAA,ATLANTAA LIMITED,NSE,INE285H01022,NSE_EQ,334.75,t,2026-08-11 11:53:07.333244+05:30,2026-08-13 10:18:23.023985+05:30,https://dhanarthi-stockguru.s3.amazonaws.com/company_logos_webp/ATLANTAA.webp,f,
159bd2b3-ce6d-4a75-9075-60efba613349,756843,ABLBL,Aditya Birla Lifestyle Brands Limited,NSE,INE14LE01019,NSE_EQ,16914.07,t,2026-08-11 11:53:07.26652+05:30,2026-08-13 10:18:23.086052+05:30,,t,3.34 x
16797d7d-a732-4526-8e78-3de77a66c46a,13598,ANTELOPUS,Antelopus Selan Energy Limited,NSE,INE818A01017,NSE_EQ,1115.37,t,2026-08-11 11:53:07.300879+05:30,2026-08-13 10:18:23.086052+05:30,,t,1.56 x
02e47a8b-341a-4f2b-9a83-e7342644401f,11930,NECLIFE,Nectar Lifesciences Limited,NSE,INE023H01027,NSE_EQ,369.17,t,2026-08-11 11:53:07.727642+05:30,2026-08-13 10:18:23.023985+05:30,https://dhanarthi-stockguru.s3.amazonaws.com/company_logos_webp/NECLIFE.webp,f,
02ee9ccb-41e1-46fb-9753-ec5bffcbe711,20160,CANTABIL,Cantabil Retail India Limited,NSE,INE068L01024,NSE_EQ,2160.61,t,2026-08-11 11:53:08.202533+05:30,2026-08-13 10:18:23.023985+05:30,https://dhanarthi-stockguru.s3.amazonaws.com/company_logos_webp/CANTABIL.webp,t,2.5 x
02f66fb3-0d0b-49a6-8467-26d0f0b97d98,11983,SASKEN,Sasken Technologies Limited,NSE,INE231F01020,NSE_EQ,2139.73,t,2026-08-11 11:53:07.986943+05:30,2026-08-13 10:18:23.023985+05:30,https://dhanarthi-stockguru.s3.amazonaws.com/company_logos_webp/SASKEN.webp,t,1 x
03448545-3d63-495a-ad0d-d478f3734baf,14139,SBGLP,Suratwwala Business Group Limited,NSE,INE05ST01028,NSE_EQ,635.76,t,2026-08-11 11:53:08.016442+05:30,2026-08-13 10:18:23.023985+05:30,https://dhanarthi-stockguru.s3.amazonaws.com/company_logos_webp/SBGLP.webp,f,
03638875-d1ed-4eb5-a08c-fadfc9297d09,8900,MINDPOOL,MINDPOOL,NSE,INE00RQ01019,NSE_EQ,30.34,t,2026-08-11 11:53:09.533354+05:30,2026-08-13 10:18:23.023985+05:30,https://dhanarthi-stockguru.s3.amazonaws.com/company_logos_webp/MINDPOOL.webp,f,
036e9056-1c39-47e0-a31e-499bf6db0aab,13668,MADHUCON,Madhucon Projects Limited,NSE,INE378D01032,NSE_EQ,50.4,t,2026-08-11 11:53:08.804555+05:30,2026-08-13 10:18:23.023985+05:30,https://dhanarthi-stockguru.s3.amazonaws.com/company_logos_webp/MADHUCON.webp,f,
03784503-dae6-49cb-a758-6386ddefe2b9,3021,SOTL,Savita Oil Technologies Limited,NSE,INE035D01020,NSE_EQ,2729.47,t,2026-08-11 11:53:08.285762+05:30,2026-08-13 10:18:23.023985+05:30,https://dhanarthi-stockguru.s3.amazonaws.com/company_logos_webp/SOTL.webp,t,2.5 x
037cd038-d745-4a33-8dcb-88b8c1647bf5,10871,GRMOVER,GRM Overseas Limited,NSE,INE192H01020,NSE_EQ,2468.03,t,2026-08-11 11:53:07.549834+05:30,2026-08-13 10:18:23.023985+05:30,https://dhanarthi-stockguru.s3.amazonaws.com/company_logos_webp/GRMOVER.webp,t,2 x
0386e0f4-3925-4c87-88a4-4f3580402822,14416,SRIVASAVI,SRIVASAVI,NSE,INE0NPI01014,NSE_EQ,85.09,t,2026-08-11 11:53:09.450055+05:30,2026-08-13 10:18:23.023985+05:30,https://dhanarthi-stockguru.s3.amazonaws.com/company_logos_webp/SRIVASAVI.webp,f,
03897477-b2d0-4a2d-87e2-7c3dca9b694b,5200,GRAUWEIL,Grauer & Weil India Limited,NSE,INE266D01021,NSE_EQ,,t,2026-08-11 11:53:08.366487+05:30,2026-08-13 10:18:23.023985+05:30,https://dhanarthi-stockguru.s3.amazonaws.com/company_logos_webp/GRAUWEIL.webp,f,
03b08490-bc51-4b73-8542-7fd8224d7de4,10412,KSHITIJPOL,Kshitij Polyline Limited,NSE,INE013801027,NSE_EQ,29.14,t,2026-08-11 11:53:08.707604+05:30,2026-08-13 10:18:23.023985+05:30,https://dhanarthi-stockguru.s3.amazonaws.com/company_logos_webp/KSHITIJPOL.webp,f,
045077ec-7582-489c-aa1b-6dbc65739c63,11699,PATELENG,Patel Engineering Limited,NSE,INE244B01030,NSE_EQ,3154.41,t,2026-08-11 11:53:07.849489+05:30,2026-08-13 10:18:23.023985+05:30,https://dhanarthi-stockguru.s3.amazonaws.com/company_logos_webp/PATELENG.webp,t,2.04 x
0454ca91-31a3-47b2-b6c1-455d86563532,24638,APRAMEYA,APRAMEYA,NSE,INE0LQG01010,NSE_EQ,471.74,t,2026-08-11 11:53:09.233275+05:30,2026-08-13 10:18:23.023985+05:30,https://dhanarthi-stockguru.s3.amazonaws.com/company_logos_webp/APRAMEYA.webp,f,
046c6f64-b81d-42a6-baa3-208bde40d25f,14982,CENTUM,Centum Electronics Limited,NSE,INE320B01020,NSE_EQ,3643.71,t,2026-08-11 11:53:07.624761+05:30,2026-08-13 10:18:23.023985+05:30,https://dhanarthi-stockguru.s3.amazonaws.com/company_logos_webp/CENTUM.webp,t,2.58 x
048b8299-bc9b-43fa-bac0-571ba8f3a552,4469,ELECTHERM,Electrotherm (India) Limited,NSE,INE822G01016,NSE_EQ,1213.83,t,2026-08-11 11:53:07.477425+05:30,2026-08-13 10:18:23.023985+05:30,https://dhanarthi-stockguru.s3.amazonaws.com/company_logos_webp/ELECTHERM.webp,t,1 x
049eb01a-2ed9-476f-863b-0fcb2f9186bf,13441,BALPHARMA,Bal Pharma Limited,NSE,INE083D01012,NSE_EQ,136.23,t,2026-08-11 11:53:08.166796+05:30,2026-08-13 10:18:23.023985+05:30,https://dhanarthi-stockguru.s3.amazonaws.com/company_logos_webp/BALPHARMA.webp,f,
04aa5ab8-9c96-4e15-b44e-ac18f91e542f,18214,TEXMOPIPES,Texmo Pipes and Products Limited,NSE,INE141K01013,NSE_EQ,163.06,t,2026-08-11 11:53:08.639972+05:30,2026-08-13 10:18:23.039598+05:30,https://dhanarthi-stockguru.s3.amazonaws.com/company_logos_webp/TEXMOPIPES.webp,t,1 x
04bd980b-f5b9-4b9b-a1f2-fa7643320418,13900,CREST,Crest Ventures Limited,NSE,INE559D01011,NSE_EQ,1065.09,t,2026-08-11 11:53:07.62527+05:30,2026-08-13 10:18:23.039598+05:30,https://dhanarthi-stockguru.s3.amazonaws.com/company_logos_webp/CREST.webp,f,
04c2f914-1fac-445d-abcf-a99e1a554e87,17507,INCREDIBLE,INCREDIBLE INDUSTRIES LIMITED,NSE,INE452L01012,NSE_EQ,198.23,t,2026-08-11 11:53:07.599427+05:30,2026-08-13 10:18:23.039598+05:30,https://dhanarthi-stockguru.s3.amazonaws.com/company_logos_webp/INCREDIBLE.webp,f,
04c4641f-9bfe-428d-8d30-b842ebdfde5b,30838,PILITA,PIL ITALICA LIFESTYLE LIMITED,NSE,INE600A01035,NSE_EQ,308.66,t,2026-08-11 11:53:07.866247+05:30,2026-08-13 10:18:23.039598+05:30,https://dhanarthi-stockguru.s3.amazonaws.com/company_logos_webp/PILITA.webp,f,
04c84126-cc18-4d23-91fa-8aa3ab2f5fab,17307,AJMERA,Ajmera Realty & Infra India Limited,NSE,INE298G01035,NSE_EQ,3803.51,t,2026-08-11 11:53:08.086537+05:30,2026-08-13 10:18:23.039598+05:30,https://dhanarthi-stockguru.s3.amazonaws.com/company_logos_webp/AJMERA.webp,t,2.5 x
04fb70e9-d010-4411-9566-72ae1e9c4b50,2319,NCC,NCC Limited,NSE,INE868B01028,NSE_EQ,12650.25,t,2026-08-11 11:53:07.718134+05:30,2026-08-13 10:18:23.039598+05:30,https://dhanarthi-stockguru.s3.amazonaws.com/company_logos_webp/NCC.webp,t,3.2 x
050c1341-7a13-474d-b0a8-69c8b3f7f1fc,25756,VIKASECO,Vikas EcoTech Limited,NSE,INE806A01020,NSE_EQ,351.9,t,2026-08-11 11:53:09.133227+05:30,2026-08-13 10:18:23.039598+05:30,https://dhanarthi-stockguru.s3.amazonaws.com/company_logos_webp/VIKASECO.webp,f,
0522053e-e319-4179-99ba-12f19d8556f9,7672,IMAGICAA,Imagicaaworld Entertainment Limited,NSE,INE172N01012,NSE_EQ,3164.65,t,2026-08-11 11:53:07.599427+05:30,2026-08-13 10:18:23.039598+05:30,https://dhanarthi-stockguru.s3.amazonaws.com/company_logos_webp/IMAGICAA.webp,t,2.5 x
052a331a-afaf-4b98-b710-46d228d9e387,4116,HBSL,HB Stockholdings Limited,NSE,INE550B01022,NSE_EQ,58.32,t,2026-08-11 11:53:08.390006+05:30,2026-08-13 10:18:23.039598+05:30,https://dhanarthi-stockguru.s3.amazonaws.com/company_logos_webp/HBSL.webp,f,
052c1c4b-6963-4d14-8630-0b1b05f12219,15213,PPAP,PPAP Automotive Limited,NSE,INE095I01015,NSE_EQ,328.67,t,2026-08-11 11:53:07.888357+05:30,2026-08-13 10:18:23.039598+05:30,https://dhanarthi-stockguru.s3.amazonaws.com/company_logos_webp/PPAP.webp,f,
053041a8-89f1-4094-a0c3-0d9bcfa8b97c,3384,SWARAJENG,Swaraj Engines Limited,NSE,INE277A01016,NSE_EQ,4901.49,t,2026-08-11 11:53:08.516446+05:30,2026-08-13 10:18:23.039598+05:30,https://dhanarthi-stockguru.s3.amazonaws.com/company_logos_webp/SWARAJENG.webp,t,3.33 x
0540f413-3ea1-41e3-944e-02a2564ca58d,3715,VLSFINANCE,VLS Finance Limited,NSE,INE709A01018,NSE_EQ,833.74,t,2026-08-11 11:53:09.150053+05:30,2026-08-13 10:18:23.039598+05:30,https://dhanarthi-stockguru.s3.amazonaws.com/company_logos_webp/VLSFINANCE.webp,f,
09ca0361-5c03-4ff4-81d0-cd6dea9ec726,9035,AUSOMENT,Ausom Enterprise Limited,NSE,INE218C01016,NSE_EQ,144.37,t,2026-08-11 11:53:07.333244+05:30,2026-08-13 10:18:23.054106+05:30,,f,
c520fb95-af4e-4775-be16-f41c08ea799d,4568,ATLASCYCLE,Atlas Cycles (Haryana) Limited,NSE,INE446A01025,NSE_EQ,75.22,t,2026-08-11 11:53:07.333244+05:30,2026-08-13 10:18:23.64087+05:30,,f,
039b582c-c2d3-41db-b19b-233bb3df189b,759256,BMWVENTLTD,BMW Ventures Limited,NSE,INE965W01036,NSE_EQ,549.75,t,2026-08-11 11:53:07.384171+05:30,2026-08-13 10:18:23.023985+05:30,,t,2 x
05a74c1a-597e-482d-97a1-e3587f23640a,24629,MIEL,MIEL,NSE,INE0R3101011,NSE_EQ,40.23,t,2026-08-11 11:53:09.516964+05:30,2026-08-13 10:18:23.039598+05:30,https://dhanarthi-stockguru.s3.amazonaws.com/company_logos_webp/MIEL.webp,f,
05b9a822-67b1-4464-bec5-c35b1c121300,5194,ANTGRAPHIC,Antarctica Limited,NSE,INE414B01021,NSE_EQ,16.8,t,2026-08-11 11:53:07.300879+05:30,2026-08-13 10:18:23.039598+05:30,https://dhanarthi-stockguru.s3.amazonaws.com/company_logos_webp/ANTGRAPHIC.webp,f,
05bb3b47-8a26-406b-99fc-7580ce61228b,2711,PRECOT,Precot Limited,NSE,INE283A01014,NSE_EQ,572.37,t,2026-08-11 11:53:07.899672+05:30,2026-08-13 10:18:23.039598+05:30,https://dhanarthi-stockguru.s3.amazonaws.com/company_logos_webp/PRECOT.webp,f,
05fd7206-fb9b-4270-8580-eea763563911,14766,V2RETAIL,V2 Retail Limited,NSE,INE945H01021,NSE_EQ,7206.57,t,2026-08-11 11:53:08.851822+05:30,2026-08-13 10:18:23.039598+05:30,https://dhanarthi-stockguru.s3.amazonaws.com/company_logos_webp/V2RETAIL.webp,t,2.5 x
06125a91-47cd-4a75-9952-d3eb0ff82fab,11476,LLOYDS,LLOYDS,NSE,INE0DTQ01028,NSE_EQ,200.25,t,2026-08-11 11:53:09.307924+05:30,2026-08-13 10:18:23.039598+05:30,https://dhanarthi-stockguru.s3.amazonaws.com/company_logos_webp/LLOYDS.webp,f,
0615516c-2e05-42b9-a8cf-1863d228e7da,18731,MASKINVEST,Mask Investments Limited,NSE,INE885F01015,NSE_EQ,49.85,t,2026-08-11 11:53:08.874765+05:30,2026-08-13 10:18:23.039598+05:30,https://dhanarthi-stockguru.s3.amazonaws.com/company_logos_webp/MASKINVEST.webp,f,
0618ba5c-d67d-412b-8cb3-f278ac70d02a,13086,AIAENG,AIA Engineering Limited,NSE,INE212H01026,NSE_EQ,31496.97,t,2026-08-11 11:53:07.282898+05:30,2026-08-13 10:18:23.039598+05:30,https://dhanarthi-stockguru.s3.amazonaws.com/company_logos_webp/AIAENG.webp,t,3.46 x
06278598-bbc1-484f-8557-f06bc587e1ec,20488,ACCENTMIC,ACCENTMIC,NSE,INE0Q5D01013,NSE_EQ,697.07,t,2026-08-11 11:53:09.21661+05:30,2026-08-13 10:18:23.039598+05:30,https://dhanarthi-stockguru.s3.amazonaws.com/company_logos_webp/ACCENTMIC.webp,f,
0636f58b-f253-4ab6-b5b3-f99c287b2f70,11964,SEMAC,Semac Construction Limited,NSE,INE617A01013,NSE_EQ,141.02,t,2026-08-11 11:53:07.566237+05:30,2026-08-13 10:18:23.039598+05:30,https://dhanarthi-stockguru.s3.amazonaws.com/company_logos_webp/SEMAC.webp,f,
063c8d40-06f6-47f8-9edb-733c1ed64345,335,BALKRISIND,Balkrishna Industries Limited,NSE,INE787D01026,NSE_EQ,46627.57,t,2026-08-11 11:53:08.916528+05:30,2026-08-13 10:18:23.039598+05:30,https://dhanarthi-stockguru.s3.amazonaws.com/company_logos_webp/BALKRISIND.webp,t,3.31 x
0647107a-3f98-49d7-91a4-52a7132dfdb6,21132,AKANKSHA,AKANKSHA,NSE,INE0PCY01014,NSE_EQ,172.55,t,2026-08-11 11:53:09.333826+05:30,2026-08-13 10:18:23.039598+05:30,https://dhanarthi-stockguru.s3.amazonaws.com/company_logos_webp/AKANKSHA.webp,f,
066b0fd6-fc3a-4ac9-b5e0-54c6a93c7e10,17399,SERVICE,SERVICE,NSE,INE0P1Q01015,NSE_EQ,66.85,t,2026-08-11 11:53:09.478253+05:30,2026-08-13 10:18:23.039598+05:30,https://dhanarthi-stockguru.s3.amazonaws.com/company_logos_webp/SERVICE.webp,f,
067e090b-cc16-4214-a8eb-94bd71bb587b,11566,DCI,Dc Infotech And Communication Limited,NSE,INE0A1101019,NSE_EQ,385.2,t,2026-08-11 11:53:08.249896+05:30,2026-08-13 10:18:23.039598+05:30,https://dhanarthi-stockguru.s3.amazonaws.com/company_logos_webp/DCI.webp,f,
06c578c5-1a94-472e-b731-d889a1a9951c,7165,MICEL,MIC Electronics Limited,NSE,INE287C01037,NSE_EQ,1264.18,t,2026-08-11 11:53:07.649447+05:30,2026-08-13 10:18:23.039598+05:30,https://dhanarthi-stockguru.s3.amazonaws.com/company_logos_webp/MICEL.webp,f,
06e6624e-30aa-4671-92e7-7621bc411dc0,317,BAJFINANCE,Bajaj Finance Limited,NSE,INE296A01032,NSE_EQ,607992.94,t,2026-08-11 11:53:07.349583+05:30,2026-08-13 10:18:23.039598+05:30,https://dhanarthi-stockguru.s3.amazonaws.com/company_logos_webp/BAJFINANCE.webp,t,4.35 x
06e97a7d-b542-4956-b46e-2cd2d3561ba2,14305,OSWALSEEDS,ShreeOswal Seeds And Chemicals Limited,NSE,INE00IK01029,NSE_EQ,133.37,t,2026-08-11 11:53:07.832918+05:30,2026-08-13 10:18:23.039598+05:30,https://dhanarthi-stockguru.s3.amazonaws.com/company_logos_webp/OSWALSEEDS.webp,f,
070a5403-dfdd-4a3a-883c-b142b57fb158,11910,RITEZONE,RITEZONE,NSE,INE0MRA01019,NSE_EQ,10.65,t,2026-08-11 11:53:09.574228+05:30,2026-08-13 10:18:23.039598+05:30,https://dhanarthi-stockguru.s3.amazonaws.com/company_logos_webp/RITEZONE.webp,f,
0719f15b-65b4-4d78-97d8-752f91d0ac56,18743,SIGNATURE,Signatureglobal (India) Limited,NSE,INE903U01023,NSE_EQ,15770.96,t,2026-08-11 11:53:08.104534+05:30,2026-08-13 10:18:23.039598+05:30,https://dhanarthi-stockguru.s3.amazonaws.com/company_logos_webp/SIGNATURE.webp,t,3.1 x
07470819-13e0-4abe-8707-5c70ed206e0e,13941,PRAENG,Prajay Engineers Syndicate Limited,NSE,INE505C01016,NSE_EQ,179.66,t,2026-08-11 11:53:07.888357+05:30,2026-08-13 10:18:23.039598+05:30,https://dhanarthi-stockguru.s3.amazonaws.com/company_logos_webp/PRAENG.webp,f,
074d1f37-08b4-412d-a1e5-b9d1268f26a3,20856,ZEELEARN,Zee Learn Limited,NSE,INE565L01011,NSE_EQ,283.71,t,2026-08-11 11:53:09.183625+05:30,2026-08-13 10:18:23.039598+05:30,https://dhanarthi-stockguru.s3.amazonaws.com/company_logos_webp/ZEELEARN.webp,f,
076b9875-3a1a-48a5-a5e6-fde42d28d211,9120,INDOAMIN,Indo Amines Limited,NSE,INE760F01028,NSE_EQ,1014.87,t,2026-08-11 11:53:08.423661+05:30,2026-08-13 10:18:23.039598+05:30,https://dhanarthi-stockguru.s3.amazonaws.com/company_logos_webp/INDOAMIN.webp,f,
076df59c-305d-4bcf-b5b5-c7036a70a0c8,3506,TITAN,Titan Company Limited,NSE,INE280A01028,NSE_EQ,323613.06,t,2026-08-11 11:53:08.691433+05:30,2026-08-13 10:18:23.039598+05:30,https://dhanarthi-stockguru.s3.amazonaws.com/company_logos_webp/TITAN.webp,t,4.55 x
079849e9-1935-4bf7-bbc1-6a449ec05a02,19287,KONTOR,KONTOR,NSE,INE0KZ301010,NSE_EQ,44.73,t,2026-08-11 11:53:09.516964+05:30,2026-08-13 10:18:23.039598+05:30,https://dhanarthi-stockguru.s3.amazonaws.com/company_logos_webp/KONTOR.webp,f,
7f78a071-e9c2-443f-8d16-6880a34f8231,13622,BILVYAPAR,BIL VYAPAR LIMITED,NSE,"",NSE_EQ,34.86,t,2026-08-11 11:53:07.372137+05:30,2026-08-11 11:53:07.372137+05:30,,f,
07ec7c0f-eb08-46f2-8420-3de35e796e96,31837,SREEL,Sreeleathers Limited,NSE,INE099F01013,NSE_EQ,537.84,t,2026-08-11 11:53:08.333105+05:30,2026-08-13 10:18:23.039598+05:30,https://dhanarthi-stockguru.s3.amazonaws.com/company_logos_webp/SREEL.webp,f,
0a7dc946-9508-42f8-8415-298944a4d025,17933,BEARDSELL,Beardsell Limited,NSE,INE520H01022,NSE_EQ,124.05,t,2026-08-11 11:53:07.357961+05:30,2026-08-13 10:18:23.054106+05:30,,f,
c5dc0bdc-bb81-486e-975f-d6297d4cb582,8552,BLUECOAST,Blue Coast Hotels Limited,NSE,"",NSE_EQ,82.5,t,2026-08-11 11:53:07.382673+05:30,2026-08-11 11:53:07.382673+05:30,,f,
0805ad6d-a809-4f1c-861d-a0071f2d7dd9,13795,PARSVNATH,Parsvnath Developers Limited,NSE,INE561H01026,NSE_EQ,683.66,t,2026-08-11 11:53:08.616446+05:30,2026-08-13 10:18:23.039598+05:30,https://dhanarthi-stockguru.s3.amazonaws.com/company_logos_webp/PARSVNATH.webp,f,
08210336-9444-47ca-986c-32596ff55bc8,20425,NACLIND,NACL Industries Limited,NSE,INE295D01020,NSE_EQ,4641.12,t,2026-08-11 11:53:07.699563+05:30,2026-08-13 10:18:23.039598+05:30,https://dhanarthi-stockguru.s3.amazonaws.com/company_logos_webp/NACLIND.webp,t,2 x
086b89f1-3b94-4306-a9b7-fb3507513cc0,203,ASHAPURMIN,Ashapura Minechem Limited,NSE,INE348A01023,NSE_EQ,5958.08,t,2026-08-11 11:53:08.906394+05:30,2026-08-13 10:18:23.039598+05:30,https://dhanarthi-stockguru.s3.amazonaws.com/company_logos_webp/ASHAPURMIN.webp,t,2.46 x
0876b310-c1a4-4910-8ecb-ea035fda581e,17752,SHILPAMED,Shilpa Medicare Limited,NSE,INE790G01031,NSE_EQ,7653.99,t,2026-08-11 11:53:07.999612+05:30,2026-08-13 10:18:23.054106+05:30,https://dhanarthi-stockguru.s3.amazonaws.com/company_logos_webp/SHILPAMED.webp,t,2.86 x
08a82bb1-1878-466c-a1ec-4ab4f3e039af,2029,IRFC,Indian Railway Finance Corporation Limited,NSE,INE053F01010,NSE_EQ,163104.08,t,2026-08-11 11:53:08.466626+05:30,2026-08-13 10:18:23.054106+05:30,https://dhanarthi-stockguru.s3.amazonaws.com/company_logos_webp/IRFC.webp,t,4.14 x
08cee7f2-8051-4ec8-a3f6-06bd6cb2f3a3,18571,GNA,GNA Axles Limited,NSE,INE934S01014,NSE_EQ,1344.32,t,2026-08-11 11:53:08.349673+05:30,2026-08-13 10:18:23.054106+05:30,https://dhanarthi-stockguru.s3.amazonaws.com/company_logos_webp/GNA.webp,t,1 x
08d6bd72-3eeb-4157-8bc3-44fa67378397,20329,CGCL,Capri Global Capital Limited,NSE,INE180C01042,NSE_EQ,17988.26,t,2026-08-11 11:53:07.399737+05:30,2026-08-13 10:18:23.054106+05:30,https://dhanarthi-stockguru.s3.amazonaws.com/company_logos_webp/CGCL.webp,t,3.01 x
09098c95-b674-4bbb-97fd-17a74932acb8,8660,VETO,Veto Switchgears And Cables Limited,NSE,INE918N01018,NSE_EQ,225.31,t,2026-08-11 11:53:09.133227+05:30,2026-08-13 10:18:23.054106+05:30,https://dhanarthi-stockguru.s3.amazonaws.com/company_logos_webp/VETO.webp,f,
090dac51-5261-41f1-905e-9166ebfe8edf,21951,HFCL,HFCL Limited,NSE,INE548A01028,NSE_EQ,10679.8,t,2026-08-11 11:53:07.580832+05:30,2026-08-13 10:18:23.054106+05:30,https://dhanarthi-stockguru.s3.amazonaws.com/company_logos_webp/HFCL.webp,t,1 x
09189be4-6328-4b8d-81cf-29d428bc483d,1594,INFY,Infosys Limited,NSE,INE009A01021,NSE_EQ,635103.55,t,2026-08-11 11:53:08.449906+05:30,2026-08-13 10:18:23.054106+05:30,https://dhanarthi-stockguru.s3.amazonaws.com/company_logos_webp/INFY.webp,t,4.35 x
09320d3b-f79c-45f3-8a72-6315bf97c720,204,UNIDT,United Drilling Tools Limited,NSE,INE961D01019,NSE_EQ,415.88,t,2026-08-11 11:53:08.783106+05:30,2026-08-13 10:18:23.054106+05:30,https://dhanarthi-stockguru.s3.amazonaws.com/company_logos_webp/UNIDT.webp,f,
093d8f36-7229-45c1-848b-071e013ebbec,11065,NATHBIOGEN,Nath Bio-Genes (India) Limited,NSE,INE448G01010,NSE_EQ,328.11,t,2026-08-11 11:53:07.699563+05:30,2026-08-13 10:18:23.054106+05:30,https://dhanarthi-stockguru.s3.amazonaws.com/company_logos_webp/NATHBIOGEN.webp,f,
09482d84-6fe8-42e8-90c9-d4347147b243,18558,JIWANRAM,JIWANRAM,NSE,INE0N5H01017,NSE_EQ,18.88,t,2026-08-11 11:53:09.550065+05:30,2026-08-13 10:18:23.054106+05:30,https://dhanarthi-stockguru.s3.amazonaws.com/company_logos_webp/JIWANRAM.webp,f,
09681297-b117-478c-9b28-f7f22125afc1,8825,PRIVISCL,Privi Speciality Chemicals Limited,NSE,INE959A01019,NSE_EQ,10533.25,t,2026-08-11 11:53:09.033437+05:30,2026-08-13 10:18:23.054106+05:30,https://dhanarthi-stockguru.s3.amazonaws.com/company_logos_webp/PRIVISCL.webp,t,3.06 x
09b46ecb-02b0-450a-84ba-0ba8eea139a9,13501,ALLCARGO,Allcargo Logistics Limited,NSE,INE418H01029,NSE_EQ,2726.15,t,2026-08-11 11:53:08.100027+05:30,2026-08-13 10:18:23.054106+05:30,https://dhanarthi-stockguru.s3.amazonaws.com/company_logos_webp/ALLCARGO.webp,t,2.5 x
09b936b5-5e38-47ff-98f2-4a9d42b7dd3e,6733,JINDALSTEL,JINDAL STEEL LIMITED,NSE,INE749A01030,NSE_EQ,103413.66,t,2026-08-11 11:53:08.516446+05:30,2026-08-13 10:18:23.054106+05:30,https://dhanarthi-stockguru.s3.amazonaws.com/company_logos_webp/JINDALSTEL.webp,t,4.35 x
09bb6e61-5b63-46a0-b520-b7b182958f95,18865,VERTOZ,Vertoz Limited,NSE,INE188Y01031,NSE_EQ,654.85,t,2026-08-11 11:53:08.883235+05:30,2026-08-13 10:18:23.054106+05:30,https://dhanarthi-stockguru.s3.amazonaws.com/company_logos_webp/VERTOZ.webp,f,
09dcd096-9e52-4a8e-81fc-c7c7c5f13dca,25690,DSSL,Dynacons Systems & Solutions Limited,NSE,INE417B01040,NSE_EQ,1230.97,t,2026-08-11 11:53:08.285762+05:30,2026-08-13 10:18:23.054106+05:30,https://dhanarthi-stockguru.s3.amazonaws.com/company_logos_webp/DSSL.webp,t,1 x
0a1a66e1-d4fd-4563-8d5a-c030c6d34aa7,19887,MICROPRO,MICROPRO,NSE,INE0PZK01014,NSE_EQ,31.28,t,2026-08-11 11:53:09.533354+05:30,2026-08-13 10:18:23.054106+05:30,https://dhanarthi-stockguru.s3.amazonaws.com/company_logos_webp/MICROPRO.webp,f,
0a602776-a4b3-4a66-a9c5-9162be5b0e02,7177,RATEGAIN,Rategain Travel Technologies Limited,NSE,INE0CLI01024,NSE_EQ,7056.56,t,2026-08-11 11:53:09.05507+05:30,2026-08-13 10:18:23.054106+05:30,https://dhanarthi-stockguru.s3.amazonaws.com/company_logos_webp/RATEGAIN.webp,t,2.84 x
0a6a84be-1f1c-4e0a-b0a1-f1c721cbaf5a,14334,HSCL,Himadri Speciality Chemical Limited,NSE,INE019C01026,NSE_EQ,23188.24,t,2026-08-11 11:53:07.594289+05:30,2026-08-13 10:18:23.054106+05:30,https://dhanarthi-stockguru.s3.amazonaws.com/company_logos_webp/HSCL.webp,t,3 x
0a8a6312-64d9-412b-94de-7236635e656c,20905,AZAD,Azad Engineering Limited,NSE,INE02IJ01035,NSE_EQ,10421.34,t,2026-08-11 11:53:08.916017+05:30,2026-08-13 10:18:23.054106+05:30,https://dhanarthi-stockguru.s3.amazonaws.com/company_logos_webp/AZAD.webp,t,2.84 x
0a8f39d7-b51f-45fc-b556-19e02539c0dc,16888,URBAN,URBAN,NSE,INE0O0201019,NSE_EQ,138.3,t,2026-08-11 11:53:09.367101+05:30,2026-08-13 10:18:23.054106+05:30,https://dhanarthi-stockguru.s3.amazonaws.com/company_logos_webp/URBAN.webp,f,
0aacc323-adce-4731-aa15-7f146553642c,7292,RSWM,RSWM Limited,NSE,INE611A01016,NSE_EQ,734.19,t,2026-08-11 11:53:09.083277+05:30,2026-08-13 10:18:23.054106+05:30,https://dhanarthi-stockguru.s3.amazonaws.com/company_logos_webp/RSWM.webp,f,
0abf154b-847d-44fb-86f8-438fdc9be16d,17053,HMAAGRO,HMA Agro Industries Limited,NSE,INE0ECP01024,NSE_EQ,1528.91,t,2026-08-11 11:53:08.404244+05:30,2026-08-13 10:18:23.054106+05:30,https://dhanarthi-stockguru.s3.amazonaws.com/company_logos_webp/HMAAGRO.webp,t,2 x
0add4af5-4635-4c10-af1b-15030f3295e6,16875,SICAGEN,Sicagen India Limited,NSE,INE176J01011,NSE_EQ,,t,2026-08-11 11:53:08.738164+05:30,2026-08-13 10:18:23.054106+05:30,https://dhanarthi-stockguru.s3.amazonaws.com/company_logos_webp/SICAGEN.webp,f,
0aed29b0-80b3-4268-9376-4a95642a9ae5,11787,GOYALALUM,Goyal Aluminiums Limited,NSE,INE705X01026,NSE_EQ,104.11,t,2026-08-11 11:53:08.366487+05:30,2026-08-13 10:18:23.054106+05:30,https://dhanarthi-stockguru.s3.amazonaws.com/company_logos_webp/GOYALALUM.webp,f,
500b6157-4e12-4b13-9bf6-e205e54d2870,30189,CURAA,Cura Technologies Limited,NSE,"",NSE_EQ,92.86,t,2026-08-11 11:53:07.423337+05:30,2026-08-11 11:53:07.423337+05:30,,f,
358262a5-c6c2-4cf4-9638-a954b1b9cfe3,"",NIFTYMEDIA,NIFTY MEDIA INDEX,NSE,"",NSE_EQ,,t,2026-08-11 11:53:07.793443+05:30,2026-08-11 11:53:07.793443+05:30,,f,
0b281cb3-759b-49f3-bd33-29fdce6b1bca,8394,SHIGAN,SHIGAN,NSE,INE03KJ01013,NSE_EQ,135.42,t,2026-08-11 11:53:09.367101+05:30,2026-08-13 10:18:23.054106+05:30,https://dhanarthi-stockguru.s3.amazonaws.com/company_logos_webp/SHIGAN.webp,f,
0b52ee95-55db-4e67-96dc-54d28ba49327,756324,NPST,Network People Services Technologies Limited,NSE,INE0FFK01017,NSE_EQ,3648.87,t,2026-08-11 11:53:07.749853+05:30,2026-08-13 10:18:23.054106+05:30,https://dhanarthi-stockguru.s3.amazonaws.com/company_logos_webp/NPST.webp,t,2.5 x
0b67f9dc-e0a3-451e-91d8-2d1d4780fc60,9897,AIRAN,Airan Limited,NSE,INE645W01026,NSE_EQ,302.08,t,2026-08-11 11:53:07.282898+05:30,2026-08-13 10:18:23.054106+05:30,https://dhanarthi-stockguru.s3.amazonaws.com/company_logos_webp/AIRAN.webp,f,
0b9785b8-5a1a-4465-b82b-504623e63a22,11162,HARSHA,Harsha Engineers International Limited,NSE,INE0JUS01029,NSE_EQ,3633.4,t,2026-08-11 11:53:08.390006+05:30,2026-08-13 10:18:23.054106+05:30,https://dhanarthi-stockguru.s3.amazonaws.com/company_logos_webp/HARSHA.webp,t,2.86 x
0bad6ded-b911-473d-9d7b-b6932e5511e3,2085,MAHSCOOTER,Maharashtra Scooters Limited,NSE,INE288A01013,NSE_EQ,17760.16,t,2026-08-11 11:53:08.999929+05:30,2026-08-13 10:18:23.054106+05:30,https://dhanarthi-stockguru.s3.amazonaws.com/company_logos_webp/MAHSCOOTER.webp,t,3.26 x
0bb0dd61-2594-4186-b150-e61e507bbcb0,14732,DLF,DLF Limited,NSE,INE271C01023,NSE_EQ,187715.12,t,2026-08-11 11:53:07.449913+05:30,2026-08-13 10:18:23.054106+05:30,https://dhanarthi-stockguru.s3.amazonaws.com/company_logos_webp/DLF.webp,t,4.27 x
0bd17a36-5001-4eec-9170-db5c962867a4,2739,PRSMJOHNSN,Prism Johnson Limited,NSE,INE010A01011,NSE_EQ,7481.78,t,2026-08-11 11:53:09.033437+05:30,2026-08-13 10:18:23.054106+05:30,https://dhanarthi-stockguru.s3.amazonaws.com/company_logos_webp/PRSMJOHNSN.webp,t,3.15 x
0bd6097d-d98b-48d1-9c81-2399402c0357,25952,USHAFIN,USHAFIN,NSE,INE0LS001014,NSE_EQ,189.09,t,2026-08-11 11:53:09.316798+05:30,2026-08-13 10:18:23.054106+05:30,https://dhanarthi-stockguru.s3.amazonaws.com/company_logos_webp/USHAFIN.webp,f,
0bfd83e6-ef26-4156-8aeb-1502b5f4a77e,5309,REXPIPES,REXPIPES,NSE,INE00D001018,NSE_EQ,140.62,t,2026-08-11 11:53:09.367101+05:30,2026-08-13 10:18:23.054106+05:30,https://dhanarthi-stockguru.s3.amazonaws.com/company_logos_webp/REXPIPES.webp,f,
0c0e44c4-0c7b-4854-b52c-a99db8e8741c,981,EPL,EPL Limited,NSE,INE255A01020,NSE_EQ,6948.41,t,2026-08-11 11:53:08.950386+05:30,2026-08-13 10:18:23.054106+05:30,https://dhanarthi-stockguru.s3.amazonaws.com/company_logos_webp/EPL.webp,t,3.22 x
0c17363a-9438-41ce-bf16-0da9ba36635a,1708,JAYBARMARU,Jay Bharat Maruti Limited,NSE,INE571B01036,NSE_EQ,960.18,t,2026-08-11 11:53:08.509009+05:30,2026-08-13 10:18:23.054106+05:30,https://dhanarthi-stockguru.s3.amazonaws.com/company_logos_webp/JAYBARMARU.webp,t,1 x
0c193c9a-9fc0-445b-a59d-d6e424db6db9,22914,OWAIS,OWAIS,NSE,INE0R8M01017,NSE_EQ,817.01,t,2026-08-11 11:53:09.21661+05:30,2026-08-13 10:18:23.054106+05:30,https://dhanarthi-stockguru.s3.amazonaws.com/company_logos_webp/OWAIS.webp,f,
0c3fbc18-2882-487f-ae22-5c9aec5943c2,10304,RAMASTEEL,Rama Steel Tubes Limited,NSE,INE230R01035,NSE_EQ,1630.7,t,2026-08-11 11:53:09.05507+05:30,2026-08-13 10:18:23.054106+05:30,https://dhanarthi-stockguru.s3.amazonaws.com/company_logos_webp/RAMASTEEL.webp,f,
0c43e301-66a4-4a16-beac-f791d9aa5378,5108,KPIGREEN,KPI Green Energy Limited,NSE,INE542W01025,NSE_EQ,9517.86,t,2026-08-11 11:53:08.659038+05:30,2026-08-13 10:18:23.054106+05:30,https://dhanarthi-stockguru.s3.amazonaws.com/company_logos_webp/KPIGREEN.webp,t,2.81 x
0c767783-2882-4c5b-979d-eee57ed17d4d,14480,GOKULAGRO,Gokul Agro Resources Limited,NSE,INE314T01033,NSE_EQ,5234.25,t,2026-08-11 11:53:08.966518+05:30,2026-08-13 10:18:23.054106+05:30,https://dhanarthi-stockguru.s3.amazonaws.com/company_logos_webp/GOKULAGRO.webp,t,2.78 x
0cb827b5-8dc2-4549-94e2-97b5c0b03920,2275,IRISDOREME,Iris Clothings Limited,NSE,INE01GN01025,NSE_EQ,626.59,t,2026-08-11 11:53:08.466626+05:30,2026-08-13 10:18:23.054106+05:30,https://dhanarthi-stockguru.s3.amazonaws.com/company_logos_webp/IRISDOREME.webp,f,
0d1e047a-e972-4456-9733-ac245f4832de,20372,FLAIR,Flair Writing Industries Limited,NSE,INE00Y201027,NSE_EQ,3269.49,t,2026-08-11 11:53:07.499428+05:30,2026-08-13 10:18:23.070417+05:30,https://dhanarthi-stockguru.s3.amazonaws.com/company_logos_webp/FLAIR.webp,t,3.17 x
0d264880-7a58-407a-8a67-ade575d50d1f,19410,ROSSARI,Rossari Biotech Limited,NSE,INE02A801020,NSE_EQ,3551.79,t,2026-08-11 11:53:07.9329+05:30,2026-08-13 10:18:23.070417+05:30,https://dhanarthi-stockguru.s3.amazonaws.com/company_logos_webp/ROSSARI.webp,t,2.5 x
0d4bc7b9-478d-41cc-b534-0cdf9e8af8ec,18883,SJVN,SJVN Limited,NSE,INE002L01015,NSE_EQ,34833.08,t,2026-08-11 11:53:08.173397+05:30,2026-08-13 10:18:23.070417+05:30,https://dhanarthi-stockguru.s3.amazonaws.com/company_logos_webp/SJVN.webp,t,3.11 x
98e1563b-086c-47a6-99ed-f19ae062ff38,759203,DHARAN,DHARAN INFRA-EPC LIMITED,NSE,"",NSE_EQ,228.65,t,2026-08-11 11:53:07.448891+05:30,2026-08-11 11:53:07.448891+05:30,,f,
0d594c5d-8925-457b-ba0f-d80da17262fc,11743,JINDALPHOT,Jindal Photo Limited,NSE,INE796G01012,NSE_EQ,1215.35,t,2026-08-11 11:53:08.516446+05:30,2026-08-13 10:18:23.070417+05:30,https://dhanarthi-stockguru.s3.amazonaws.com/company_logos_webp/JINDALPHOT.webp,t,2 x
0d681fd3-4bb5-4318-8310-8efbf2f6ed19,25049,PREMIERENE,Premier Energies Limited,NSE,INE0BS701011,NSE_EQ,45678.34,t,2026-08-11 11:53:07.899672+05:30,2026-08-13 10:18:23.070417+05:30,https://dhanarthi-stockguru.s3.amazonaws.com/company_logos_webp/PREMIERENE.webp,t,3.96 x
0d9c397b-0d05-4b9f-a9d7-739ee1f8f30a,10417,DYCL,Dynamic Cables Limited,NSE,INE600Y01019,NSE_EQ,1944.86,t,2026-08-11 11:53:07.449913+05:30,2026-08-13 10:18:23.070417+05:30,https://dhanarthi-stockguru.s3.amazonaws.com/company_logos_webp/DYCL.webp,t,2.36 x
0da4710d-ddba-41cf-95e6-890481b107e1,3827,ZUARIIND,ZUARI INDUSTRIES LIMITED,NSE,INE217A01012,NSE_EQ,939.11,t,2026-08-11 11:53:08.196304+05:30,2026-08-13 10:18:23.070417+05:30,https://dhanarthi-stockguru.s3.amazonaws.com/company_logos_webp/ZUARIIND.webp,t,2 x
0dda37ab-3eb4-4eb4-b138-4f066c8fb82f,13648,TALBROAUTO,Talbros Automotive Components Limited,NSE,INE187D01029,NSE_EQ,1760.92,t,2026-08-11 11:53:08.549767+05:30,2026-08-13 10:18:23.070417+05:30,https://dhanarthi-stockguru.s3.amazonaws.com/company_logos_webp/TALBROAUTO.webp,t,2.5 x
a73bb530-042b-4364-a8b0-6def6a51a277,"",NIFTYMETAL,NIFTY METAL INDEX,NSE,"",NSE_EQ,,t,2026-08-11 11:53:07.793443+05:30,2026-08-11 11:53:07.793443+05:30,,f,
0e01fc88-d1d7-4002-a060-0c4eab596e7a,24830,AESTHETIK,AESTHETIK,NSE,INE0TSF01011,NSE_EQ,200.46,t,2026-08-11 11:53:09.307924+05:30,2026-08-13 10:18:23.070417+05:30,https://dhanarthi-stockguru.s3.amazonaws.com/company_logos_webp/AESTHETIK.webp,f,
0e4282f8-31f0-46df-bc56-0c21f8f3890b,24909,INTERARCH,Interarch Building Solutions Limited,NSE,INE00M901018,NSE_EQ,3694.29,t,2026-08-11 11:53:08.457215+05:30,2026-08-13 10:18:23.070417+05:30,https://dhanarthi-stockguru.s3.amazonaws.com/company_logos_webp/INTERARCH.webp,t,2.86 x
0e7fe725-521a-4432-836a-aacf9c84a98f,759397,SOLEX,Solex Energy Limited,NSE,INE880Y01017,NSE_EQ,1602.09,t,2026-08-11 11:53:08.249896+05:30,2026-08-13 10:18:23.070417+05:30,https://dhanarthi-stockguru.s3.amazonaws.com/company_logos_webp/SOLEX.webp,t,2 x
0ee5e3b9-0d7d-4f96-891b-bdfee8098201,21348,IBLFL,IBLFL,NSE,INE0O7401018,NSE_EQ,164.52,t,2026-08-11 11:53:09.333826+05:30,2026-08-13 10:18:23.070417+05:30,https://dhanarthi-stockguru.s3.amazonaws.com/company_logos_webp/IBLFL.webp,f,
0f39b633-906d-42ac-a8a9-cab664847062,22360,MCL,M TEK COPPER LIMITED,NSE,INE813V01022,NSE_EQ,136.31,t,2026-08-11 11:53:07.632766+05:30,2026-08-13 10:18:23.070417+05:30,https://dhanarthi-stockguru.s3.amazonaws.com/company_logos_webp/MCL.webp,f,
0f5cc016-c7e7-4d21-8ae5-a07e68773937,25672,DIFFNKG,Diffusion Engineers Limited,NSE,INE184O01015,NSE_EQ,1288.15,t,2026-08-11 11:53:07.449913+05:30,2026-08-13 10:18:23.070417+05:30,https://dhanarthi-stockguru.s3.amazonaws.com/company_logos_webp/DIFFNKG.webp,t,2 x
0f6e9e29-1c28-491e-ae70-7d6402e58ad6,22725,WTICAB,WTICAB,NSE,INE623Y01011,NSE_EQ,384.78,t,2026-08-11 11:53:08.370496+05:30,2026-08-13 10:18:23.070417+05:30,https://dhanarthi-stockguru.s3.amazonaws.com/company_logos_webp/WTICAB.webp,f,
0f702fd9-0fa3-4f8f-a2e8-6fdcf5cea5e2,10945,TMB,Tamilnad Mercantile Bank Limited,NSE,INE668A01016,NSE_EQ,7313.67,t,2026-08-11 11:53:08.691433+05:30,2026-08-13 10:18:23.070417+05:30,https://dhanarthi-stockguru.s3.amazonaws.com/company_logos_webp/TMB.webp,t,3.22 x
0fa07d07-8652-4955-ae67-3044d18e1498,30455,SPECTRUM,Spectrum Electrical Industries Limited,NSE,INE01EO01010,NSE_EQ,2189.56,t,2026-08-11 11:53:08.316303+05:30,2026-08-13 10:18:23.070417+05:30,https://dhanarthi-stockguru.s3.amazonaws.com/company_logos_webp/SPECTRUM.webp,f,
0faaa7a2-806a-462f-9556-500f49c7a9e2,13587,ACE,Action Construction Equipment Limited,NSE,INE731H01025,NSE_EQ,12619,t,2026-08-11 11:53:08.883235+05:30,2026-08-13 10:18:23.070417+05:30,https://dhanarthi-stockguru.s3.amazonaws.com/company_logos_webp/ACE.webp,t,3.07 x
0ff8cc40-5be7-40e0-b293-04c81f6262b4,11580,WESTLIFE,WESTLIFE FOODWORLD LIMITED,NSE,INE274F01020,NSE_EQ,10240.64,t,2026-08-11 11:53:09.166605+05:30,2026-08-13 10:18:23.070417+05:30,https://dhanarthi-stockguru.s3.amazonaws.com/company_logos_webp/WESTLIFE.webp,t,3.03 x
10233689-a85c-4103-9a67-b963fe574a7e,2598,AMJLAND,Amj Land Holdings Limited,NSE,INE606A01024,NSE_EQ,228.23,t,2026-08-11 11:53:07.282898+05:30,2026-08-13 10:18:23.070417+05:30,https://dhanarthi-stockguru.s3.amazonaws.com/company_logos_webp/AMJLAND.webp,f,
102f9162-8fa6-43ef-a922-4a3e3d605c19,4214,UCL,UCL,NSE,INE00NI01015,NSE_EQ,52.03,t,2026-08-11 11:53:09.501618+05:30,2026-08-13 10:18:23.070417+05:30,https://dhanarthi-stockguru.s3.amazonaws.com/company_logos_webp/UCL.webp,f,
10346a0b-9ce8-4761-adf6-16ee1bc7b798,19731,GPPL,Gujarat Pipavav Port Limited,NSE,INE517F01014,NSE_EQ,8015.37,t,2026-08-11 11:53:07.549834+05:30,2026-08-13 10:18:23.070417+05:30,https://dhanarthi-stockguru.s3.amazonaws.com/company_logos_webp/GPPL.webp,t,3.32 x
1042a15a-7307-41be-b110-c8f62c941515,4127,SAMBHAAV,Sambhaav Media Limited,NSE,INE699B01027,NSE_EQ,149.88,t,2026-08-11 11:53:09.100075+05:30,2026-08-13 10:18:23.070417+05:30,https://dhanarthi-stockguru.s3.amazonaws.com/company_logos_webp/SAMBHAAV.webp,f,
105cbfc4-81bc-47ba-8d16-cffef199df9c,4410,JAGSNPHARM,Jagsonpal Pharmaceuticals Limited,NSE,INE048B01035,NSE_EQ,1524.32,t,2026-08-11 11:53:08.483046+05:30,2026-08-13 10:18:23.070417+05:30,https://dhanarthi-stockguru.s3.amazonaws.com/company_logos_webp/JAGSNPHARM.webp,t,2.5 x
108eb7d4-0e4d-4be4-915f-b8f22c27b58b,9463,SONUINFRA,SONUINFRA,NSE,INE0JZA01018,NSE_EQ,107.34,t,2026-08-11 11:53:09.402111+05:30,2026-08-13 10:18:23.070417+05:30,https://dhanarthi-stockguru.s3.amazonaws.com/company_logos_webp/SONUINFRA.webp,f,
10a8121d-70f3-422d-ab50-123bf7e421f7,19142,UMESLTD,Usha Martin Education & Solutions Limited,NSE,INE240C01028,NSE_EQ,14.55,t,2026-08-11 11:53:08.783106+05:30,2026-08-13 10:18:23.070417+05:30,https://dhanarthi-stockguru.s3.amazonaws.com/company_logos_webp/UMESLTD.webp,f,
10e1c860-d005-4248-a1d5-b1426633517f,7026,SHIVALIK,Shivalik Rasayan Limited,NSE,INE788J01021,NSE_EQ,727.19,t,2026-08-11 11:53:08.741671+05:30,2026-08-13 10:18:23.070417+05:30,https://dhanarthi-stockguru.s3.amazonaws.com/company_logos_webp/SHIVALIK.webp,f,
10f176bc-76a9-4900-b219-b94a711f86e3,25358,PGEL,PG Electroplast Limited,NSE,INE457L01029,NSE_EQ,17271.74,t,2026-08-11 11:53:07.866247+05:30,2026-08-13 10:18:23.070417+05:30,https://dhanarthi-stockguru.s3.amazonaws.com/company_logos_webp/PGEL.webp,t,3.14 x
10f81c06-4a6d-4b6b-8132-54b32d38fe3e,4870,INDSWFTLAB,Ind-Swift Laboratories Limited,NSE,INE915B01019,NSE_EQ,657.18,t,2026-08-11 11:53:08.440281+05:30,2026-08-13 10:18:23.070417+05:30,https://dhanarthi-stockguru.s3.amazonaws.com/company_logos_webp/INDSWFTLAB.webp,t,1.56 x
1103b84a-b209-4d49-8edb-bd3946d5ce6d,19878,ESAFSFB,ESAF Small Finance Bank Limited,NSE,INE818W01011,NSE_EQ,1504.22,t,2026-08-11 11:53:08.300128+05:30,2026-08-13 10:18:23.070417+05:30,https://dhanarthi-stockguru.s3.amazonaws.com/company_logos_webp/ESAFSFB.webp,f,
1113bcd1-f6a5-4dd3-a1e2-86e0791942ea,25037,JAYBEE,JAYBEE,NSE,INE0SMY01017,NSE_EQ,429.41,t,2026-08-11 11:53:09.233275+05:30,2026-08-13 10:18:23.070417+05:30,https://dhanarthi-stockguru.s3.amazonaws.com/company_logos_webp/JAYBEE.webp,f,
111aa667-4316-4690-bcd8-51b336ed25d0,19465,KARNIKA,KARNIKA,NSE,INE0MGA01012,NSE_EQ,952.19,t,2026-08-11 11:53:09.211472+05:30,2026-08-13 10:18:23.070417+05:30,https://dhanarthi-stockguru.s3.amazonaws.com/company_logos_webp/KARNIKA.webp,f,
111b1ede-67d1-4834-b956-2bc9b382dc5c,4907,ENGINERSIN,Engineers India Limited,NSE,INE510A01028,NSE_EQ,11602.98,t,2026-08-11 11:53:07.486795+05:30,2026-08-13 10:18:23.070417+05:30,https://dhanarthi-stockguru.s3.amazonaws.com/company_logos_webp/ENGINERSIN.webp,t,2.8 x
145b6eee-c6ea-408b-acce-ce38895b7215,757658,FISCHER,Fischer Medical Ventures Limited,NSE,INE771F01041,NSE_EQ,5553.5,t,2026-08-11 11:53:07.499428+05:30,2026-08-13 10:18:23.086052+05:30,,t,1 x
0349f856-7799-48c4-bcb7-a4535efa1b4f,13812,FEL,Future Enterprises Limited,NSE,"",NSE_EQ,24.09,t,2026-08-11 11:53:07.499428+05:30,2026-08-11 11:53:07.499428+05:30,,f,
01b460f9-615e-4fa5-97a7-456cc1f330ec,761197,GKSL,Gujarat Kidney And Super Speciality Limited,NSE,INE0V0W01025,NSE_EQ,818.04,t,2026-08-11 11:53:07.533088+05:30,2026-08-13 10:18:23.023985+05:30,,t,2 x
050b1f67-da6d-4b9d-8f54-1568beb20d4c,760224,VIDYAWIRES,Vidya Wires Limited,NSE,INE14UN01029,NSE_EQ,1094.36,t,2026-08-11 11:53:07.516067+05:30,2026-08-13 10:18:23.039598+05:30,,t,1 x
0b9a0b67-d58b-4176-9060-5e00b093aa8e,14339,GANESHHOU,GANESH HOUSING LIMITED,NSE,INE460C01014,NSE_EQ,7198.72,t,2026-08-11 11:53:07.516067+05:30,2026-08-13 10:18:23.054106+05:30,,t,2.95 x
1123d160-1726-43e8-95da-37089615b845,8596,MSUMI,Motherson Sumi Wiring India Limited,NSE,INE0FS801015,NSE_EQ,29602.63,t,2026-08-11 11:53:09.016559+05:30,2026-08-13 10:18:23.070417+05:30,https://dhanarthi-stockguru.s3.amazonaws.com/company_logos_webp/MSUMI.webp,t,3.39 x
11286bc1-98b6-4988-b540-1887c723f604,14667,KMSUGAR,K.M.Sugar Mills Limited,NSE,INE157H01023,NSE_EQ,255.71,t,2026-08-11 11:53:08.639972+05:30,2026-08-13 10:18:23.070417+05:30,https://dhanarthi-stockguru.s3.amazonaws.com/company_logos_webp/KMSUGAR.webp,f,
115a283e-bee5-4cd0-a543-08df4b2c983b,25807,LLOYDSENT,Lloyds Enterprises Limited,NSE,INE080I01025,NSE_EQ,9008.02,t,2026-08-11 11:53:08.999929+05:30,2026-08-13 10:18:23.070417+05:30,https://dhanarthi-stockguru.s3.amazonaws.com/company_logos_webp/LLOYDSENT.webp,t,2.47 x
115ba859-6590-451c-8c40-b5b05b1ee048,2048,INDIGOPNTS,Indigo Paints Limited,NSE,INE09VQ01012,NSE_EQ,5493.14,t,2026-08-11 11:53:07.749853+05:30,2026-08-13 10:18:23.070417+05:30,https://dhanarthi-stockguru.s3.amazonaws.com/company_logos_webp/INDIGOPNTS.webp,t,3.22 x
11891c28-5a3d-4db7-b309-558e155be036,6951,LINC,Linc Limited,NSE,INE802B01027,NSE_EQ,759.16,t,2026-08-11 11:53:08.783106+05:30,2026-08-13 10:18:23.086052+05:30,https://dhanarthi-stockguru.s3.amazonaws.com/company_logos_webp/LINC.webp,f,
126e4547-f5eb-4b2e-962c-4bd0ef443a98,6012,JAINAM,JAINAM,NSE,INE02KC01010,NSE_EQ,318.91,t,2026-08-11 11:53:08.833281+05:30,2026-08-13 10:18:23.086052+05:30,https://dhanarthi-stockguru.s3.amazonaws.com/company_logos_webp/JAINAM.webp,f,
1294828a-2d2d-451b-8eda-93c1bcafc830,6451,SHUBHLAXMI,SHUBHLAXMI,NSE,INE01Z401013,NSE_EQ,18.22,t,2026-08-11 11:53:09.550065+05:30,2026-08-13 10:18:23.086052+05:30,https://dhanarthi-stockguru.s3.amazonaws.com/company_logos_webp/SHUBHLAXMI.webp,f,
1300c345-4c8a-458b-b9cc-45b844cd9cd4,6718,SAPPHIRE,Sapphire Foods India Limited,NSE,INE806T01020,NSE_EQ,9451.14,t,2026-08-11 11:53:07.970286+05:30,2026-08-13 10:18:23.086052+05:30,https://dhanarthi-stockguru.s3.amazonaws.com/company_logos_webp/SAPPHIRE.webp,t,2.92 x
130f2d70-d6da-4cb2-a0a3-8f2ff0f05072,19292,TERASOFT,Tera Software Limited,NSE,INE482B01010,NSE_EQ,511.87,t,2026-08-11 11:53:08.639972+05:30,2026-08-13 10:18:23.086052+05:30,https://dhanarthi-stockguru.s3.amazonaws.com/company_logos_webp/TERASOFT.webp,f,
1318d055-0dbf-4e46-94f3-9e30b9b954f4,1,GOLDSTAR,GOLDSTAR,NSE,INE405Y01021,NSE_EQ,222.29,t,2026-08-11 11:53:09.300416+05:30,2026-08-13 10:18:23.086052+05:30,https://dhanarthi-stockguru.s3.amazonaws.com/company_logos_webp/GOLDSTAR.webp,f,
13302cd5-b589-40ab-b9c1-aa8b132f69e8,14607,TGBHOTELS,TGB Banquets And Hotels Limited,NSE,INE797H01018,NSE_EQ,33.47,t,2026-08-11 11:53:08.650668+05:30,2026-08-13 10:18:23.086052+05:30,https://dhanarthi-stockguru.s3.amazonaws.com/company_logos_webp/TGBHOTELS.webp,f,
134d1a8d-031e-41b6-a31d-84364f4232d5,2442,NOCIL,NOCIL Limited,NSE,INE163A01018,NSE_EQ,2974.01,t,2026-08-11 11:53:07.749853+05:30,2026-08-13 10:18:23.086052+05:30,https://dhanarthi-stockguru.s3.amazonaws.com/company_logos_webp/NOCIL.webp,t,2.5 x
134fe15e-d963-4791-8919-282e398921c0,9553,PRUDENT,Prudent Corporate Advisory Services Limited,NSE,INE00F201020,NSE_EQ,11143.89,t,2026-08-11 11:53:09.033437+05:30,2026-08-13 10:18:23.086052+05:30,https://dhanarthi-stockguru.s3.amazonaws.com/company_logos_webp/PRUDENT.webp,t,2.86 x
135ef7ae-669d-42a9-bb61-e1d6b4955cda,14848,ALPA,Alpa Laboratories Limited,NSE,INE385I01010,NSE_EQ,191.51,t,2026-08-11 11:53:08.104534+05:30,2026-08-13 10:18:23.086052+05:30,https://dhanarthi-stockguru.s3.amazonaws.com/company_logos_webp/ALPA.webp,f,
13956eed-bc14-4808-b3b7-d60eede42b20,14761,NELCAST,Nelcast Limited,NSE,INE189I01024,NSE_EQ,1155.39,t,2026-08-11 11:53:07.727642+05:30,2026-08-13 10:18:23.086052+05:30,https://dhanarthi-stockguru.s3.amazonaws.com/company_logos_webp/NELCAST.webp,t,2 x
13c80cc0-ba86-4fb4-a74c-aeb596a2ca99,2088,MAHSEAMLES,Maharashtra Seamless Limited,NSE,INE271B01025,NSE_EQ,8328.22,t,2026-08-11 11:53:08.999929+05:30,2026-08-13 10:18:23.086052+05:30,https://dhanarthi-stockguru.s3.amazonaws.com/company_logos_webp/MAHSEAMLES.webp,t,3.41 x
13d8d048-5ac8-4237-9618-5ec43418f8b2,19525,IITL,Industrial Investment Trust Limited,NSE,INE886A01014,NSE_EQ,387.3,t,2026-08-11 11:53:08.033343+05:30,2026-08-13 10:18:23.086052+05:30,https://dhanarthi-stockguru.s3.amazonaws.com/company_logos_webp/IITL.webp,f,
14234285-c6f2-4b10-8e1e-9130c45fe7ef,2687,POLYPLEX,Polyplex Corporation Limited,NSE,INE633B01018,NSE_EQ,3127.14,t,2026-08-11 11:53:07.888357+05:30,2026-08-13 10:18:23.086052+05:30,https://dhanarthi-stockguru.s3.amazonaws.com/company_logos_webp/POLYPLEX.webp,t,2.5 x
143537e4-fb6a-4bd2-8383-81aca48b42ac,4732,SKMEGGPROD,SKM Egg Products Export (India) Limited,NSE,INE411D01023,NSE_EQ,941.1,t,2026-08-11 11:53:08.196304+05:30,2026-08-13 10:18:23.086052+05:30,https://dhanarthi-stockguru.s3.amazonaws.com/company_logos_webp/SKMEGGPROD.webp,t,1 x
1439ae45-60bb-47e8-96e0-d4be204e3cd0,1530,INDIANHUME,Indian Hume Pipe Company Limited,NSE,INE323C01030,NSE_EQ,2066.99,t,2026-08-11 11:53:08.423661+05:30,2026-08-13 10:18:23.086052+05:30,https://dhanarthi-stockguru.s3.amazonaws.com/company_logos_webp/INDIANHUME.webp,t,2.5 x
14616b75-be2d-4d00-8886-723f0cb377a0,18131,YASHO,Yasho Industries Limited,NSE,INE616Z01012,NSE_EQ,2070.96,t,2026-08-11 11:53:09.183625+05:30,2026-08-13 10:18:23.086052+05:30,https://dhanarthi-stockguru.s3.amazonaws.com/company_logos_webp/YASHO.webp,t,1 x
1481117a-6db3-401a-82f7-786075166bfd,4951,KOPRAN,Kopran Limited,NSE,INE082A01010,NSE_EQ,777.79,t,2026-08-11 11:53:08.659038+05:30,2026-08-13 10:18:23.086052+05:30,https://dhanarthi-stockguru.s3.amazonaws.com/company_logos_webp/KOPRAN.webp,f,
92edad80-6d41-4a1d-aff2-b09b4147ab66,24934,GLOBALE,Globale Tessile Limited,NSE,"",NSE_EQ,13.96,t,2026-08-11 11:53:07.533088+05:30,2026-08-11 11:53:07.533088+05:30,,f,
02dbd2f1-e7b8-4b6d-aceb-a999832ebbc5,14712,HGS,Hinduja Global Solutions Limited,NSE,INE170I01016,NSE_EQ,2398.01,t,2026-08-11 11:53:07.58278+05:30,2026-08-13 10:18:23.023985+05:30,,t,2.5 x
0d0673cb-77a3-416b-9dde-b4bfad9a6ae7,13592,HGM,HandsOn Global Management (HGM) Limited,NSE,INE596H01014,NSE_EQ,86.61,t,2026-08-11 11:53:07.58226+05:30,2026-08-13 10:18:23.069898+05:30,,f,
148bd64b-791b-47fc-b207-69aa3684c8d4,3908,PREMIERPOL,Premier Polyfilm Limited,NSE,INE309M01020,NSE_EQ,484.8,t,2026-08-11 11:53:07.899672+05:30,2026-08-13 10:18:23.086052+05:30,https://dhanarthi-stockguru.s3.amazonaws.com/company_logos_webp/PREMIERPOL.webp,f,
14a653b8-4b7b-4687-8960-652261fea68f,19783,MUFIN,Mufin Green Finance Limited,NSE,INE08KJ01020,NSE_EQ,1613.87,t,2026-08-11 11:53:07.686802+05:30,2026-08-13 10:18:23.086052+05:30,https://dhanarthi-stockguru.s3.amazonaws.com/company_logos_webp/MUFIN.webp,t,2.5 x
14a66ac0-1e6f-4a75-8335-9d716a487b93,23066,GOPAL,Gopal Snacks Limited,NSE,INE0L9R01028,NSE_EQ,4337.92,t,2026-08-11 11:53:08.349673+05:30,2026-08-13 10:18:23.086052+05:30,https://dhanarthi-stockguru.s3.amazonaws.com/company_logos_webp/GOPAL.webp,t,3.22 x
14b30b25-0e92-4055-be45-f65de923b85c,757772,HDBFS,HDB Financial Services Limited,NSE,INE756I01012,NSE_EQ,63482.33,t,2026-08-11 11:53:07.566237+05:30,2026-08-13 10:18:23.086052+05:30,,t,3.74 x
15369bd7-f614-4f40-a485-85a70d04ca26,11782,EVEREADY,Eveready Industries India Limited,NSE,INE128A01029,NSE_EQ,2752.38,t,2026-08-11 11:53:08.300128+05:30,2026-08-13 10:18:23.086052+05:30,https://dhanarthi-stockguru.s3.amazonaws.com/company_logos_webp/EVEREADY.webp,t,2.5 x
156161d1-fdf7-4986-80d2-22b46c1583c9,16395,MMP,MMP Industries Limited,NSE,INE511Y01018,NSE_EQ,686.25,t,2026-08-11 11:53:07.666109+05:30,2026-08-13 10:18:23.086052+05:30,https://dhanarthi-stockguru.s3.amazonaws.com/company_logos_webp/MMP.webp,f,
157bf3cd-9460-4627-836b-c295a7bee86c,17903,ABBOTINDIA,Abbott India Limited,NSE,INE358A01014,NSE_EQ,,t,2026-08-11 11:53:08.883235+05:30,2026-08-13 10:18:23.086052+05:30,https://dhanarthi-stockguru.s3.amazonaws.com/company_logos_webp/ABBOTINDIA.webp,t,3.77 x
159647a0-6c76-4f5b-a28b-2d9fe98b512b,117,OMFURN,OMFURN,NSE,INE338Y01016,NSE_EQ,125.26,t,2026-08-11 11:53:09.383428+05:30,2026-08-13 10:18:23.086052+05:30,https://dhanarthi-stockguru.s3.amazonaws.com/company_logos_webp/OMFURN.webp,f,
15a28fde-0ab6-4525-95e8-f9974e730baa,751607,QMSMEDI,QMSMEDI,NSE,INE0FMW01018,NSE_EQ,172.47,t,2026-08-11 11:53:09.333826+05:30,2026-08-13 10:18:23.086052+05:30,https://dhanarthi-stockguru.s3.amazonaws.com/company_logos_webp/QMSMEDI.webp,f,
1612ebae-80f0-44dd-bebc-56de99feccd0,7835,WEL,Wonder Electricals Limited,NSE,INE02WG01024,NSE_EQ,2070.55,t,2026-08-11 11:53:07.733094+05:30,2026-08-13 10:18:23.086052+05:30,https://dhanarthi-stockguru.s3.amazonaws.com/company_logos_webp/WEL.webp,t,1.56 x
162fe1a2-6240-4ac8-84bf-f9e61d987c32,1448,HLVLTD,HLV LIMITED,NSE,INE102A01024,NSE_EQ,750.71,t,2026-08-11 11:53:08.404244+05:30,2026-08-13 10:18:23.086052+05:30,https://dhanarthi-stockguru.s3.amazonaws.com/company_logos_webp/HLVLTD.webp,f,
165356cf-0504-4557-908c-c41192787f2d,25634,ESSARSHPNG,Essar Shipping Limited,NSE,INE122M01019,NSE_EQ,591.12,t,2026-08-11 11:53:08.300128+05:30,2026-08-13 10:18:23.086052+05:30,https://dhanarthi-stockguru.s3.amazonaws.com/company_logos_webp/ESSARSHPNG.webp,f,
168864f4-5b50-4aa1-ad15-e79a807be84f,24814,FIRSTCRY,Brainbees Solutions Limited,NSE,INE02RE01045,NSE_EQ,18301.8,t,2026-08-11 11:53:07.499428+05:30,2026-08-13 10:18:23.086052+05:30,,t,2.79 x
16a392aa-d3f2-4e0a-a667-e30c8c40cbd4,17851,DLINKINDIA,D-Link (India) Limited,NSE,INE250K01012,NSE_EQ,1696.87,t,2026-08-11 11:53:08.268362+05:30,2026-08-13 10:18:23.086052+05:30,https://dhanarthi-stockguru.s3.amazonaws.com/company_logos_webp/DLINKINDIA.webp,t,2.5 x
16e391ba-c9d1-4690-aa3c-df4a447fe1eb,3099,SHREDIGCEM,Shree Digvijay Cement Co.Ltd,NSE,INE232A01011,NSE_EQ,1309.61,t,2026-08-11 11:53:08.006368+05:30,2026-08-13 10:18:23.086052+05:30,https://dhanarthi-stockguru.s3.amazonaws.com/company_logos_webp/SHREDIGCEM.webp,t,2.5 x
16eb5a18-930b-48f8-a2ca-70c6343b37b2,13260,KEC,KEC International Limited,NSE,INE389H01022,NSE_EQ,21636.89,t,2026-08-11 11:53:08.616446+05:30,2026-08-13 10:18:23.086052+05:30,https://dhanarthi-stockguru.s3.amazonaws.com/company_logos_webp/KEC.webp,t,2.98 x
16f69633-d87f-462a-b012-7474fe316983,11432,KRITINUT,Kriti Nutrients Limited,NSE,INE798K01010,NSE_EQ,462.28,t,2026-08-11 11:53:08.683952+05:30,2026-08-13 10:18:23.101677+05:30,https://dhanarthi-stockguru.s3.amazonaws.com/company_logos_webp/KRITINUT.webp,f,
1717a072-932a-48e7-b85e-6f9ced976240,21623,APEX,Apex Frozen Foods Limited,NSE,INE346W01013,NSE_EQ,778.29,t,2026-08-11 11:53:07.311658+05:30,2026-08-13 10:18:23.101677+05:30,https://dhanarthi-stockguru.s3.amazonaws.com/company_logos_webp/APEX.webp,t,1.67 x
174d9d27-ddcc-411a-b308-faaf7fc8739f,14992,CCCL,Consolidated Construction Consortium Limited,NSE,INE429I01024,NSE_EQ,891.53,t,2026-08-11 11:53:08.21644+05:30,2026-08-13 10:18:23.101677+05:30,https://dhanarthi-stockguru.s3.amazonaws.com/company_logos_webp/CCCL.webp,f,
175cf6d8-467d-4075-be05-99caf178fd81,10491,AGNI,AGNI,NSE,INE0LF301013,NSE_EQ,49.88,t,2026-08-11 11:53:09.501618+05:30,2026-08-13 10:18:23.101677+05:30,https://dhanarthi-stockguru.s3.amazonaws.com/company_logos_webp/AGNI.webp,f,
1760644a-77a0-45dd-a2c9-2fb83e579898,25597,MANBA,Manba Finance Limited,NSE,INE939X01013,NSE_EQ,695.73,t,2026-08-11 11:53:08.833281+05:30,2026-08-13 10:18:23.101677+05:30,https://dhanarthi-stockguru.s3.amazonaws.com/company_logos_webp/MANBA.webp,f,
17ad0ab8-0134-4918-a71a-2eb94f5f58be,6445,TECHNOE,Techno Electric & Engineering Company Limited,NSE,INE285K01026,NSE_EQ,15742.75,t,2026-08-11 11:53:08.599841+05:30,2026-08-13 10:18:23.101677+05:30,https://dhanarthi-stockguru.s3.amazonaws.com/company_logos_webp/TECHNOE.webp,t,2.81 x
17cfe921-95ff-40a0-af2f-ebb275278e43,759103,HILINFRA,Highway Infrastructure Limited,NSE,INE00RL01028,NSE_EQ,561.65,t,2026-08-11 11:53:07.58278+05:30,2026-08-13 10:18:23.101677+05:30,,f,
17e22be8-d4d5-4dab-bf9c-c224e4a45566,14116,GANDHITUBE,Gandhi Special Tubes Limited,NSE,INE524B01027,NSE_EQ,995.51,t,2026-08-11 11:53:08.332495+05:30,2026-08-13 10:18:23.101677+05:30,https://dhanarthi-stockguru.s3.amazonaws.com/company_logos_webp/GANDHITUBE.webp,t,2 x
17f44586-9562-4a3b-8466-6f33ad939990,22656,SIGNPOST,Signpost India Limited,NSE,INE0KGZ01021,NSE_EQ,1305.25,t,2026-08-11 11:53:08.104534+05:30,2026-08-13 10:18:23.101677+05:30,https://dhanarthi-stockguru.s3.amazonaws.com/company_logos_webp/SIGNPOST.webp,t,2 x
18111375-f0f4-40b3-819e-ae372325785d,3744,FINEORG,Fine Organic Industries Limited,NSE,INE686Y01026,NSE_EQ,14440.91,t,2026-08-11 11:53:07.499428+05:30,2026-08-13 10:18:23.101677+05:30,https://dhanarthi-stockguru.s3.amazonaws.com/company_logos_webp/FINEORG.webp,t,3.33 x
18747fd1-1881-40ac-ae7a-f8aa4eaea521,18260,CLSL,CLSL,NSE,INE00NH01017,NSE_EQ,93.43,t,2026-08-11 11:53:09.433391+05:30,2026-08-13 10:18:23.101677+05:30,https://dhanarthi-stockguru.s3.amazonaws.com/company_logos_webp/CLSL.webp,f,
189f2523-4de4-4454-b02b-0d8ccc7af4fd,489,ICEMAKE,Ice Make Refrigeration Limited,NSE,INE520Y01019,NSE_EQ,1178.99,t,2026-08-11 11:53:08.416863+05:30,2026-08-13 10:18:23.101677+05:30,https://dhanarthi-stockguru.s3.amazonaws.com/company_logos_webp/ICEMAKE.webp,t,2 x
18aae534-48ad-4416-90ae-18460d570e81,11732,CONSOFINVT,Consolidated Finvest & Holdings Limited,NSE,INE025A01027,NSE_EQ,598.74,t,2026-08-11 11:53:08.234674+05:30,2026-08-13 10:18:23.101677+05:30,https://dhanarthi-stockguru.s3.amazonaws.com/company_logos_webp/CONSOFINVT.webp,f,
18af2f8c-e165-494b-aae4-39788628ebe1,21690,DIXON,Dixon Technologies (India) Limited,NSE,INE935N01020,NSE_EQ,95826.2,t,2026-08-11 11:53:07.449913+05:30,2026-08-13 10:18:23.101677+05:30,https://dhanarthi-stockguru.s3.amazonaws.com/company_logos_webp/DIXON.webp,t,3.68 x
18c2fb35-2aa9-41b6-a78d-36b3a4460288,7,AARTIIND,Aarti Industries Limited,NSE,INE769A01020,NSE_EQ,14250.61,t,2026-08-11 11:53:08.049697+05:30,2026-08-13 10:18:23.101677+05:30,https://dhanarthi-stockguru.s3.amazonaws.com/company_logos_webp/AARTIIND.webp,t,3.02 x
18e52e0d-3a3a-45fd-96fa-571bcc22fd45,4963,ICICIBANK,ICICI Bank Limited,NSE,INE090A01021,NSE_EQ,998630.64,t,2026-08-11 11:53:07.598937+05:30,2026-08-13 10:18:23.101677+05:30,https://dhanarthi-stockguru.s3.amazonaws.com/company_logos_webp/ICICIBANK.webp,t,4.55 x
18f8451c-9dde-4261-ad8a-2bef074262d4,7679,MONARCH,Monarch Networth Capital Limited,NSE,INE903D01011,NSE_EQ,2414.32,t,2026-08-11 11:53:07.67541+05:30,2026-08-13 10:18:23.101677+05:30,https://dhanarthi-stockguru.s3.amazonaws.com/company_logos_webp/MONARCH.webp,t,2.5 x
18f9f95f-c0f1-40aa-8b5a-1b8e1c650a23,14316,VIAZ,VIAZ,NSE,INE0MO401019,NSE_EQ,90.7,t,2026-08-11 11:53:09.433391+05:30,2026-08-13 10:18:23.101677+05:30,https://dhanarthi-stockguru.s3.amazonaws.com/company_logos_webp/VIAZ.webp,f,
1924059e-526f-42a3-9a6b-d262b7a5e46d,24184,PIIND,PI Industries Limited,NSE,INE603J01030,NSE_EQ,55996.59,t,2026-08-11 11:53:07.866247+05:30,2026-08-13 10:18:23.101677+05:30,https://dhanarthi-stockguru.s3.amazonaws.com/company_logos_webp/PIIND.webp,t,4.35 x
192ddb27-5fe6-42f7-b05c-8b4aa6a15464,14218,CTE,Cambridge Technology Enterprises Limited,NSE,INE627H01017,NSE_EQ,86.58,t,2026-08-11 11:53:07.421446+05:30,2026-08-13 10:18:23.101677+05:30,https://dhanarthi-stockguru.s3.amazonaws.com/company_logos_webp/CTE.webp,f,
19386dda-a1a5-476f-9e14-6fb5b4f4870b,14069,ASMS,Avio Smart Market Stack Limited,NSE,INE855F01042,NSE_EQ,402.09,t,2026-08-11 11:53:07.322446+05:30,2026-08-13 10:18:23.101677+05:30,https://dhanarthi-stockguru.s3.amazonaws.com/company_logos_webp/ASMS.webp,f,
194d4973-96ac-4ec2-a5c4-7c53d1635e5e,20956,SUNCLAY,Sundaram Clayton Limited,NSE,INE0Q3R01026,NSE_EQ,3534.32,t,2026-08-11 11:53:08.466626+05:30,2026-08-13 10:18:23.101677+05:30,https://dhanarthi-stockguru.s3.amazonaws.com/company_logos_webp/SUNCLAY.webp,t,2.5 x
1965e158-e55c-495d-a8eb-90f7fb187708,24398,EMCURE,Emcure Pharmaceuticals Limited,NSE,INE168P01015,NSE_EQ,26075.36,t,2026-08-11 11:53:07.482786+05:30,2026-08-13 10:18:23.101677+05:30,https://dhanarthi-stockguru.s3.amazonaws.com/company_logos_webp/EMCURE.webp,t,3.23 x
19c29ad5-c7aa-4641-819c-fde4311b5f77,10397,JISLJALEQS,Jain Irrigation Systems Limited,NSE,INE175A01038,NSE_EQ,3482.28,t,2026-08-11 11:53:08.533071+05:30,2026-08-13 10:18:23.101677+05:30,https://dhanarthi-stockguru.s3.amazonaws.com/company_logos_webp/JISLJALEQS.webp,t,2.7 x
1a191d2a-26d2-4045-b87b-464422f70a46,6568,LAXMICOT,Laxmi Cotspin Limited,NSE,INE801V01019,NSE_EQ,40.14,t,2026-08-11 11:53:08.734248+05:30,2026-08-13 10:18:23.101677+05:30,https://dhanarthi-stockguru.s3.amazonaws.com/company_logos_webp/LAXMICOT.webp,f,
1a61a730-0292-447b-8044-a832707d026f,3748,WEIZMANIND,Weizmann Limited,NSE,INE080A01014,NSE_EQ,169.59,t,2026-08-11 11:53:07.599427+05:30,2026-08-13 10:18:23.101677+05:30,https://dhanarthi-stockguru.s3.amazonaws.com/company_logos_webp/WEIZMANIND.webp,f,
1a8e406f-010a-454f-abe8-a6953865861e,8163,SPENCERS,Spencer's Retail Limited,NSE,INE020801028,NSE_EQ,478.65,t,2026-08-11 11:53:08.316303+05:30,2026-08-13 10:18:23.101677+05:30,https://dhanarthi-stockguru.s3.amazonaws.com/company_logos_webp/SPENCERS.webp,t,1 x
1ae5468f-fb7f-4d8a-a616-e46ad4fdc68d,14304,FSL,Firstsource Solutions Limited,NSE,INE684F01012,NSE_EQ,24408.7,t,2026-08-11 11:53:07.499428+05:30,2026-08-13 10:18:23.101677+05:30,https://dhanarthi-stockguru.s3.amazonaws.com/company_logos_webp/FSL.webp,t,2.77 x
1aef5ddc-c00d-4405-9650-e7f83e64e98a,1134,APOLLO,Apollo Micro Systems Limited,NSE,INE713T01028,NSE_EQ,8332.11,t,2026-08-11 11:53:08.904168+05:30,2026-08-13 10:18:23.101677+05:30,https://dhanarthi-stockguru.s3.amazonaws.com/company_logos_webp/APOLLO.webp,t,1 x
1b12f338-bfc4-4033-a835-f15bb1b8e54b,11394,ZOTA,Zota Health Care LImited,NSE,INE358U01012,NSE_EQ,4272.21,t,2026-08-11 11:53:07.970286+05:30,2026-08-13 10:18:23.101677+05:30,https://dhanarthi-stockguru.s3.amazonaws.com/company_logos_webp/ZOTA.webp,t,2.82 x
1b37f187-2675-431d-9a9c-f2b9accfbbc9,27107,SPECIALITY,Speciality Restaurants Limited,NSE,INE247M01014,NSE_EQ,619.12,t,2026-08-11 11:53:08.315137+05:30,2026-08-13 10:18:23.101677+05:30,https://dhanarthi-stockguru.s3.amazonaws.com/company_logos_webp/SPECIALITY.webp,t,1.67 x
1b8579d6-5c7a-4a7b-b115-aed05ed5f9a2,10299,PPL,Prakash Pipes Limited,NSE,INE050001010,NSE_EQ,740.16,t,2026-08-11 11:53:07.888357+05:30,2026-08-13 10:18:23.101677+05:30,https://dhanarthi-stockguru.s3.amazonaws.com/company_logos_webp/PPL.webp,f,
1b8c847b-5b5d-4798-837e-1f0161f80b2e,17758,SARDAEN,Sarda Energy & Minerals Limited,NSE,INE385C01021,NSE_EQ,18466.71,t,2026-08-11 11:53:07.982932+05:30,2026-08-13 10:18:23.101677+05:30,https://dhanarthi-stockguru.s3.amazonaws.com/company_logos_webp/SARDAEN.webp,t,3.01 x
1ba80b76-a694-4f89-846b-60be98f22cb4,20936,KIRLOSENG,Kirloskar Oil Engines Limited,NSE,INE146L01010,NSE_EQ,14316.86,t,2026-08-11 11:53:08.639463+05:30,2026-08-13 10:18:23.101677+05:30,https://dhanarthi-stockguru.s3.amazonaws.com/company_logos_webp/KIRLOSENG.webp,t,1 x
1bd2c58f-ead7-4564-bc89-161666be2501,1515,INDIACEM,The India Cements Limited,NSE,INE383A01012,NSE_EQ,12016.88,t,2026-08-11 11:53:07.599427+05:30,2026-08-13 10:18:23.101677+05:30,https://dhanarthi-stockguru.s3.amazonaws.com/company_logos_webp/INDIACEM.webp,t,3.13 x
1be44777-9e93-413b-adfc-b7cc620aa19f,12603,PRECAM,Precision Camshafts Limited,NSE,INE484I01029,NSE_EQ,1777.23,t,2026-08-11 11:53:07.899672+05:30,2026-08-13 10:18:23.101677+05:30,https://dhanarthi-stockguru.s3.amazonaws.com/company_logos_webp/PRECAM.webp,t,2.5 x
1c0a0632-811f-46d9-8b86-089e69e55cc2,29256,DENTA,Denta Water and Infra Solutions Limited,NSE,INE0R4L01018,NSE_EQ,1002.68,t,2026-08-11 11:53:07.435203+05:30,2026-08-13 10:18:23.101677+05:30,,t,2 x
1c4c41f6-66ea-4ec0-a46c-3420027720e6,23651,FILATFASH,Filatex Fashions Limited,NSE,INE185E01021,NSE_EQ,434.63,t,2026-08-11 11:53:07.499428+05:30,2026-08-13 10:18:23.101677+05:30,https://dhanarthi-stockguru.s3.amazonaws.com/company_logos_webp/FILATFASH.webp,f,
36c2eef4-a07a-4f9b-af30-6aa2aee6078b,28378,IGIL,International Gemological Institute Limited,NSE,INE0Q9301021,NSE_EQ,15203.77,t,2026-08-11 11:53:07.599427+05:30,2026-08-13 10:18:23.195926+05:30,,t,3.09 x
ec2f1e36-7fb4-4950-8a00-a64ae2ce61a8,19370,AHLWEST,Asian Hotels (West) Limited,NSE,"",NSE_EQ,,t,2026-08-11 11:53:07.616094+05:30,2026-08-11 11:53:07.616094+05:30,,f,
066f8ae3-c446-45b4-a80e-471058ced23d,761680,POWERICA,Powerica Limited,NSE,INE921L01032,NSE_EQ,,t,2026-08-11 11:53:07.632766+05:30,2026-08-13 10:18:23.039598+05:30,,t,3.5 x
0bf0d739-fdc8-4f46-b697-3cea8a96d1fb,759752,MODIS,Modis Navnirman Limited,NSE,INE0L0L01012,NSE_EQ,686.54,t,2026-08-11 11:53:07.671682+05:30,2026-08-13 10:18:23.054106+05:30,,f,
11fe01b4-9476-4810-a568-9e3317840398,760280,MODINATUR,Modi Naturals Limited,NSE,INE537F01012,NSE_EQ,494.59,t,2026-08-11 11:53:07.666109+05:30,2026-08-13 10:18:23.086052+05:30,,f,
1c5bf15d-013d-46a2-a1fa-2dbeaf243675,1621,TATAINVEST,Tata Investment Corporation Limited,NSE,INE672A01026,NSE_EQ,37805.03,t,2026-08-11 11:53:08.583546+05:30,2026-08-13 10:18:23.101677+05:30,https://dhanarthi-stockguru.s3.amazonaws.com/company_logos_webp/TATAINVEST.webp,t,2.99 x
1c5f73a4-780a-4c52-b222-3f58592bded1,15414,TITAGARH,TITAGARH RAIL SYSTEMS LIMITED,NSE,INE615H01020,NSE_EQ,11721.28,t,2026-08-11 11:53:08.691433+05:30,2026-08-13 10:18:23.101677+05:30,https://dhanarthi-stockguru.s3.amazonaws.com/company_logos_webp/TITAGARH.webp,t,2.86 x
1c9c8ca2-7ebf-4b32-ba5c-b0a381d6dd93,17518,SETCO,Setco Automotive Limited,NSE,INE878E01021,NSE_EQ,222.27,t,2026-08-11 11:53:08.766558+05:30,2026-08-13 10:18:23.101677+05:30,https://dhanarthi-stockguru.s3.amazonaws.com/company_logos_webp/SETCO.webp,f,
1cb8fa13-2732-4458-b4f6-2c64e5c1d1a4,12971,PRITIKA,PRITIKA,NSE,INE0MJQ01020,NSE_EQ,224.74,t,2026-08-11 11:53:09.286776+05:30,2026-08-13 10:18:23.101677+05:30,https://dhanarthi-stockguru.s3.amazonaws.com/company_logos_webp/PRITIKA.webp,f,
1cca9333-3017-4bbd-998e-6c4536dea214,694,CIPLA,Cipla Limited,NSE,INE059A01026,NSE_EQ,123553.81,t,2026-08-11 11:53:07.399737+05:30,2026-08-13 10:18:23.117308+05:30,https://dhanarthi-stockguru.s3.amazonaws.com/company_logos_webp/CIPLA.webp,t,4.55 x
1cd11c25-f15c-4351-870f-c5bd15f99e9e,1838,KARURVYSYA,Karur Vysya Bank Limited,NSE,INE036D01028,NSE_EQ,22230.72,t,2026-08-11 11:53:08.999369+05:30,2026-08-13 10:18:23.117308+05:30,https://dhanarthi-stockguru.s3.amazonaws.com/company_logos_webp/KARURVYSYA.webp,t,3.06 x
1cd5953d-436a-464e-ab72-d710010acd60,14223,TIIL,Technocraft Industries (India) Limited,NSE,INE545H01011,NSE_EQ,5865.37,t,2026-08-11 11:53:08.666851+05:30,2026-08-13 10:18:23.117308+05:30,https://dhanarthi-stockguru.s3.amazonaws.com/company_logos_webp/TIIL.webp,t,2.92 x
cb6bdbbd-1f62-4d33-9017-667c4cec25dd,11944,MCLEODRUSS,Mcleod Russel India Limited,NSE,"",NSE_EQ,472.31,t,2026-08-11 11:53:07.632766+05:30,2026-08-11 11:53:07.632766+05:30,,f,
1cdba2bc-71b9-498b-9b5d-0a719becc172,25664,FORGEAUTO,FORGEAUTO,NSE,INE0YKW01013,NSE_EQ,143.46,t,2026-08-11 11:53:09.367101+05:30,2026-08-13 10:18:23.117308+05:30,https://dhanarthi-stockguru.s3.amazonaws.com/company_logos_webp/FORGEAUTO.webp,f,
1d1b9ca2-8d65-4f8c-a3c7-ec6376035324,21067,SUPREMEPWR,SUPREMEPWR,NSE,INE0QHG01026,NSE_EQ,520.26,t,2026-08-11 11:53:09.233275+05:30,2026-08-13 10:18:23.117308+05:30,https://dhanarthi-stockguru.s3.amazonaws.com/company_logos_webp/SUPREMEPWR.webp,f,
1d2df57b-718a-4d39-888b-eb9c5d9c05e2,8050,MAHLIFE,Mahindra Lifespace Developers Limited,NSE,INE813A01018,NSE_EQ,8034.09,t,2026-08-11 11:53:08.816457+05:30,2026-08-13 10:18:23.117308+05:30,https://dhanarthi-stockguru.s3.amazonaws.com/company_logos_webp/MAHLIFE.webp,t,3.27 x
1d46d5f3-91d2-4fa8-94ff-a1828693bcdb,25340,VASWANI,Vaswani Industries Limited,NSE,INE590L01019,NSE_EQ,177.14,t,2026-08-11 11:53:08.851822+05:30,2026-08-13 10:18:23.117308+05:30,https://dhanarthi-stockguru.s3.amazonaws.com/company_logos_webp/VASWANI.webp,f,
1d60c515-ed00-4e35-889c-f2c9e343505d,22527,DELAPLEX,DELAPLEX,NSE,INE0SK801018,NSE_EQ,130.45,t,2026-08-11 11:53:08.115776+05:30,2026-08-13 10:18:23.117308+05:30,https://dhanarthi-stockguru.s3.amazonaws.com/company_logos_webp/DELAPLEX.webp,f,
1da77154-b93c-4fcf-ad50-d6ad9250e252,16986,COUNCODOS,Country Condo's Limited,NSE,INE695B01025,NSE_EQ,51.26,t,2026-08-11 11:53:08.234674+05:30,2026-08-13 10:18:23.117308+05:30,https://dhanarthi-stockguru.s3.amazonaws.com/company_logos_webp/COUNCODOS.webp,f,
1db367ce-1236-4a40-95e8-5a0021d16778,12173,HNDFDS,Hindustan Foods Limited,NSE,INE254N01026,NSE_EQ,6361.67,t,2026-08-11 11:53:08.408933+05:30,2026-08-13 10:18:23.117308+05:30,https://dhanarthi-stockguru.s3.amazonaws.com/company_logos_webp/HNDFDS.webp,t,3.47 x
1dca95c3-eb1e-4604-8857-e63249572c12,13662,GEECEE,GeeCee Ventures Limited,NSE,INE916G01016,NSE_EQ,751.92,t,2026-08-11 11:53:07.522076+05:30,2026-08-13 10:18:23.117308+05:30,,f,
1dfbe3b2-3b38-4a64-baba-e3093d310ad6,9810,AETHER,Aether Industries Limited,NSE,INE0BWX01014,NSE_EQ,10423.01,t,2026-08-11 11:53:08.883235+05:30,2026-08-13 10:18:23.117308+05:30,https://dhanarthi-stockguru.s3.amazonaws.com/company_logos_webp/AETHER.webp,t,3.03 x
1e0c5b75-da40-43df-bee0-39c1151ca87b,25162,EUREKAFORB,Eureka Forbes Limited,NSE,INE0KCE01017,NSE_EQ,11220.36,t,2026-08-11 11:53:08.950386+05:30,2026-08-13 10:18:23.117308+05:30,https://dhanarthi-stockguru.s3.amazonaws.com/company_logos_webp/EUREKAFORB.webp,t,3.22 x
1e1fa3f5-7eff-4782-b81b-b1e84ad408c5,8727,SHAILY,Shaily Engineering Plastics Limited,NSE,INE151G01028,NSE_EQ,9987.55,t,2026-08-11 11:53:07.888357+05:30,2026-08-13 10:18:23.117308+05:30,https://dhanarthi-stockguru.s3.amazonaws.com/company_logos_webp/SHAILY.webp,t,2.55 x
1e3231bb-a128-4137-bd20-b66e66c13cc8,22645,ITALIANE,ITALIANE,NSE,INE0R7R01018,NSE_EQ,49.79,t,2026-08-11 11:53:09.501618+05:30,2026-08-13 10:18:23.117308+05:30,https://dhanarthi-stockguru.s3.amazonaws.com/company_logos_webp/ITALIANE.webp,f,
1e499453-dd0f-4575-9c4a-d80c53830012,847,SMVD,SMVD,NSE,INE702Y01013,NSE_EQ,7.99,t,2026-08-11 11:53:09.574228+05:30,2026-08-13 10:18:23.117308+05:30,https://dhanarthi-stockguru.s3.amazonaws.com/company_logos_webp/SMVD.webp,f,
1e5e3e85-ccf7-471b-b9ce-3f1f512eaee1,1720,JAYSREETEA,Jayshree Tea & Industries Limited,NSE,INE364A01020,NSE_EQ,285.09,t,2026-08-11 11:53:08.509009+05:30,2026-08-13 10:18:23.117308+05:30,https://dhanarthi-stockguru.s3.amazonaws.com/company_logos_webp/JAYSREETEA.webp,t,1.67 x
0eb0e967-90f2-47cd-a5bf-8c4967fb954c,13511,MUNJALAU,Munjal Auto Industries Limited,NSE,INE672B01032,NSE_EQ,855.07,t,2026-08-11 11:53:07.686802+05:30,2026-08-13 10:18:23.070417+05:30,,t,2 x
1e7546af-fb23-4a3e-8f0e-6fa13e691f6f,25412,ENVIRO,ENVIRO,NSE,INE0SUH01015,NSE_EQ,266.93,t,2026-08-11 11:53:09.266611+05:30,2026-08-13 10:18:23.117308+05:30,https://dhanarthi-stockguru.s3.amazonaws.com/company_logos_webp/ENVIRO.webp,f,
1e931ac2-f192-4934-ab80-a4914633d2b5,16045,PRINCEPIPE,Prince Pipes And Fittings Limited,NSE,INE689W01016,NSE_EQ,3485.4,t,2026-08-11 11:53:07.899672+05:30,2026-08-13 10:18:23.117308+05:30,https://dhanarthi-stockguru.s3.amazonaws.com/company_logos_webp/PRINCEPIPE.webp,t,2.5 x
1eae7878-bf3b-43af-ab1c-733f8201d3bd,758675,EFCIL,EFC (I) Limited,NSE,INE886D01026,NSE_EQ,2993.95,t,2026-08-11 11:53:07.468569+05:30,2026-08-13 10:18:23.117308+05:30,,t,2.5 x
1ebc2ae9-5c17-42eb-acb0-93fa05f9eebe,14154,UNOMINDA,UNO Minda Limited,NSE,INE405E01023,NSE_EQ,70413.15,t,2026-08-11 11:53:08.833281+05:30,2026-08-13 10:18:23.117308+05:30,https://dhanarthi-stockguru.s3.amazonaws.com/company_logos_webp/UNOMINDA.webp,t,4 x
1eef353e-3b8b-4b2d-9e23-8a7d639842ce,17627,YCCL,YCCL,NSE,INE08S201019,NSE_EQ,23.92,t,2026-08-11 11:53:09.550065+05:30,2026-08-13 10:18:23.117308+05:30,https://dhanarthi-stockguru.s3.amazonaws.com/company_logos_webp/YCCL.webp,f,
1efa06db-69f3-482e-b7d8-4ab6425ae714,23736,SILKFLEX,SILKFLEX,NSE,INE0STN01015,NSE_EQ,102.26,t,2026-08-11 11:53:09.421327+05:30,2026-08-13 10:18:23.117308+05:30,https://dhanarthi-stockguru.s3.amazonaws.com/company_logos_webp/SILKFLEX.webp,f,
1f2c9d09-a61c-47d0-95cd-24176d7daf64,3324,SUBROS,Subros Limited,NSE,INE287B01021,NSE_EQ,6126.41,t,2026-08-11 11:53:08.440281+05:30,2026-08-13 10:18:23.117308+05:30,https://dhanarthi-stockguru.s3.amazonaws.com/company_logos_webp/SUBROS.webp,t,2.78 x
df6d6e24-be56-493a-889e-55bca3eb8630,25876,MORARJEE,Morarjee Textiles Limited,NSE,"",NSE_EQ,30.27,t,2026-08-11 11:53:07.67541+05:30,2026-08-11 11:53:07.67541+05:30,,f,
1f5e4d83-180e-4b37-b212-9a58b0fd3456,11233,SUVEN,Suven Life Sciences Limited,NSE,INE495B01038,NSE_EQ,4779.95,t,2026-08-11 11:53:08.516446+05:30,2026-08-13 10:18:23.117308+05:30,https://dhanarthi-stockguru.s3.amazonaws.com/company_logos_webp/SUVEN.webp,t,1 x
1f6538f6-4f10-4409-8edd-a632daccfe86,11779,ACEINTEG,Ace Integrated Solutions Limited,NSE,INE543V01017,NSE_EQ,24.57,t,2026-08-11 11:53:08.06671+05:30,2026-08-13 10:18:23.117308+05:30,https://dhanarthi-stockguru.s3.amazonaws.com/company_logos_webp/ACEINTEG.webp,f,
1f7260a3-db0f-42f5-877a-3525db03ed60,11399,SALZERELEC,Salzer Electronics Limited,NSE,INE457F01013,NSE_EQ,1411.7,t,2026-08-11 11:53:09.100075+05:30,2026-08-13 10:18:23.117308+05:30,https://dhanarthi-stockguru.s3.amazonaws.com/company_logos_webp/SALZERELEC.webp,t,2.62 x
1f7debe0-4487-4f58-8607-6233569aea87,24409,DHANUKA,Dhanuka Agritech Limited,NSE,INE435G01025,NSE_EQ,6648.68,t,2026-08-11 11:53:07.435203+05:30,2026-08-13 10:18:23.117308+05:30,https://dhanarthi-stockguru.s3.amazonaws.com/company_logos_webp/DHANUKA.webp,t,3.19 x
1fbc70be-4f6b-4966-971e-12060fe5f396,1394,HINDUNILVR,Hindustan Unilever Limited,NSE,INE030A01027,NSE_EQ,582518.12,t,2026-08-11 11:53:07.58278+05:30,2026-08-13 10:18:23.117308+05:30,https://dhanarthi-stockguru.s3.amazonaws.com/company_logos_webp/HINDUNILVR.webp,t,4.55 x
1fc6f279-6d63-4695-a870-8edc817d9068,9422,SILVERTUC,Silver Touch Technologies Limited,NSE,INE625X01026,NSE_EQ,961.51,t,2026-08-11 11:53:08.133117+05:30,2026-08-13 10:18:23.117308+05:30,https://dhanarthi-stockguru.s3.amazonaws.com/company_logos_webp/SILVERTUC.webp,t,2 x
1fd9e8ec-736c-4a01-a49e-e61dc6d0813a,25248,AUSL,AUSL,NSE,INE01YQ01013,NSE_EQ,84.78,t,2026-08-11 11:53:09.450055+05:30,2026-08-13 10:18:23.117308+05:30,https://dhanarthi-stockguru.s3.amazonaws.com/company_logos_webp/AUSL.webp,f,
2005e46b-0b80-4735-8e29-de4d5d41bc19,15146,JYOTHYLAB,Jyothy Labs Limited,NSE,INE668F01031,NSE_EQ,11719.65,t,2026-08-11 11:53:08.996627+05:30,2026-08-13 10:18:23.117308+05:30,https://dhanarthi-stockguru.s3.amazonaws.com/company_logos_webp/JYOTHYLAB.webp,t,3.34 x
200bae13-755a-494a-80cd-9881ff4a132d,14547,NDLVENTURE,NDL Ventures Limited,NSE,INE353A01023,NSE_EQ,281.53,t,2026-08-11 11:53:07.718134+05:30,2026-08-13 10:18:23.117308+05:30,https://dhanarthi-stockguru.s3.amazonaws.com/company_logos_webp/NDLVENTURE.webp,f,
20380ded-f56f-48ec-a60d-d9eec41001e0,13771,VGL,VARVEE GLOBAL LIMITED,NSE,INE273D01027,NSE_EQ,387.9,t,2026-08-11 11:53:07.282898+05:30,2026-08-13 10:18:23.117308+05:30,,f,
20a3e6fa-9e27-4d77-bbc3-3c40ce674d64,13359,KFINTECH,Kfin Technologies Limited,NSE,INE138Y01010,NSE_EQ,19256.95,t,2026-08-11 11:53:08.616446+05:30,2026-08-13 10:18:23.117308+05:30,https://dhanarthi-stockguru.s3.amazonaws.com/company_logos_webp/KFINTECH.webp,t,3.78 x
20c380ac-f972-4fff-a45e-0d464b74269e,14440,NAHARSPING,Nahar Spinning Mills Limited,NSE,INE290A01027,NSE_EQ,786.35,t,2026-08-11 11:53:07.699563+05:30,2026-08-13 10:18:23.117308+05:30,https://dhanarthi-stockguru.s3.amazonaws.com/company_logos_webp/NAHARSPING.webp,f,
20d01c62-6e41-47a9-b4d1-c1444e4d6b10,19161,NEWJAISA,NEWJAISA,NSE,INE0PW501021,NSE_EQ,125.07,t,2026-08-11 11:53:09.383428+05:30,2026-08-13 10:18:23.117308+05:30,https://dhanarthi-stockguru.s3.amazonaws.com/company_logos_webp/NEWJAISA.webp,f,
2110f4fd-a34a-4364-9511-a1d080d66127,8075,DALBHARAT,Dalmia Bharat Limited,NSE,INE00R701025,NSE_EQ,41110.64,t,2026-08-11 11:53:07.429728+05:30,2026-08-13 10:18:23.117308+05:30,https://dhanarthi-stockguru.s3.amazonaws.com/company_logos_webp/DALBHARAT.webp,t,4.44 x
2111290a-d3aa-4d14-8d4f-a8170c13e83a,757515,DIGITIDE,Digitide Solutions Limited,NSE,INE0U4701011,NSE_EQ,2689.86,t,2026-08-11 11:53:07.449913+05:30,2026-08-13 10:18:23.117308+05:30,,t,2.5 x
21261b58-5b50-459e-b47d-5133cdb49677,7965,MALLCOM,Mallcom (India) Limited,NSE,INE389C01015,NSE_EQ,799.92,t,2026-08-11 11:53:08.822466+05:30,2026-08-13 10:18:23.117308+05:30,https://dhanarthi-stockguru.s3.amazonaws.com/company_logos_webp/MALLCOM.webp,f,
213db43f-f008-400c-b499-3c04ce21392c,1076,ZENSARTECH,Zensar Technologies Limited,NSE,INE520A01027,NSE_EQ,17686.83,t,2026-08-11 11:53:09.199515+05:30,2026-08-13 10:18:23.132931+05:30,https://dhanarthi-stockguru.s3.amazonaws.com/company_logos_webp/ZENSARTECH.webp,t,2.89 x
21576c49-0013-44a7-a0cc-8ab8e317e3cf,756871,ENRIN,Siemens Energy India Limited,NSE,INE1NPP01017,NSE_EQ,112966.29,t,2026-08-11 11:53:07.486795+05:30,2026-08-13 10:18:23.132931+05:30,,t,3.24 x
21587b08-4263-4cb9-9797-186914efaad8,14966,CSBBANK,CSB Bank Limited,NSE,INE679A01013,NSE_EQ,6966.31,t,2026-08-11 11:53:08.933682+05:30,2026-08-13 10:18:23.132931+05:30,https://dhanarthi-stockguru.s3.amazonaws.com/company_logos_webp/CSBBANK.webp,t,2.86 x
217b2025-2299-405d-a909-6ead56b23729,14101,PTL,PTL Enterprises Limited,NSE,INE034D01049,NSE_EQ,532.91,t,2026-08-11 11:53:09.041508+05:30,2026-08-13 10:18:23.132931+05:30,https://dhanarthi-stockguru.s3.amazonaws.com/company_logos_webp/PTL.webp,f,
21853d5d-4faa-4abd-8a8c-951288c20475,25323,INNOMET,INNOMET,NSE,INE0S1D01010,NSE_EQ,188.15,t,2026-08-11 11:53:09.316798+05:30,2026-08-13 10:18:23.132931+05:30,https://dhanarthi-stockguru.s3.amazonaws.com/company_logos_webp/INNOMET.webp,f,
0331ac1c-3a88-4a4c-8240-9c9682fea518,17963,NESTLEIND,Nestle India Limited,NSE,INE239A01024,NSE_EQ,233662.03,t,2026-08-11 11:53:07.733094+05:30,2026-08-13 10:18:23.023985+05:30,,t,4.55 x
0efd8043-3ef4-4ea5-bfdd-5d20c2010c51,760407,ICICIAMC,ICICI Prudential Asset Management Company Limited,NSE,INE346A01027,NSE_EQ,129972.07,t,2026-08-11 11:53:07.733094+05:30,2026-08-13 10:18:23.070417+05:30,,t,3.66 x
21891677-33fb-4a16-9f1b-574298c08773,3694,VINDHYATEL,Vindhya Telelinks Limited,NSE,INE707A01012,NSE_EQ,1780.02,t,2026-08-11 11:53:09.145235+05:30,2026-08-13 10:18:23.132931+05:30,https://dhanarthi-stockguru.s3.amazonaws.com/company_logos_webp/VINDHYATEL.webp,t,1 x
219fdf87-c0c3-42ba-a4b3-01018a74b7f6,31111,DBSTOCKBRO,DB (International) Stock Brokers Limited,NSE,INE921B01025,NSE_EQ,91.98,t,2026-08-11 11:53:08.249896+05:30,2026-08-13 10:18:23.132931+05:30,https://dhanarthi-stockguru.s3.amazonaws.com/company_logos_webp/DBSTOCKBRO.webp,f,
21e1c1f7-42ea-43f9-b121-fa96d70056d8,21174,CDSL,Central Depository Services (India) Limited,NSE,INE736A01011,NSE_EQ,32985.81,t,2026-08-11 11:53:07.399737+05:30,2026-08-13 10:18:23.132931+05:30,https://dhanarthi-stockguru.s3.amazonaws.com/company_logos_webp/CDSL.webp,t,4 x
21eae75b-fe28-4bb2-9176-88127af4dd2e,756782,KRISHIVAL,Krishival Foods Limited,NSE,INE0GGO01015,NSE_EQ,977.58,t,2026-08-11 11:53:08.683952+05:30,2026-08-13 10:18:23.132931+05:30,https://dhanarthi-stockguru.s3.amazonaws.com/company_logos_webp/KRISHIVAL.webp,f,
21ee375b-39f8-4e74-ac87-c91c17c959c2,1250,CASTROLIND,Castrol India Limited,NSE,INE172A01027,NSE_EQ,19987.94,t,2026-08-11 11:53:07.393178+05:30,2026-08-13 10:18:23.132931+05:30,https://dhanarthi-stockguru.s3.amazonaws.com/company_logos_webp/CASTROLIND.webp,t,3.77 x
225aca0b-fe99-4632-8b16-bb261a01b0db,11932,FUSION,Fusion Finance Limited,NSE,INE139R01012,NSE_EQ,1762.59,t,2026-08-11 11:53:08.326737+05:30,2026-08-13 10:18:23.132931+05:30,https://dhanarthi-stockguru.s3.amazonaws.com/company_logos_webp/FUSION.webp,t,2.5 x
228713be-7299-450b-bf8b-969eaabae5f1,19020,JSWINFRA,JSW Infrastructure Limited,NSE,INE880J01026,NSE_EQ,62722.96,t,2026-08-11 11:53:08.555275+05:30,2026-08-13 10:18:23.132931+05:30,https://dhanarthi-stockguru.s3.amazonaws.com/company_logos_webp/JSWINFRA.webp,t,3.19 x
229655fe-c797-4ddb-bd7e-5785ac09e882,13278,INDOTECH,Indo Tech Transformers Limited,NSE,INE332H01014,NSE_EQ,1848.08,t,2026-08-11 11:53:08.433272+05:30,2026-08-13 10:18:23.132931+05:30,https://dhanarthi-stockguru.s3.amazonaws.com/company_logos_webp/INDOTECH.webp,f,
22e123a2-13c2-4289-9a91-b8911fe3b380,11966,BIKAJI,Bikaji Foods International Limited,NSE,INE00E101023,NSE_EQ,18639.89,t,2026-08-11 11:53:08.916528+05:30,2026-08-13 10:18:23.132931+05:30,https://dhanarthi-stockguru.s3.amazonaws.com/company_logos_webp/BIKAJI.webp,t,3.53 x
22e28722-f2a2-47ca-acf7-b869e58f646e,5516,JAIPURKURT,Nandani Creation Limited,NSE,INE696V01013,NSE_EQ,68.56,t,2026-08-11 11:53:08.509009+05:30,2026-08-13 10:18:23.132931+05:30,https://dhanarthi-stockguru.s3.amazonaws.com/company_logos_webp/JAIPURKURT.webp,f,
22f4c36d-1413-4496-ac14-2d4c66e20f5d,29050,ZUARI,Zuari Agro Chemicals Limited,NSE,INE840M01016,NSE_EQ,1186.51,t,2026-08-11 11:53:08.173906+05:30,2026-08-13 10:18:23.132931+05:30,https://dhanarthi-stockguru.s3.amazonaws.com/company_logos_webp/ZUARI.webp,t,2 x
2303accc-db26-4ef5-8de7-7836b37d6937,17029,PATANJALI,Patanjali Foods Limited,NSE,INE619A01035,NSE_EQ,63679.35,t,2026-08-11 11:53:07.832918+05:30,2026-08-13 10:18:23.132931+05:30,https://dhanarthi-stockguru.s3.amazonaws.com/company_logos_webp/PATANJALI.webp,t,4.35 x
233c8fa0-78ee-449c-a7cc-cf162175da61,18581,KIRLOSBROS,Kirloskar Brothers Limited,NSE,INE732A01036,NSE_EQ,15093.49,t,2026-08-11 11:53:07.76627+05:30,2026-08-13 10:18:23.132931+05:30,https://dhanarthi-stockguru.s3.amazonaws.com/company_logos_webp/KIRLOSBROS.webp,t,2.8 x
234be1ff-6755-458d-b274-4693179304a6,277,GICRE,General Insurance Corporation of India,NSE,INE481Y01014,NSE_EQ,66432.65,t,2026-08-11 11:53:07.533088+05:30,2026-08-13 10:18:23.132931+05:30,https://dhanarthi-stockguru.s3.amazonaws.com/company_logos_webp/GICRE.webp,t,3.33 x
2358e000-bf84-460e-84e9-60e2b7ebe86c,1491,IFCI,IFCI Limited,NSE,INE039A01010,NSE_EQ,14853.16,t,2026-08-11 11:53:08.966518+05:30,2026-08-13 10:18:23.132931+05:30,https://dhanarthi-stockguru.s3.amazonaws.com/company_logos_webp/IFCI.webp,t,2.45 x
236ce5b9-da70-4594-b01b-51b5f12c5f18,19597,IRMENERGY,IRM Energy Limited,NSE,INE07U701015,NSE_EQ,1243.31,t,2026-08-11 11:53:08.483046+05:30,2026-08-13 10:18:23.132931+05:30,https://dhanarthi-stockguru.s3.amazonaws.com/company_logos_webp/IRMENERGY.webp,t,1 x
236ef803-1397-4fa6-bff6-1ba229dbf4df,22788,ATMASTCO,ATMASTCO,NSE,INE05DH01017,NSE_EQ,505.07,t,2026-08-11 11:53:09.233275+05:30,2026-08-13 10:18:23.132931+05:30,https://dhanarthi-stockguru.s3.amazonaws.com/company_logos_webp/ATMASTCO.webp,f,
238e3c97-2cf1-4db6-99c8-28ea3e71989f,8310,PRITI,Priti International Limited,NSE,INE974Z01015,NSE_EQ,98.49,t,2026-08-11 11:53:07.899672+05:30,2026-08-13 10:18:23.132931+05:30,https://dhanarthi-stockguru.s3.amazonaws.com/company_logos_webp/PRITI.webp,f,
e00fbce8-f167-4869-a1cf-0957553b5729,30554,NEUEON,Neueon Corporation Limited,NSE,"",NSE_EQ,36.84,t,2026-08-11 11:53:07.733094+05:30,2026-08-11 11:53:07.733094+05:30,,f,
23d645ee-d306-4728-ba86-dcf8295fef66,595,CARBORUNIV,Carborundum Universal Limited,NSE,INE120A01034,NSE_EQ,17434.39,t,2026-08-11 11:53:07.393178+05:30,2026-08-13 10:18:23.132931+05:30,https://dhanarthi-stockguru.s3.amazonaws.com/company_logos_webp/CARBORUNIV.webp,t,3.22 x
23f8db97-a136-4f69-9725-4f9320c7212f,10578,MPSLTD,MPS Limited,NSE,INE943D01017,NSE_EQ,3864.26,t,2026-08-11 11:53:07.686802+05:30,2026-08-13 10:18:23.132931+05:30,https://dhanarthi-stockguru.s3.amazonaws.com/company_logos_webp/MPSLTD.webp,t,2.65 x
241a3247-0a2c-4686-9b1d-70e4349113d8,3275,TEMBO,Tembo Global Industries Limited,NSE,INE869Y01010,NSE_EQ,907.53,t,2026-08-11 11:53:08.599841+05:30,2026-08-13 10:18:23.132931+05:30,https://dhanarthi-stockguru.s3.amazonaws.com/company_logos_webp/TEMBO.webp,f,
2429309b-361c-4b15-b457-8d61f1a4f619,4204,MOTHERSON,Samvardhana Motherson International Limited,NSE,INE775A01035,NSE_EQ,111482.98,t,2026-08-11 11:53:07.67541+05:30,2026-08-13 10:18:23.132931+05:30,,t,4.07 x
24302ab9-9991-430c-90ff-fbfa70f81e1d,4847,KIMS,Krishna Institute of Medical Sciences Limited,NSE,INE967H01025,NSE_EQ,28472.97,t,2026-08-11 11:53:08.635351+05:30,2026-08-13 10:18:23.132931+05:30,https://dhanarthi-stockguru.s3.amazonaws.com/company_logos_webp/KIMS.webp,t,3.3 x
2456e28c-52ae-4c72-9e29-c9c124bb8c20,12009,IMPAL,India Motor Parts and Accessories Limited,NSE,INE547E01014,NSE_EQ,1323.8,t,2026-08-11 11:53:07.599427+05:30,2026-08-13 10:18:23.132931+05:30,https://dhanarthi-stockguru.s3.amazonaws.com/company_logos_webp/IMPAL.webp,t,2 x
2474cec2-7c7d-446c-8de9-9f5696c54793,16589,VAISHALI,Vaishali Pharma Limited,NSE,INE972X01022,NSE_EQ,117.27,t,2026-08-11 11:53:08.851822+05:30,2026-08-13 10:18:23.132931+05:30,https://dhanarthi-stockguru.s3.amazonaws.com/company_logos_webp/VAISHALI.webp,f,
00ba8fba-4682-49f4-bad4-7a420fd2595d,5114,SGIL,Synergy Green Industries Limited,NSE,INE00QT01015,NSE_EQ,839.44,t,2026-08-11 11:53:07.76627+05:30,2026-08-13 10:18:23.008337+05:30,,t,2 x
0a93ad7c-655a-4977-b741-a948247bc402,25920,OCCLLTD,OCCL Limited,NSE,INE0PK601023,NSE_EQ,615.49,t,2026-08-11 11:53:07.76627+05:30,2026-08-13 10:18:23.054106+05:30,,f,
24767662-6c71-46d9-a9bf-e16cdb179f5d,29733,NIBL,NRB Industrial Bearings Limited,NSE,INE047O01014,NSE_EQ,68.71,t,2026-08-11 11:53:07.743226+05:30,2026-08-13 10:18:23.132931+05:30,https://dhanarthi-stockguru.s3.amazonaws.com/company_logos_webp/NIBL.webp,f,
2491933b-c495-45c0-a9c5-e35adf657513,2397,SANDHAR,Sandhar Technologies Limited,NSE,INE278H01035,NSE_EQ,3029.56,t,2026-08-11 11:53:09.100075+05:30,2026-08-13 10:18:23.132931+05:30,https://dhanarthi-stockguru.s3.amazonaws.com/company_logos_webp/SANDHAR.webp,t,2.5 x
24f2331e-6f89-46b6-9705-f2997f3c0be9,17438,OIL,Oil India Limited,NSE,INE274J01014,NSE_EQ,68182.36,t,2026-08-11 11:53:07.76627+05:30,2026-08-13 10:18:23.132931+05:30,https://dhanarthi-stockguru.s3.amazonaws.com/company_logos_webp/OIL.webp,t,4.05 x
24f9b0f1-ff27-4b7e-a012-ab4a6eb17ebd,11852,SURYALAXMI,Suryalakshmi Cotton Mills Limited,NSE,INE713B01026,NSE_EQ,121.37,t,2026-08-11 11:53:08.499691+05:30,2026-08-13 10:18:23.132931+05:30,https://dhanarthi-stockguru.s3.amazonaws.com/company_logos_webp/SURYALAXMI.webp,f,
2519d300-8dfe-4b7a-bf9b-f29871af719f,2241,MODTHREAD,Modern Threads (India) Limited,NSE,INE794W01014,NSE_EQ,165.97,t,2026-08-11 11:53:07.672198+05:30,2026-08-13 10:18:23.132931+05:30,https://dhanarthi-stockguru.s3.amazonaws.com/company_logos_webp/MODTHREAD.webp,f,
25370ee0-06f6-41b3-9768-c3131ff1b5a9,13421,EMKAY,Emkay Global Financial Services Limited,NSE,INE296H01011,NSE_EQ,692.91,t,2026-08-11 11:53:07.482786+05:30,2026-08-13 10:18:23.132931+05:30,https://dhanarthi-stockguru.s3.amazonaws.com/company_logos_webp/EMKAY.webp,f,
25378224-6b95-4fe7-b429-2ed23551add1,11612,PHANTOMFX,PHANTOMFX,NSE,INE0MLZ01019,NSE_EQ,404.72,t,2026-08-11 11:53:09.249972+05:30,2026-08-13 10:18:23.132931+05:30,https://dhanarthi-stockguru.s3.amazonaws.com/company_logos_webp/PHANTOMFX.webp,f,
2541f26b-6da5-45e9-94b8-2d81f0108b3e,3138,HONDAPOWER,Honda India Power Products Limited,NSE,INE634A01018,NSE_EQ,2747.68,t,2026-08-11 11:53:08.408933+05:30,2026-08-13 10:18:23.132931+05:30,https://dhanarthi-stockguru.s3.amazonaws.com/company_logos_webp/HONDAPOWER.webp,t,2.5 x
2547b103-ee92-44db-ab96-34f8866e863f,19804,WELINV,Welspun Investments and Commercials Limited,NSE,INE389K01018,NSE_EQ,416.36,t,2026-08-11 11:53:09.166605+05:30,2026-08-13 10:18:23.132931+05:30,https://dhanarthi-stockguru.s3.amazonaws.com/company_logos_webp/WELINV.webp,f,
2553cb42-5c97-4302-b4ab-ed88739741f1,10922,OMAXAUTO,Omax Autos Limited,NSE,INE090B01011,NSE_EQ,255.22,t,2026-08-11 11:53:07.76627+05:30,2026-08-13 10:18:23.132931+05:30,https://dhanarthi-stockguru.s3.amazonaws.com/company_logos_webp/OMAXAUTO.webp,f,
2558799f-6f3a-4d86-851d-1a165cd8d199,7227,MAPMYINDIA,C.E. Info Systems Limited,NSE,INE0BV301023,NSE_EQ,9432.35,t,2026-08-11 11:53:08.999929+05:30,2026-08-13 10:18:23.132931+05:30,https://dhanarthi-stockguru.s3.amazonaws.com/company_logos_webp/MAPMYINDIA.webp,t,2.79 x
255b9fae-c3ed-4397-9a20-a63f2e65f835,28899,KITEX,Kitex Garments Limited,NSE,INE602G01020,NSE_EQ,4183.01,t,2026-08-11 11:53:07.799711+05:30,2026-08-13 10:18:23.132931+05:30,https://dhanarthi-stockguru.s3.amazonaws.com/company_logos_webp/KITEX.webp,t,2.46 x
25a9668a-dd1e-4710-a173-cea47018fa3e,23826,HOACFOODS,HOACFOODS,NSE,INE0S6S01017,NSE_EQ,113.7,t,2026-08-11 11:53:09.402111+05:30,2026-08-13 10:18:23.132931+05:30,https://dhanarthi-stockguru.s3.amazonaws.com/company_logos_webp/HOACFOODS.webp,f,
25ae0d74-ade9-413f-b776-5262b3543bb0,9617,SPLPETRO,Supreme Petrochem Limited,NSE,INE663A01033,NSE_EQ,14137.6,t,2026-08-11 11:53:08.316303+05:30,2026-08-13 10:18:23.132931+05:30,https://dhanarthi-stockguru.s3.amazonaws.com/company_logos_webp/SPLPETRO.webp,t,3 x
8b457f74-14b9-491c-89b9-09dc133e57bd,759412,OMFREIGHT,Om Freight Forwarders Limited,NSE,"",NSE_EQ,310,t,2026-08-11 11:53:07.76627+05:30,2026-08-11 11:53:07.76627+05:30,,f,
6f6f2bd1-84cf-4d3d-85b0-6ec964452f5e,"",NIFTY500HEALTHCARE,NIFTY 500 HEALTHCARE INDEX,NSE,"",NSE_EQ,,t,2026-08-11 11:53:07.782812+05:30,2026-08-11 11:53:07.782812+05:30,,f,
49c5397d-9ff9-489c-8adb-102c77c2dd47,"",NIFTYAUTO,NIFTY AUTO INDEX,NSE,"",NSE_EQ,,t,2026-08-11 11:53:07.782812+05:30,2026-08-11 11:53:07.782812+05:30,,f,
ecb2971e-c6e6-423e-bff1-bd8619bb3817,"",BANKNIFTY,NIFTY BANK INDEX,NSE,"",NSE_EQ,,t,2026-08-11 11:53:07.782812+05:30,2026-08-11 11:53:07.782812+05:30,,f,
c20fc3cf-186b-4ac0-a150-8a84ebb96158,"",NIFTYCAPITALGOODS,NIFTY CAPITAL GOODS INDEX,NSE,"",NSE_EQ,,t,2026-08-11 11:53:07.782812+05:30,2026-08-11 11:53:07.782812+05:30,,f,
21f8d2e3-f910-4f31-961d-390ea3c826f5,"",NIFTYCEMENT,NIFTY CEMENT INDEX,NSE,"",NSE_EQ,,t,2026-08-11 11:53:07.782812+05:30,2026-08-11 11:53:07.782812+05:30,,f,
9d0586c5-faee-432f-a5b9-65a7f11e31ee,"",NIFTYCHEMICALS,NIFTY CHEMICALS INDEX,NSE,"",NSE_EQ,,t,2026-08-11 11:53:07.787914+05:30,2026-08-11 11:53:07.787914+05:30,,f,
2579f698-0a19-4c63-a651-3e5522365730,"",NIFTYCOMMERCIALTRANSPORTSERVICES,NIFTY COMMERCIAL TRANSPORT SERVICES INDEX,NSE,"",NSE_EQ,,t,2026-08-11 11:53:07.788435+05:30,2026-08-11 11:53:07.788435+05:30,,f,
7dcb1c09-8829-48a6-8b0e-cca6a2ae27d7,"",NIFTYCONSTRUCTION,NIFTY CONSTRUCTION INDEX,NSE,"",NSE_EQ,,t,2026-08-11 11:53:07.788435+05:30,2026-08-11 11:53:07.788435+05:30,,f,
63230e3b-3583-4ce7-982d-470f44789be0,"",NIFTYCONSUMERDURABLES,NIFTY CONSUMER DURABLES INDEX,NSE,"",NSE_EQ,,t,2026-08-11 11:53:07.788435+05:30,2026-08-11 11:53:07.788435+05:30,,f,
25612979-73f0-483d-91a4-e704e92fc728,"",NIFTYCONSUMERSERVICES,NIFTY CONSUMER SERVICES INDEX,NSE,"",NSE_EQ,,t,2026-08-11 11:53:07.788435+05:30,2026-08-11 11:53:07.788435+05:30,,f,
579322c5-2398-4ada-9e07-eeb2c9f8940e,"",FINNIFTY,NIFTY FINANCE INDEX,NSE,"",NSE_EQ,,t,2026-08-11 11:53:07.788435+05:30,2026-08-11 11:53:07.788435+05:30,,f,
5a213609-4fd2-4bf3-92bc-03f75caf813c,"",NIFTYFINANCIALSERVICES25-50,NIFTY FINANCIAL SERVICES 25-50 INDEX,NSE,"",NSE_EQ,,t,2026-08-11 11:53:07.788435+05:30,2026-08-11 11:53:07.788435+05:30,,f,
8137e245-d578-4125-93c5-85b8dbd6f805,"",NIFTYFINANCIALSERVICESEXBANK,NIFTY FINANCIAL SERVICES EX-BANK INDEX,NSE,"",NSE_EQ,,t,2026-08-11 11:53:07.788435+05:30,2026-08-11 11:53:07.788435+05:30,,f,
2d0359b8-0037-4af5-a905-04bf232a3b8b,"",NIFTYFMCG,NIFTY FMCG INDEX,NSE,"",NSE_EQ,,t,2026-08-11 11:53:07.793443+05:30,2026-08-11 11:53:07.793443+05:30,,f,
feb0ff92-b0fb-4562-a810-71205124eb35,"",NIFTYHEALTHCARE,NIFTY HEALTHCARE INDEX,NSE,"",NSE_EQ,,t,2026-08-11 11:53:07.793443+05:30,2026-08-11 11:53:07.793443+05:30,,f,
8d4f4fed-cc99-47c2-88e9-9013a064e456,"",NIFTYHOSPITALS,NIFTY HOSPITALS INDEX,NSE,"",NSE_EQ,,t,2026-08-11 11:53:07.793443+05:30,2026-08-11 11:53:07.793443+05:30,,f,
532a8fc5-f368-41c5-bd96-92b5cbee77a9,"",NIFTYHOUSINGFINANCE,NIFTY HOUSING FINANCE INDEX,NSE,"",NSE_EQ,,t,2026-08-11 11:53:07.793443+05:30,2026-08-11 11:53:07.793443+05:30,,f,
8b604f15-eb0a-454a-8927-73d777aace18,"",NIFTYINSURANCE,NIFTY INSURANCE INDEX,NSE,"",NSE_EQ,,t,2026-08-11 11:53:07.793443+05:30,2026-08-11 11:53:07.793443+05:30,,f,
a310b3b5-2a98-46cd-a109-c76a27b56827,"",NIFTYIT,NIFTY IT INDEX,NSE,"",NSE_EQ,,t,2026-08-11 11:53:07.793443+05:30,2026-08-11 11:53:07.793443+05:30,,f,
3d75005a-f6ba-4bb7-b894-6d4c6705a358,"",NIFTYMIDSMALLFINANCAILSERVICE,NIFTY MIDSMALL FINANCIAL SERVICE INDEX,NSE,"",NSE_EQ,,t,2026-08-11 11:53:07.799711+05:30,2026-08-11 11:53:07.799711+05:30,,f,
caf77438-33ba-4cfa-8ebd-91aa81b4ed4f,"",NIFTYMIDSMALLHEALTHCARE,NIFTY MIDSMALL HEALTHCARE INDEX,NSE,"",NSE_EQ,,t,2026-08-11 11:53:07.799711+05:30,2026-08-11 11:53:07.799711+05:30,,f,
c59d4a92-f355-4e72-a1b0-a10ee17b2450,"",NIFTYMIDSMALLITANDTELECOM,NIFTY MIDSMALL IT AND TELECOM INDEX,NSE,"",NSE_EQ,,t,2026-08-11 11:53:07.799711+05:30,2026-08-11 11:53:07.799711+05:30,,f,
e574ddba-2c1e-4794-b714-4d95c908351d,"",NIFTYNBFC,NIFTY NBFC INDEX,NSE,"",NSE_EQ,,t,2026-08-11 11:53:07.799711+05:30,2026-08-11 11:53:07.799711+05:30,,f,
e6b27631-254f-4b2f-b254-3c50647832cf,"",NIFTYOILGAS,NIFTY OIL & GAS INDEX,NSE,"",NSE_EQ,,t,2026-08-11 11:53:07.799711+05:30,2026-08-11 11:53:07.799711+05:30,,f,
6c6ae56d-88a9-472a-9485-3145621b8fea,"",NIFTYPHARMA,NIFTY PHARMA INDEX,NSE,"",NSE_EQ,,t,2026-08-11 11:53:07.799711+05:30,2026-08-11 11:53:07.799711+05:30,,f,
56e82bcb-6c83-4eb1-ad77-6f5a873a78af,"",NIFTYPOWER,NIFTY POWER INDEX,NSE,"",NSE_EQ,,t,2026-08-11 11:53:07.799711+05:30,2026-08-11 11:53:07.799711+05:30,,f,
6e5a2d67-724b-4787-9f31-a0c28a80e4b8,"",NIFTYPSUBANK,NIFTY PSU BANK INDEX,NSE,"",NSE_EQ,,t,2026-08-11 11:53:07.799711+05:30,2026-08-11 11:53:07.799711+05:30,,f,
ad28cbe9-3db3-4023-bab8-38ea2bf7871f,"",NIFTYREALTY,NIFTY REALTY INDEX,NSE,"",NSE_EQ,,t,2026-08-11 11:53:07.799711+05:30,2026-08-11 11:53:07.799711+05:30,,f,
994bb94d-ee57-4ccf-b664-718f2a268001,"",NIFTYREITSREALTY,NIFTY REITS REALTY INDEX,NSE,"",NSE_EQ,,t,2026-08-11 11:53:07.799711+05:30,2026-08-11 11:53:07.799711+05:30,,f,
62d43e09-673f-4175-84fd-1a052c81cd1b,"",NIFTYRETAIL,NIFTY RETAIL INDEX,NSE,"",NSE_EQ,,t,2026-08-11 11:53:07.799711+05:30,2026-08-11 11:53:07.799711+05:30,,f,
3568b115-bf30-4a17-8e0b-cb180fc64382,"",NIFTYTELECOMMUNICATIONS,NIFTY TELECOMMUNICATIONS INDEX,NSE,"",NSE_EQ,,t,2026-08-11 11:53:07.799711+05:30,2026-08-11 11:53:07.799711+05:30,,f,
568ed3e8-fae3-4934-b112-0c1172cacd15,"",NIFTYPVTBANK,NIFTY PRIVATE BANK INDEX,NSE,"",NSE_EQ,,t,2026-08-11 11:53:07.799711+05:30,2026-08-11 11:53:07.799711+05:30,,f,
25ca6add-a2d7-4b1d-8927-eda1569b9592,759747,SHIVAUM,Shiv Aum Steels Limited,NSE,INE719F01016,NSE_EQ,404.99,t,2026-08-11 11:53:08.006368+05:30,2026-08-13 10:18:23.132931+05:30,https://dhanarthi-stockguru.s3.amazonaws.com/company_logos_webp/SHIVAUM.webp,f,
25d6d4a2-1a4c-44b3-9a52-a928ffade83f,10990,RADICO,Radico Khaitan Limited,NSE,INE944F01028,NSE_EQ,40108.03,t,2026-08-11 11:53:09.051565+05:30,2026-08-13 10:18:23.148557+05:30,https://dhanarthi-stockguru.s3.amazonaws.com/company_logos_webp/RADICO.webp,t,4 x
25f53b5c-050d-4983-bbbe-2b1848e97a13,17486,EXPLEOSOL,Expleo Solutions Limited,NSE,INE201K01015,NSE_EQ,1666.96,t,2026-08-11 11:53:07.486795+05:30,2026-08-13 10:18:23.148557+05:30,https://dhanarthi-stockguru.s3.amazonaws.com/company_logos_webp/EXPLEOSOL.webp,t,2.5 x
25fe5bb9-1b0d-4955-b3d6-bacf6937474b,2531,CONTI,CONTI,NSE,INE340Z01019,NSE_EQ,31.16,t,2026-08-11 11:53:09.533354+05:30,2026-08-13 10:18:23.148557+05:30,https://dhanarthi-stockguru.s3.amazonaws.com/company_logos_webp/CONTI.webp,f,
260ed74a-82b9-4936-9f0c-15ad93134d32,761337,KOTYARK,Kotyark Industries Limited,NSE,INE0J0B01017,NSE_EQ,284.13,t,2026-08-11 11:53:08.659038+05:30,2026-08-13 10:18:23.148557+05:30,https://dhanarthi-stockguru.s3.amazonaws.com/company_logos_webp/KOTYARK.webp,f,
262345ba-c7f8-4ee9-ae12-dabd4d4f488f,1964,TRENT,Trent Limited,NSE,INE849A01020,NSE_EQ,173133.76,t,2026-08-11 11:53:08.741671+05:30,2026-08-13 10:18:23.148557+05:30,https://dhanarthi-stockguru.s3.amazonaws.com/company_logos_webp/TRENT.webp,t,3.88 x
264ba452-1a0e-4cf2-a697-65b033354473,1247,GSFC,Gujarat State Fertilizers & Chemicals Limited,NSE,INE026A01025,NSE_EQ,7799.92,t,2026-08-11 11:53:08.966518+05:30,2026-08-13 10:18:23.148557+05:30,https://dhanarthi-stockguru.s3.amazonaws.com/company_logos_webp/GSFC.webp,t,3.31 x
6a6211f5-21e2-4f81-9894-2c7e88ad0f1d,"",NIFTY 500,Nifty 500 Index,NSE,"",NSE_EQ,,t,2026-08-11 11:53:07.81617+05:30,2026-08-11 11:53:07.81617+05:30,,f,
265a3080-5799-4504-a5e6-02ed4e679bcd,17794,SOMICONVEY,Somi Conveyor Beltings Limited,NSE,INE323J01019,NSE_EQ,169.41,t,2026-08-11 11:53:08.267853+05:30,2026-08-13 10:18:23.148557+05:30,https://dhanarthi-stockguru.s3.amazonaws.com/company_logos_webp/SOMICONVEY.webp,f,
2679fac7-d226-4810-8fc4-95a54672b65c,2188,GENCON,Generic Engineering Construction and Projects Limited,NSE,INE854S01022,NSE_EQ,244.49,t,2026-08-11 11:53:07.522076+05:30,2026-08-13 10:18:23.148557+05:30,https://dhanarthi-stockguru.s3.amazonaws.com/company_logos_webp/GENCON.webp,f,
267a0b1c-2057-4e7d-8bcb-97db0a690be5,7411,NILASPACES,Nila Spaces Limited,NSE,INE00S901012,NSE_EQ,623.8,t,2026-08-11 11:53:07.743226+05:30,2026-08-13 10:18:23.148557+05:30,https://dhanarthi-stockguru.s3.amazonaws.com/company_logos_webp/NILASPACES.webp,f,
2680be3e-e9c4-486f-a041-f9ff39401df5,8546,CHALET,Chalet Hotels Limited,NSE,INE427F01016,NSE_EQ,20365.35,t,2026-08-11 11:53:07.399737+05:30,2026-08-13 10:18:23.148557+05:30,https://dhanarthi-stockguru.s3.amazonaws.com/company_logos_webp/CHALET.webp,t,3.37 x
26955442-3dd9-4df1-9c5d-cfe14876bcb0,9865,WEWIN,WE WIN LIMITED,NSE,INE082W01014,NSE_EQ,51.11,t,2026-08-11 11:53:09.166605+05:30,2026-08-13 10:18:23.148557+05:30,https://dhanarthi-stockguru.s3.amazonaws.com/company_logos_webp/WEWIN.webp,f,
26a37cc7-1b22-40b9-97b8-1b6918301dec,380,BBTC,The Bombay Burmah Trading Corporation Limited,NSE,INE050A01025,NSE_EQ,13255.59,t,2026-08-11 11:53:08.916528+05:30,2026-08-13 10:18:23.148557+05:30,https://dhanarthi-stockguru.s3.amazonaws.com/company_logos_webp/BBTC.webp,t,3.21 x
26b44dea-a9d7-4219-a57c-c068eac9b67c,14511,BANSWRAS,Banswara Syntex Limited,NSE,INE629D01020,NSE_EQ,438.21,t,2026-08-11 11:53:07.357961+05:30,2026-08-13 10:18:23.148557+05:30,https://dhanarthi-stockguru.s3.amazonaws.com/company_logos_webp/BANSWRAS.webp,f,
26d797a3-ec6f-42e1-941b-cfd5964d9377,7800,TIMESCAN,TIMESCAN,NSE,INE0IJY01014,NSE_EQ,41.32,t,2026-08-11 11:53:09.516964+05:30,2026-08-13 10:18:23.148557+05:30,https://dhanarthi-stockguru.s3.amazonaws.com/company_logos_webp/TIMESCAN.webp,f,
27057a01-0134-473b-96c2-4cc99b573810,13931,ARISTO,ARISTO,NSE,INE082101010,NSE_EQ,85.3,t,2026-08-11 11:53:07.321939+05:30,2026-08-13 10:18:23.148557+05:30,https://dhanarthi-stockguru.s3.amazonaws.com/company_logos_webp/ARISTO.webp,f,
27090eb7-2bc4-4487-ba32-9b38443b3699,20560,DOLLAR,Dollar Industries Limited,NSE,INE325C01035,NSE_EQ,2069.71,t,2026-08-11 11:53:08.268362+05:30,2026-08-13 10:18:23.148557+05:30,https://dhanarthi-stockguru.s3.amazonaws.com/company_logos_webp/DOLLAR.webp,t,2.5 x
273e6789-685e-4505-bebc-8576935e646a,14329,SMSPHARMA,SMS Pharmaceuticals Limited,NSE,INE812G01025,NSE_EQ,2428.47,t,2026-08-11 11:53:08.249896+05:30,2026-08-13 10:18:23.148557+05:30,https://dhanarthi-stockguru.s3.amazonaws.com/company_logos_webp/SMSPHARMA.webp,t,2.71 x
27cd30c3-5cea-4205-b15e-5c97a668e481,3351,SUNPHARMA,Sun Pharmaceutical Industries Limited,NSE,INE044A01036,NSE_EQ,404406.96,t,2026-08-11 11:53:08.466626+05:30,2026-08-13 10:18:23.148557+05:30,https://dhanarthi-stockguru.s3.amazonaws.com/company_logos_webp/SUNPHARMA.webp,t,4.55 x
27d87cfa-ccc8-4eb1-b04f-e71e39069b9d,13920,PLASTIBLEN,Plastiblends India Limited,NSE,INE083C01022,NSE_EQ,476.95,t,2026-08-11 11:53:07.866247+05:30,2026-08-13 10:18:23.148557+05:30,https://dhanarthi-stockguru.s3.amazonaws.com/company_logos_webp/PLASTIBLEN.webp,f,
32d52bc1-07c3-4674-90cf-e7a2203404fb,759342,PACEDIGITK,Pace Digitek Limited,NSE,INE0S3G01027,NSE_EQ,4536.34,t,2026-08-11 11:53:07.832918+05:30,2026-08-13 10:18:23.180302+05:30,,t,3.14 x
21b14d7d-1b0c-462d-977f-d22dd1d3d25b,8188,PEARLPOLY,Pearl Polymers Limited,NSE,INE844A01013,NSE_EQ,48.47,t,2026-08-11 11:53:07.854273+05:30,2026-08-13 10:18:23.132931+05:30,,f,
21c7f8e1-b197-4ae2-b556-a7f2532f0dc8,14134,PITTIENG,Pitti Engineering Limited,NSE,INE450D01021,NSE_EQ,3469.14,t,2026-08-11 11:53:07.866247+05:30,2026-08-13 10:18:23.132931+05:30,,t,2.5 x
27fa7416-a5a2-462b-b1ed-952f270a811e,13880,BANCOINDIA,Banco Products (I) Limited,NSE,INE213C01025,NSE_EQ,9931.91,t,2026-08-11 11:53:07.649447+05:30,2026-08-13 10:18:23.148557+05:30,https://dhanarthi-stockguru.s3.amazonaws.com/company_logos_webp/BANCOINDIA.webp,t,2.64 x
2811c5a5-be7d-429c-8308-db3b294d49b1,4481,AARTIDRUGS,Aarti Drugs Limited,NSE,INE767A01016,NSE_EQ,4350.11,t,2026-08-11 11:53:08.049697+05:30,2026-08-13 10:18:23.148557+05:30,https://dhanarthi-stockguru.s3.amazonaws.com/company_logos_webp/AARTIDRUGS.webp,t,3.18 x
2824ea96-3c24-498f-8470-60a7bc41d8fa,9348,IOB,Indian Overseas Bank,NSE,INE565A01014,NSE_EQ,74113.11,t,2026-08-11 11:53:08.457215+05:30,2026-08-13 10:18:23.148557+05:30,https://dhanarthi-stockguru.s3.amazonaws.com/company_logos_webp/IOB.webp,t,3.26 x
282f94ae-81e1-4e12-b515-02c55ea152c7,9577,MAHESHWARI,Maheshwari Logistics Limited,NSE,INE263W01010,NSE_EQ,167.17,t,2026-08-11 11:53:08.816457+05:30,2026-08-13 10:18:23.148557+05:30,https://dhanarthi-stockguru.s3.amazonaws.com/company_logos_webp/MAHESHWARI.webp,f,
2864a7d3-351c-4242-93cc-b247b7573670,959,SUBEXLTD,Subex Limited,NSE,INE754A01055,NSE_EQ,723.47,t,2026-08-11 11:53:08.440281+05:30,2026-08-13 10:18:23.148557+05:30,https://dhanarthi-stockguru.s3.amazonaws.com/company_logos_webp/SUBEXLTD.webp,f,
286612ea-6e55-4765-8bc8-4457c9bc1e99,9408,RAINBOW,Rainbow Childrens Medicare Limited,NSE,INE961O01016,NSE_EQ,14495.76,t,2026-08-11 11:53:09.051565+05:30,2026-08-13 10:18:23.148557+05:30,https://dhanarthi-stockguru.s3.amazonaws.com/company_logos_webp/RAINBOW.webp,t,3.56 x
28a8cab3-b58c-49d5-86df-856de6ea08ff,9046,AGROPHOS,Agro Phos India Limited,NSE,INE740V01019,NSE_EQ,81.94,t,2026-08-11 11:53:07.616094+05:30,2026-08-13 10:18:23.148557+05:30,https://dhanarthi-stockguru.s3.amazonaws.com/company_logos_webp/AGROPHOS.webp,f,
28c87f62-6e97-46c8-a83a-71ecce57506c,7852,INOXWIND,Inox Wind Limited,NSE,INE066P01011,NSE_EQ,24061.96,t,2026-08-11 11:53:08.449906+05:30,2026-08-13 10:18:23.148557+05:30,https://dhanarthi-stockguru.s3.amazonaws.com/company_logos_webp/INOXWIND.webp,t,3.51 x
28d7c12c-5d5c-439b-8b42-e9ab7c1738bc,759461,GEMAROMA,Gem Aromatics Limited,NSE,INE06XZ01023,NSE_EQ,1131.66,t,2026-08-11 11:53:07.522076+05:30,2026-08-13 10:18:23.148557+05:30,,f,
290508f8-2bda-4b5b-9f81-7829b79163fe,14074,APTECHT,Aptech Limited,NSE,INE266F01018,NSE_EQ,696.85,t,2026-08-11 11:53:07.311658+05:30,2026-08-13 10:18:23.148557+05:30,https://dhanarthi-stockguru.s3.amazonaws.com/company_logos_webp/APTECHT.webp,f,
29076ce3-f77e-47ac-8b47-e2ed46b0a243,13538,TECHM,Tech Mahindra Limited,NSE,INE669C01036,NSE_EQ,147707.03,t,2026-08-11 11:53:08.599841+05:30,2026-08-13 10:18:23.148557+05:30,https://dhanarthi-stockguru.s3.amazonaws.com/company_logos_webp/TECHM.webp,t,4.55 x
29161dbf-a6c2-418b-8737-f02bd73116dc,1672,HGINFRA,H.G. Infra Engineering Limited,NSE,INE926X01010,NSE_EQ,6146.75,t,2026-08-11 11:53:07.580832+05:30,2026-08-13 10:18:23.148557+05:30,https://dhanarthi-stockguru.s3.amazonaws.com/company_logos_webp/HGINFRA.webp,t,2.98 x
291f400e-7f4b-4361-9120-421c9abbc6c1,18110,VASCONEQ,Vascon Engineers Limited,NSE,INE893I01013,NSE_EQ,1262.73,t,2026-08-11 11:53:08.851822+05:30,2026-08-13 10:18:23.148557+05:30,https://dhanarthi-stockguru.s3.amazonaws.com/company_logos_webp/VASCONEQ.webp,f,
297036f5-253c-46c5-b82e-07166f337962,2716,BUTTERFLY,Butterfly Gandhimathi Appliances Limited,NSE,INE295F01017,NSE_EQ,1271.14,t,2026-08-11 11:53:08.202533+05:30,2026-08-13 10:18:23.148557+05:30,https://dhanarthi-stockguru.s3.amazonaws.com/company_logos_webp/BUTTERFLY.webp,t,2 x
29ca3f9b-eda3-4daf-bb51-7a71588f79a9,15391,RACE,Race Eco Chain Limited,NSE,INE084Q01012,NSE_EQ,360.84,t,2026-08-11 11:53:07.919697+05:30,2026-08-13 10:18:23.148557+05:30,https://dhanarthi-stockguru.s3.amazonaws.com/company_logos_webp/RACE.webp,f,
2a02224c-69a7-45f4-85fa-0622cea5f3f0,15555,HCG,Healthcare Global Enterprises Limited,NSE,INE075I01017,NSE_EQ,9413.29,t,2026-08-11 11:53:07.566237+05:30,2026-08-13 10:18:23.148557+05:30,https://dhanarthi-stockguru.s3.amazonaws.com/company_logos_webp/HCG.webp,t,3.31 x
2a1597d7-a585-454b-b1dd-bcaebede29a9,471,OSWALGREEN,Oswal Greentech Limited,NSE,INE143A01010,NSE_EQ,1012.45,t,2026-08-11 11:53:07.832918+05:30,2026-08-13 10:18:23.148557+05:30,https://dhanarthi-stockguru.s3.amazonaws.com/company_logos_webp/OSWALGREEN.webp,t,1 x
2a264d24-a5de-4173-9342-eb7ecca027bf,17801,LLOYDSENGG,LLOYDS ENGINEERING WORKS LIMITED,NSE,INE093R01011,NSE_EQ,7358.6,t,2026-08-11 11:53:08.999929+05:30,2026-08-13 10:18:23.148557+05:30,https://dhanarthi-stockguru.s3.amazonaws.com/company_logos_webp/LLOYDSENGG.webp,t,1 x
2a32c9a7-6125-4777-a595-565010d9883e,13182,ROHLTD,Royal Orchid Hotels Limited,NSE,INE283H01019,NSE_EQ,1237.68,t,2026-08-11 11:53:07.9329+05:30,2026-08-13 10:18:23.148557+05:30,https://dhanarthi-stockguru.s3.amazonaws.com/company_logos_webp/ROHLTD.webp,t,1 x
2a3b40ad-dd26-4cdd-83fe-419b21758652,8153,MEGASTAR,Megastar Foods Limited,NSE,INE00EM01016,NSE_EQ,278.84,t,2026-08-11 11:53:07.649447+05:30,2026-08-13 10:18:23.148557+05:30,https://dhanarthi-stockguru.s3.amazonaws.com/company_logos_webp/MEGASTAR.webp,f,
2a5c33ca-1bde-44a9-b758-4eb9ef7f5d8a,18700,JETKNIT,JETKNIT,NSE,INE564T01017,NSE_EQ,42.94,t,2026-08-11 11:53:09.516964+05:30,2026-08-13 10:18:23.148557+05:30,https://dhanarthi-stockguru.s3.amazonaws.com/company_logos_webp/JETKNIT.webp,f,
2a6038b1-d283-45cf-90e3-488d96e4c80b,5622,CEMPRO,Cemindia Projects Limited,NSE,INE686A01026,NSE_EQ,13797.07,t,2026-08-11 11:53:07.399737+05:30,2026-08-13 10:18:23.148557+05:30,,t,1 x
2a61bcf1-7d74-4154-9a9b-b1423f4b8969,3727,ANMOL,Anmol India Limited,NSE,INE02AR01019,NSE_EQ,88.41,t,2026-08-11 11:53:07.300879+05:30,2026-08-13 10:18:23.148557+05:30,https://dhanarthi-stockguru.s3.amazonaws.com/company_logos_webp/ANMOL.webp,f,
2a99e23b-5898-4e97-a444-ca8fea1ecbdf,4693,SHYAMMETL,Shyam Metalics and Energy Limited,NSE,INE810G01011,NSE_EQ,24915.61,t,2026-08-11 11:53:08.021031+05:30,2026-08-13 10:18:23.148557+05:30,https://dhanarthi-stockguru.s3.amazonaws.com/company_logos_webp/SHYAMMETL.webp,t,3.34 x
2aa9d335-9a40-40ec-9b10-8e592358fc47,23402,SRM,SRM Contractors Limited,NSE,INE0R6Z01013,NSE_EQ,1206.53,t,2026-08-11 11:53:08.333105+05:30,2026-08-13 10:18:23.148557+05:30,https://dhanarthi-stockguru.s3.amazonaws.com/company_logos_webp/SRM.webp,t,2 x
048c611b-33a7-401c-9b32-ea5f26521297,30134,PRABHA,Prabha Energy Limited,NSE,INE0I0M01023,NSE_EQ,3167.34,t,2026-08-11 11:53:07.888357+05:30,2026-08-13 10:18:23.023985+05:30,,t,2 x
1b3fc18d-48ca-4c30-a818-ef2772e4ffae,758120,AARADHYA,AARADHYA,NSE,INE124401014,NSE_EQ,191.32,t,2026-08-11 11:53:07.926341+05:30,2026-08-13 10:18:23.101677+05:30,,f,
26ae59b8-9be2-40e1-a9c8-3ab6a1895f42,756925,PRIMO,Primo Chemicals Limited,NSE,INE607A01022,NSE_EQ,604.73,t,2026-08-11 11:53:07.899672+05:30,2026-08-13 10:18:23.148557+05:30,,f,
2b0d6f20-2a92-4261-9359-00b8d25ea8b6,16588,INFOLLION,INFOLLION,NSE,INE0NNZ01013,NSE_EQ,417.31,t,2026-08-11 11:53:09.249972+05:30,2026-08-13 10:18:23.148557+05:30,https://dhanarthi-stockguru.s3.amazonaws.com/company_logos_webp/INFOLLION.webp,f,
2b130aa2-056d-49a5-9577-d1a870a2c234,1814,KPIL,Kalpataru Projects International Limited,NSE,INE220B01022,NSE_EQ,20884.64,t,2026-08-11 11:53:08.665942+05:30,2026-08-13 10:18:23.148557+05:30,https://dhanarthi-stockguru.s3.amazonaws.com/company_logos_webp/KPIL.webp,t,3.25 x
2b4cb7d1-1b15-494e-98f8-e52c9b4b9661,22938,PURVFLEXI,PURVFLEXI,NSE,INE0R6C01012,NSE_EQ,187.5,t,2026-08-11 11:53:09.316798+05:30,2026-08-13 10:18:23.148557+05:30,https://dhanarthi-stockguru.s3.amazonaws.com/company_logos_webp/PURVFLEXI.webp,f,
2b52d0a2-c818-417a-ac77-209572f4ca17,21095,SHEKHAWATI,Shekhawati Industries Limited,NSE,INE268L01046,NSE_EQ,74.49,t,2026-08-11 11:53:07.999612+05:30,2026-08-13 10:18:23.148557+05:30,https://dhanarthi-stockguru.s3.amazonaws.com/company_logos_webp/SHEKHAWATI.webp,f,
2b5c15ff-0c3b-459d-b0bb-ec48d647da83,17704,QUESS,Quess Corp Limited,NSE,INE615P01015,NSE_EQ,3773.53,t,2026-08-11 11:53:07.916696+05:30,2026-08-13 10:18:23.164175+05:30,https://dhanarthi-stockguru.s3.amazonaws.com/company_logos_webp/QUESS.webp,t,2.5 x
2b6a96f7-bf19-4d5b-9a8a-851ea77e3f2d,6600,GENUSPAPER,Genus Paper & Boards Limited,NSE,INE949P01018,NSE_EQ,432.23,t,2026-08-11 11:53:07.522076+05:30,2026-08-13 10:18:23.164175+05:30,https://dhanarthi-stockguru.s3.amazonaws.com/company_logos_webp/GENUSPAPER.webp,f,
2b850bb8-3f16-4410-9695-e1dc0c650a1a,9384,CREATIVEYE,Creative Eye Limited,NSE,INE230B01021,NSE_EQ,15.26,t,2026-08-11 11:53:07.62527+05:30,2026-08-13 10:18:23.164175+05:30,https://dhanarthi-stockguru.s3.amazonaws.com/company_logos_webp/CREATIVEYE.webp,f,
2b960b74-c186-4aa7-8d36-9bacc2c684fa,21469,OPTIEMUS,Optiemus Infracom Limited,NSE,INE350C01017,NSE_EQ,5200.43,t,2026-08-11 11:53:07.81617+05:30,2026-08-13 10:18:23.164175+05:30,https://dhanarthi-stockguru.s3.amazonaws.com/company_logos_webp/OPTIEMUS.webp,t,2.56 x
2bb8bc9c-02cf-4bc4-8db7-51336f0b032e,10580,TCI,Transport Corporation of India Limited,NSE,INE688A01022,NSE_EQ,8825.91,t,2026-08-11 11:53:08.599841+05:30,2026-08-13 10:18:23.164175+05:30,https://dhanarthi-stockguru.s3.amazonaws.com/company_logos_webp/TCI.webp,t,3.33 x
2be813a0-b8c7-4305-863c-a05bb6993ba8,17547,AMRUTANJAN,Amrutanjan Health Care Limited,NSE,INE098F01031,NSE_EQ,2038.89,t,2026-08-11 11:53:07.282898+05:30,2026-08-13 10:18:23.164175+05:30,https://dhanarthi-stockguru.s3.amazonaws.com/company_logos_webp/AMRUTANJAN.webp,t,2.5 x
2bfadd43-7540-466b-ac37-3731e4b9706f,1802,JYOTISTRUC,Jyoti Structures Limited,NSE,INE197A01024,NSE_EQ,1720.74,t,2026-08-11 11:53:08.566457+05:30,2026-08-13 10:18:23.164175+05:30,https://dhanarthi-stockguru.s3.amazonaws.com/company_logos_webp/JYOTISTRUC.webp,t,2.41 x
2c198aa8-ffdc-4b8b-b8c0-2a8be7189c67,14562,ZENITHSTL,Zenith Steel Pipes & Industries Limited,NSE,INE318D01020,NSE_EQ,113.33,t,2026-08-11 11:53:09.183625+05:30,2026-08-13 10:18:23.164175+05:30,https://dhanarthi-stockguru.s3.amazonaws.com/company_logos_webp/ZENITHSTL.webp,f,
2c41b03a-0770-4fa2-a99b-eec09c730a28,11630,NTPC,NTPC Limited,NSE,INE733E01010,NSE_EQ,323233.75,t,2026-08-11 11:53:07.763047+05:30,2026-08-13 10:18:23.164175+05:30,https://dhanarthi-stockguru.s3.amazonaws.com/company_logos_webp/NTPC.webp,t,4.55 x
2c69b96d-8968-4509-95ab-83c7a5908621,11618,ASTRAMICRO,Astra Microwave Products Limited,NSE,INE386C01029,NSE_EQ,9593.73,t,2026-08-11 11:53:07.322446+05:30,2026-08-13 10:18:23.164175+05:30,https://dhanarthi-stockguru.s3.amazonaws.com/company_logos_webp/ASTRAMICRO.webp,t,1 x
2c912b1d-6295-455e-b8ae-049f0cad769f,4594,KOTHARIPET,Kothari Petrochemicals Limited,NSE,INE720A01015,NSE_EQ,886.8,t,2026-08-11 11:53:08.659038+05:30,2026-08-13 10:18:23.164175+05:30,https://dhanarthi-stockguru.s3.amazonaws.com/company_logos_webp/KOTHARIPET.webp,f,
2caf1b58-d8d4-409e-ac9c-384a9c2760dd,4822,DODLA,Dodla Dairy Limited,NSE,INE021O01019,NSE_EQ,7928.91,t,2026-08-11 11:53:08.268362+05:30,2026-08-13 10:18:23.164175+05:30,https://dhanarthi-stockguru.s3.amazonaws.com/company_logos_webp/DODLA.webp,t,3.25 x
2cd9f979-ffda-4392-ad11-37ab14497952,13352,MALUPAPER,Malu Paper Mills Limited,NSE,INE383H01017,NSE_EQ,65.59,t,2026-08-11 11:53:08.82306+05:30,2026-08-13 10:18:23.164175+05:30,https://dhanarthi-stockguru.s3.amazonaws.com/company_logos_webp/MALUPAPER.webp,f,
2cee636b-9e5f-4343-8ecc-3a31f71977ba,18751,KODYTECH,KODYTECH,NSE,INE0Q7P01013,NSE_EQ,969.79,t,2026-08-11 11:53:09.202139+05:30,2026-08-13 10:18:23.164175+05:30,https://dhanarthi-stockguru.s3.amazonaws.com/company_logos_webp/KODYTECH.webp,f,
2cf224ef-655f-4b65-9b63-b02b1e3dfe64,16154,REMUS,REMUS,NSE,INE0O5T01011,NSE_EQ,940.33,t,2026-08-11 11:53:09.211472+05:30,2026-08-13 10:18:23.164175+05:30,https://dhanarthi-stockguru.s3.amazonaws.com/company_logos_webp/REMUS.webp,f,
2d16a69c-bb43-40b6-bd0b-5e3d367e60ec,1994,LIBERTSHOE,Liberty Shoes Limited,NSE,INE557B01019,NSE_EQ,556.39,t,2026-08-11 11:53:08.764614+05:30,2026-08-13 10:18:23.164175+05:30,https://dhanarthi-stockguru.s3.amazonaws.com/company_logos_webp/LIBERTSHOE.webp,t,1.67 x
2d21ce34-41d2-43b2-ae73-7c363e0dd21d,14557,AROGRANITE,Aro Granite Industries Limited,NSE,INE210C01013,NSE_EQ,54.85,t,2026-08-11 11:53:08.121787+05:30,2026-08-13 10:18:23.164175+05:30,https://dhanarthi-stockguru.s3.amazonaws.com/company_logos_webp/AROGRANITE.webp,f,
2d3cc6c2-3d76-4ad3-897a-e07f345870e6,20481,WIPL,The Western India Plywoods Limited,NSE,INE215F01023,NSE_EQ,136.28,t,2026-08-11 11:53:09.183625+05:30,2026-08-13 10:18:23.164175+05:30,https://dhanarthi-stockguru.s3.amazonaws.com/company_logos_webp/WIPL.webp,f,
2d42a13f-2bb4-4bcb-9e0b-f4e7e39a3c44,25431,PSFL,PSFL,NSE,INE0Q6001012,NSE_EQ,71.57,t,2026-08-11 11:53:09.46984+05:30,2026-08-13 10:18:23.164175+05:30,https://dhanarthi-stockguru.s3.amazonaws.com/company_logos_webp/PSFL.webp,f,
2d61295d-c2c2-4d96-99f4-2749f58f1a80,24823,MANCREDIT,Mangal Credit and Fincorp Limited,NSE,INE545L01039,NSE_EQ,364.36,t,2026-08-11 11:53:08.833281+05:30,2026-08-13 10:18:23.164175+05:30,https://dhanarthi-stockguru.s3.amazonaws.com/company_logos_webp/MANCREDIT.webp,f,
2da5beb0-53ab-4107-bb83-3df215da990c,18562,MITTAL,Mittal Life Style Limited,NSE,INE997Y01027,NSE_EQ,34.01,t,2026-08-11 11:53:07.665072+05:30,2026-08-13 10:18:23.164175+05:30,https://dhanarthi-stockguru.s3.amazonaws.com/company_logos_webp/MITTAL.webp,f,
200792c5-76fd-4937-83e4-e4dae8ac532d,750174,VAML,Vedanta Aluminium Metal Limited,NSE,INE1CDF01017,NSE_EQ,,t,2026-08-11 11:53:07.949549+05:30,2026-08-13 10:18:23.117308+05:30,,f,
2dbb66fc-5300-40f8-841b-45f551136baf,10310,AURUM,Aurum PropTech Limited,NSE,INE898S01029,NSE_EQ,1276.68,t,2026-08-11 11:53:07.333244+05:30,2026-08-13 10:18:23.164175+05:30,https://dhanarthi-stockguru.s3.amazonaws.com/company_logos_webp/AURUM.webp,t,2 x
2dbbc184-36ee-4eac-a4dd-2eba217d7c46,23799,GODIGIT,Go Digit General Insurance Limited,NSE,INE03JT01014,NSE_EQ,32606.84,t,2026-08-11 11:53:07.549834+05:30,2026-08-13 10:18:23.164175+05:30,https://dhanarthi-stockguru.s3.amazonaws.com/company_logos_webp/GODIGIT.webp,t,3.56 x
2dc06eb3-3371-412f-b499-fa9e080d6870,3321,SPMLINFRA,SPML Infra Limited,NSE,INE937A01023,NSE_EQ,1721.28,t,2026-08-11 11:53:08.316303+05:30,2026-08-13 10:18:23.164175+05:30,https://dhanarthi-stockguru.s3.amazonaws.com/company_logos_webp/SPMLINFRA.webp,t,2.5 x
2dd74f29-4c2e-44ec-b0a8-e1d17640da28,2454,CENTRUM,Centrum Capital Limited,NSE,INE660C01027,NSE_EQ,1481.25,t,2026-08-11 11:53:07.616094+05:30,2026-08-13 10:18:23.164175+05:30,https://dhanarthi-stockguru.s3.amazonaws.com/company_logos_webp/CENTRUM.webp,t,2.5 x
2e02c6c0-53b0-4c84-9474-30844e8f7348,9667,MEDICO,Medico Remedies Limited,NSE,INE630Y01024,NSE_EQ,378.8,t,2026-08-11 11:53:07.644274+05:30,2026-08-13 10:18:23.164175+05:30,https://dhanarthi-stockguru.s3.amazonaws.com/company_logos_webp/MEDICO.webp,f,
2e2ee905-4d5f-4ce8-8d32-31bcbcad5637,8479,TVSMOTOR,TVS Motor Company Limited,NSE,INE494B01023,NSE_EQ,158857.1,t,2026-08-11 11:53:08.766558+05:30,2026-08-13 10:18:23.164175+05:30,https://dhanarthi-stockguru.s3.amazonaws.com/company_logos_webp/TVSMOTOR.webp,t,4.44 x
2e3317db-c84b-4581-b3f0-a22c41978c22,23127,SCILAL,Shipping Corporation of India Land and Assets Limited,NSE,INE0PB301013,NSE_EQ,2324.43,t,2026-08-11 11:53:08.021031+05:30,2026-08-13 10:18:23.164175+05:30,https://dhanarthi-stockguru.s3.amazonaws.com/company_logos_webp/SCILAL.webp,t,2.5 x
2e365018-02d9-43a4-97fc-93ae15575d44,5911,PARAS,Paras Defence and Space Technologies Limited,NSE,INE045601023,NSE_EQ,5720.51,t,2026-08-11 11:53:09.024045+05:30,2026-08-13 10:18:23.164175+05:30,https://dhanarthi-stockguru.s3.amazonaws.com/company_logos_webp/PARAS.webp,t,1 x
2e4c06a3-83de-44c1-aa3a-3ce73a1d2a34,25818,PRANIK,PRANIK,NSE,INE0VJG01014,NSE_EQ,82.95,t,2026-08-11 11:53:09.450055+05:30,2026-08-13 10:18:23.164175+05:30,https://dhanarthi-stockguru.s3.amazonaws.com/company_logos_webp/PRANIK.webp,f,
2e558b45-2814-461c-aa0b-69f749f677c4,21247,DIGIDRIVE,Digidrive Distributors Limited,NSE,INE0PSC01024,NSE_EQ,115.29,t,2026-08-11 11:53:07.449913+05:30,2026-08-13 10:18:23.164175+05:30,https://dhanarthi-stockguru.s3.amazonaws.com/company_logos_webp/DIGIDRIVE.webp,f,
2e596188-f7fc-42c8-893c-e9209d7caa24,17130,PARAGMILK,Parag Milk Foods Limited,NSE,INE883N01014,NSE_EQ,3328.04,t,2026-08-11 11:53:07.832918+05:30,2026-08-13 10:18:23.164175+05:30,https://dhanarthi-stockguru.s3.amazonaws.com/company_logos_webp/PARAGMILK.webp,t,2.77 x
2e74d9df-586b-4f21-a932-1e1269148fe1,2294,MTNL,Mahanagar Telephone Nigam Limited,NSE,INE153A01019,NSE_EQ,2706.75,t,2026-08-11 11:53:07.686802+05:30,2026-08-13 10:18:23.164175+05:30,https://dhanarthi-stockguru.s3.amazonaws.com/company_logos_webp/MTNL.webp,t,2.5 x
2e9bbb24-c42b-499c-a512-3b1112706acb,10738,OFSS,Oracle Financial Services Software Limited,NSE,INE881D01027,NSE_EQ,74059.83,t,2026-08-11 11:53:07.76627+05:30,2026-08-13 10:18:23.164175+05:30,https://dhanarthi-stockguru.s3.amazonaws.com/company_logos_webp/OFSS.webp,t,4.09 x
2e9d9574-6ce3-4ee0-ae11-41573bf9b8a8,2144,BDL,Bharat Dynamics Limited,NSE,INE171Z01026,NSE_EQ,57206.15,t,2026-08-11 11:53:07.357961+05:30,2026-08-13 10:18:23.164175+05:30,https://dhanarthi-stockguru.s3.amazonaws.com/company_logos_webp/BDL.webp,t,3.66 x
2ec7998d-19d6-4a8d-91fe-cf7a146f101d,"",KEL,KEL,NSE,INE0OWX01025,NSE_EQ,106.91,t,2026-08-11 11:53:09.116677+05:30,2026-08-13 10:18:23.164175+05:30,https://dhanarthi-stockguru.s3.amazonaws.com/company_logos_webp/KEL.webp,f,
2ecccb2b-6433-4514-9cba-903eb7293a23,7145,ANANDRATHI,Anand Rathi Wealth Limited,NSE,INE463V01026,NSE_EQ,23649.73,t,2026-08-11 11:53:08.901168+05:30,2026-08-13 10:18:23.164175+05:30,https://dhanarthi-stockguru.s3.amazonaws.com/company_logos_webp/ANANDRATHI.webp,t,3.33 x
2ede6b24-a81a-4c52-8c5f-83fdb77ac129,804,SHIVATEX,Shiva Texyarn Limited,NSE,INE705C01020,NSE_EQ,241.15,t,2026-08-11 11:53:08.00586+05:30,2026-08-13 10:18:23.164175+05:30,https://dhanarthi-stockguru.s3.amazonaws.com/company_logos_webp/SHIVATEX.webp,f,
2ee8fafa-49ee-4c90-bd6b-d0caaa095046,18371,NDGL,Naga Dhunseri Group Limited,NSE,INE756C01015,NSE_EQ,375.63,t,2026-08-11 11:53:07.718134+05:30,2026-08-13 10:18:23.164175+05:30,,f,
2eeed466-312e-49d8-9a91-bdd085c23201,3980,TNPL,Tamil Nadu Newsprint & Papers Limited,NSE,INE107A01015,NSE_EQ,1077.56,t,2026-08-11 11:53:08.701608+05:30,2026-08-13 10:18:23.177454+05:30,https://dhanarthi-stockguru.s3.amazonaws.com/company_logos_webp/TNPL.webp,t,2 x
2efa7041-fc06-473f-b413-222a8c9af16b,10905,GENESYS,Genesys International Corporation Limited,NSE,INE727B01026,NSE_EQ,2218.84,t,2026-08-11 11:53:07.522076+05:30,2026-08-13 10:18:23.177454+05:30,https://dhanarthi-stockguru.s3.amazonaws.com/company_logos_webp/GENESYS.webp,t,2.18 x
2f7410ef-a115-42ba-97b9-68b0df346310,206,ASHIMASYN,Ashima Limited,NSE,INE440A01010,NSE_EQ,438.37,t,2026-08-11 11:53:07.316014+05:30,2026-08-13 10:18:23.178449+05:30,https://dhanarthi-stockguru.s3.amazonaws.com/company_logos_webp/ASHIMASYN.webp,f,
2f8ee93c-607c-40c6-bda6-199ce9ed2c70,2043,RAMCOCEM,The Ramco Cements Limited,NSE,INE331A01037,NSE_EQ,25052.46,t,2026-08-11 11:53:09.05507+05:30,2026-08-13 10:18:23.178449+05:30,https://dhanarthi-stockguru.s3.amazonaws.com/company_logos_webp/RAMCOCEM.webp,t,3.56 x
2f91a122-008c-40c6-b12e-a3b01aef8718,1168,GMBREW,GM Breweries Limited,NSE,INE075D01018,NSE_EQ,2016.47,t,2026-08-11 11:53:08.349673+05:30,2026-08-13 10:18:23.178449+05:30,https://dhanarthi-stockguru.s3.amazonaws.com/company_logos_webp/GMBREW.webp,t,2.5 x
2f9207a7-ef60-4585-872e-f874a54bb550,17939,HINDCOPPER,Hindustan Copper Limited,NSE,INE531E01026,NSE_EQ,29933.95,t,2026-08-11 11:53:07.58278+05:30,2026-08-13 10:18:23.178449+05:30,https://dhanarthi-stockguru.s3.amazonaws.com/company_logos_webp/HINDCOPPER.webp,t,2.5 x
2fa39f25-96c0-4c30-b117-ce40b0927229,18154,HATHWAY,Hathway Cable & Datacom Limited,NSE,INE982F01036,NSE_EQ,2503.01,t,2026-08-11 11:53:08.390006+05:30,2026-08-13 10:18:23.178449+05:30,https://dhanarthi-stockguru.s3.amazonaws.com/company_logos_webp/HATHWAY.webp,t,2.5 x
2fa82429-e92b-4bca-8269-fa97961f6ce9,31138,COMPUSOFT,Compucom Software Limited,NSE,INE453B01029,NSE_EQ,150.83,t,2026-08-11 11:53:08.234674+05:30,2026-08-13 10:18:23.180302+05:30,https://dhanarthi-stockguru.s3.amazonaws.com/company_logos_webp/COMPUSOFT.webp,f,
2fc1c908-dcb7-47a2-9208-44f4c86df61e,18760,YATRA,Yatra Online Limited,NSE,INE0JR601024,NSE_EQ,2276.56,t,2026-08-11 11:53:09.183625+05:30,2026-08-13 10:18:23.180302+05:30,https://dhanarthi-stockguru.s3.amazonaws.com/company_logos_webp/YATRA.webp,t,2.41 x
2fccde1e-a70c-49c3-9ac7-b66261448774,16859,SINDHUTRAD,Sindhu Trade Links Limited,NSE,INE325D01025,NSE_EQ,3969.67,t,2026-08-11 11:53:08.133117+05:30,2026-08-13 10:18:23.180302+05:30,https://dhanarthi-stockguru.s3.amazonaws.com/company_logos_webp/SINDHUTRAD.webp,t,2.47 x
2ff1a7ab-cb5e-47d9-b0ea-2d192b71f7f9,20878,MUFTI,Credo Brands Marketing Limited,NSE,INE220Q01020,NSE_EQ,792.07,t,2026-08-11 11:53:07.686802+05:30,2026-08-13 10:18:23.180302+05:30,https://dhanarthi-stockguru.s3.amazonaws.com/company_logos_webp/MUFTI.webp,t,2 x
3056b6a0-f85b-4a12-90f3-58500107cb1f,13188,RCOM,Reliance Communications Limited,NSE,INE330H01018,NSE_EQ,377.92,t,2026-08-11 11:53:09.066591+05:30,2026-08-13 10:18:23.180302+05:30,https://dhanarthi-stockguru.s3.amazonaws.com/company_logos_webp/RCOM.webp,f,
3070e292-0e45-4a30-b1a5-6a44a47004ac,18039,ADVENZYMES,Advanced Enzyme Technologies Limited,NSE,INE837H01020,NSE_EQ,3590.08,t,2026-08-11 11:53:08.883235+05:30,2026-08-13 10:18:23.180302+05:30,https://dhanarthi-stockguru.s3.amazonaws.com/company_logos_webp/ADVENZYMES.webp,t,2.99 x
30731fb9-61db-457e-a353-9a96034a0c4f,2320,SMCGLOBAL,SMC Global Securities Limited,NSE,INE103C01036,NSE_EQ,1489.65,t,2026-08-11 11:53:08.249896+05:30,2026-08-13 10:18:23.180302+05:30,https://dhanarthi-stockguru.s3.amazonaws.com/company_logos_webp/SMCGLOBAL.webp,t,2 x
308030d5-cd62-4a3e-ba36-4c033f7124bf,7129,ZODIAC,Zodiac Energy Limited,NSE,INE761Y01019,NSE_EQ,587.28,t,2026-08-11 11:53:09.202139+05:30,2026-08-13 10:18:23.180302+05:30,https://dhanarthi-stockguru.s3.amazonaws.com/company_logos_webp/ZODIAC.webp,f,
30c57026-a31b-47b1-b52e-b40a59422e75,350,BANARISUG,Bannari Amman Sugars Limited,NSE,INE459A01010,NSE_EQ,4582.08,t,2026-08-11 11:53:08.166796+05:30,2026-08-13 10:18:23.180302+05:30,https://dhanarthi-stockguru.s3.amazonaws.com/company_logos_webp/BANARISUG.webp,t,2 x
30ca6680-2916-4add-bb44-725ee4d58771,15308,SEPC,SEPC Limited,NSE,INE964H01014,NSE_EQ,1806.38,t,2026-08-11 11:53:07.399737+05:30,2026-08-13 10:18:23.180302+05:30,https://dhanarthi-stockguru.s3.amazonaws.com/company_logos_webp/SEPC.webp,t,2.35 x
30ef4ab2-1ca4-409d-8a44-712591bbd207,21578,COMSYN,Commercial Syn Bags Limited,NSE,INE073V01015,NSE_EQ,573.18,t,2026-08-11 11:53:08.234674+05:30,2026-08-13 10:18:23.180302+05:30,https://dhanarthi-stockguru.s3.amazonaws.com/company_logos_webp/COMSYN.webp,f,
3111902c-4f54-431b-a0fe-5deb75cb35ed,2816,RALLIS,Rallis India Limited,NSE,INE613A01020,NSE_EQ,6039.04,t,2026-08-11 11:53:09.05507+05:30,2026-08-13 10:18:23.180302+05:30,https://dhanarthi-stockguru.s3.amazonaws.com/company_logos_webp/RALLIS.webp,t,3.07 x
31129256-0341-40b9-b234-a7cec4f6cead,14398,AMDIND,AMD Industries Limited,NSE,INE005I01014,NSE_EQ,102.29,t,2026-08-11 11:53:07.282898+05:30,2026-08-13 10:18:23.180302+05:30,https://dhanarthi-stockguru.s3.amazonaws.com/company_logos_webp/AMDIND.webp,f,
3154afd8-69f7-4a03-ba27-f87e270bc34c,11140,SUMIT,Sumit Woods Limited,NSE,INE748Z01013,NSE_EQ,393.45,t,2026-08-11 11:53:08.783106+05:30,2026-08-13 10:18:23.180302+05:30,https://dhanarthi-stockguru.s3.amazonaws.com/company_logos_webp/SUMIT.webp,f,
315a0c60-e52c-4880-8a4a-a132c99e9bcf,1363,HINDALCO,Hindalco Industries Limited,NSE,INE038A01020,NSE_EQ,170787.34,t,2026-08-11 11:53:07.58278+05:30,2026-08-13 10:18:23.180302+05:30,https://dhanarthi-stockguru.s3.amazonaws.com/company_logos_webp/HINDALCO.webp,t,4.35 x
318e1946-36e5-45c3-842d-b3b104a94dbc,20296,SHAH,Shah Metacorp Limited,NSE,INE482J01021,NSE_EQ,239.97,t,2026-08-11 11:53:07.854273+05:30,2026-08-13 10:18:23.180302+05:30,https://dhanarthi-stockguru.s3.amazonaws.com/company_logos_webp/SHAH.webp,f,
31a0b272-32b2-4855-96f9-9262f6f01ea2,480,BIRLACORPN,Birla Corporation Limited,NSE,INE340A01012,NSE_EQ,9493.29,t,2026-08-11 11:53:07.372137+05:30,2026-08-13 10:18:23.180302+05:30,https://dhanarthi-stockguru.s3.amazonaws.com/company_logos_webp/BIRLACORPN.webp,t,3.13 x
31b841f7-62ea-43ee-bbf9-609fba7e96ec,24019,TBI,TBI,NSE,INE0N2D01013,NSE_EQ,171.14,t,2026-08-11 11:53:09.333826+05:30,2026-08-13 10:18:23.180302+05:30,https://dhanarthi-stockguru.s3.amazonaws.com/company_logos_webp/TBI.webp,f,
31c0b7a9-bb1d-4cf1-b81c-545de0b4a7a1,278,AUTOAXLES,Automotive Axles Limited,NSE,INE449A01011,NSE_EQ,2654.87,t,2026-08-11 11:53:07.333244+05:30,2026-08-13 10:18:23.180302+05:30,https://dhanarthi-stockguru.s3.amazonaws.com/company_logos_webp/AUTOAXLES.webp,t,2.5 x
31cfef57-c662-4f53-b687-7e603bc467ae,11905,GENUSPOWER,Genus Power Infrastructures Limited,NSE,INE955D01029,NSE_EQ,10142.07,t,2026-08-11 11:53:07.5314+05:30,2026-08-13 10:18:23.180302+05:30,https://dhanarthi-stockguru.s3.amazonaws.com/company_logos_webp/GENUSPOWER.webp,t,2.82 x
31d0fd77-8832-4090-b713-73bee9d85c2e,762949,THAKDEV,Thakkers Developers Limited,NSE,INE403F01017,NSE_EQ,,t,2026-08-11 11:53:07.632766+05:30,2026-08-13 10:18:23.180302+05:30,,f,
31dfe37b-bd94-415b-922e-09646b930345,11860,JKPAPER,JK Paper Limited,NSE,INE789E01012,NSE_EQ,6437,t,2026-08-11 11:53:08.991121+05:30,2026-08-13 10:18:23.180302+05:30,https://dhanarthi-stockguru.s3.amazonaws.com/company_logos_webp/JKPAPER.webp,t,3.04 x
31f25e69-92ac-432b-85dd-b4baf44030a2,15254,CEATLTD,CEAT Limited,NSE,INE482A01020,NSE_EQ,14685.91,t,2026-08-11 11:53:08.925947+05:30,2026-08-13 10:18:23.180302+05:30,https://dhanarthi-stockguru.s3.amazonaws.com/company_logos_webp/CEATLTD.webp,t,2.99 x
31fde78d-c34f-4ebc-af04-7a98590806d1,19205,HEADSUP,Heads UP Ventures Limited,NSE,INE759V01019,NSE_EQ,22.35,t,2026-08-11 11:53:08.390006+05:30,2026-08-13 10:18:23.180302+05:30,https://dhanarthi-stockguru.s3.amazonaws.com/company_logos_webp/HEADSUP.webp,f,
3210353b-7e9a-4a34-8a53-ac752bcc3975,8567,COOLCAPS,COOLCAPS,NSE,INE0HS001028,NSE_EQ,942.93,t,2026-08-11 11:53:09.211472+05:30,2026-08-13 10:18:23.180302+05:30,https://dhanarthi-stockguru.s3.amazonaws.com/company_logos_webp/COOLCAPS.webp,f,
3216547a-7658-4344-9690-5fc7ecd8aaf8,18143,JIOFIN,Jio Financial Services Limited,NSE,INE758E01017,NSE_EQ,197608.17,t,2026-08-11 11:53:08.533071+05:30,2026-08-13 10:18:23.180302+05:30,https://dhanarthi-stockguru.s3.amazonaws.com/company_logos_webp/JIOFIN.webp,t,4.35 x
3217fb8f-b187-4793-a93f-f9291fb21f15,11275,TVTODAY,TV Today Network Limited,NSE,INE038F01029,NSE_EQ,887.92,t,2026-08-11 11:53:08.766558+05:30,2026-08-13 10:18:23.180302+05:30,https://dhanarthi-stockguru.s3.amazonaws.com/company_logos_webp/TVTODAY.webp,t,2 x
322a1adc-e3d1-4e47-be52-49f6af3d0ddf,15409,NESCO,Nesco Limited,NSE,INE317F01035,NSE_EQ,9356.71,t,2026-08-11 11:53:07.727642+05:30,2026-08-13 10:18:23.180302+05:30,https://dhanarthi-stockguru.s3.amazonaws.com/company_logos_webp/NESCO.webp,t,3.27 x
07477778-01f2-4974-aa9d-a60d667e09fa,7053,ACCELYA,Accelya Solutions India Limited,NSE,INE793A01012,NSE_EQ,2079.97,t,2026-08-11 11:53:08.062204+05:30,2026-08-13 10:18:23.039598+05:30,,t,2.5 x
22d95cbf-8607-48dc-8cd1-965171946465,23729,AADHARHFC,Aadhar Housing Finance Limited,NSE,INE883F01010,NSE_EQ,21627.1,t,2026-08-11 11:53:08.049697+05:30,2026-08-13 10:18:23.132931+05:30,,t,3.42 x
2c416d4b-7df2-4a3f-b2e7-c75efe15e3af,34,ADOR,Ador Welding Limited,NSE,INE045A01017,NSE_EQ,1804.48,t,2026-08-11 11:53:08.06671+05:30,2026-08-13 10:18:23.164175+05:30,,t,2.5 x
322c724c-018a-46bb-8e1e-79b0ba7895ee,6711,IVC,IL&FS Investment Managers Limited,NSE,INE050B01023,NSE_EQ,261.75,t,2026-08-11 11:53:08.483046+05:30,2026-08-13 10:18:23.180302+05:30,https://dhanarthi-stockguru.s3.amazonaws.com/company_logos_webp/IVC.webp,f,
32428846-5f9a-4b85-86c3-e9ff71d74f88,24785,PPSL,PPSL,NSE,INE0YAL01017,NSE_EQ,42.95,t,2026-08-11 11:53:09.516964+05:30,2026-08-13 10:18:23.180302+05:30,https://dhanarthi-stockguru.s3.amazonaws.com/company_logos_webp/PPSL.webp,f,
32439356-5bf6-4f01-9aa6-a0ca45240764,17882,ORIANA,ORIANA,NSE,INE0OUT01019,NSE_EQ,5021.85,t,2026-08-11 11:53:09.202139+05:30,2026-08-13 10:18:23.180302+05:30,https://dhanarthi-stockguru.s3.amazonaws.com/company_logos_webp/ORIANA.webp,f,
32663b62-0f4f-4ec5-85dc-3989c9a5413e,25140,BROOKS,Brooks Laboratories Limited,NSE,INE650L01011,NSE_EQ,376.9,t,2026-08-11 11:53:08.202533+05:30,2026-08-13 10:18:23.180302+05:30,https://dhanarthi-stockguru.s3.amazonaws.com/company_logos_webp/BROOKS.webp,f,
3273a6f8-318a-43a5-9a9b-fbfe67fde8a5,16963,ALKALI,Alkali Metals Limited,NSE,INE773I01017,NSE_EQ,90.62,t,2026-08-11 11:53:08.100027+05:30,2026-08-13 10:18:23.180302+05:30,https://dhanarthi-stockguru.s3.amazonaws.com/company_logos_webp/ALKALI.webp,f,
35a42940-bcb0-43b3-967e-0d674ef9c468,"",AURIGROW,Auri Grow India Limited,NSE,"",NSE_EQ,90.74,t,2026-08-11 11:53:08.033343+05:30,2026-08-11 11:53:08.033343+05:30,,f,
328664b2-b9bf-4ce6-8fb9-579a722cccf8,13430,KELLTONTEC,Kellton Tech Solutions Limited,NSE,INE164B01030,NSE_EQ,1178.56,t,2026-08-11 11:53:08.616446+05:30,2026-08-13 10:18:23.180302+05:30,https://dhanarthi-stockguru.s3.amazonaws.com/company_logos_webp/KELLTONTEC.webp,t,2.5 x
32e11ee5-c3e9-424a-8fc0-6a276cdee1e9,2955,KALYANKJIL,Kalyan Jewellers India Limited,NSE,INE303R01014,NSE_EQ,53386.45,t,2026-08-11 11:53:08.587055+05:30,2026-08-13 10:18:23.180302+05:30,https://dhanarthi-stockguru.s3.amazonaws.com/company_logos_webp/KALYANKJIL.webp,t,1.75 x
332f1914-2526-4b7b-b8af-1760c3225845,822,BANKA,Banka BioLoo Limited,NSE,INE862Y01015,NSE_EQ,88.27,t,2026-08-11 11:53:07.349583+05:30,2026-08-13 10:18:23.180302+05:30,,f,
3334ed28-0422-4104-882a-f1ead1e2f468,14043,SARLAPOLY,Sarla Performance Fibers Limited,NSE,INE453D01025,NSE_EQ,829.44,t,2026-08-11 11:53:07.982932+05:30,2026-08-13 10:18:23.180302+05:30,https://dhanarthi-stockguru.s3.amazonaws.com/company_logos_webp/SARLAPOLY.webp,f,
5b5cf811-85ba-414b-b21d-bdac1311d173,"",ARISINFRA,ARISINFRA,NSE,"",NSE_EQ,1224.16,t,2026-08-11 11:53:08.033343+05:30,2026-08-11 11:53:08.033343+05:30,,f,
333855d5-1b4a-41b8-bac9-b6233f5b733b,6216,CAMLINFINE,Camlin Fine Sciences Limited,NSE,INE052I01032,NSE_EQ,3936.75,t,2026-08-11 11:53:08.202533+05:30,2026-08-13 10:18:23.180302+05:30,https://dhanarthi-stockguru.s3.amazonaws.com/company_logos_webp/CAMLINFINE.webp,t,2 x
333a4f1e-0146-4415-b179-bbf069cf65e3,22764,ESCONET,ESCONET,NSE,INE0RQZ01017,NSE_EQ,259.86,t,2026-08-11 11:53:09.280147+05:30,2026-08-13 10:18:23.180302+05:30,https://dhanarthi-stockguru.s3.amazonaws.com/company_logos_webp/ESCONET.webp,f,
334d8a3b-dc21-490b-9a09-479d94c19050,1174,GNFC,Gujarat Narmada Valley Fertilizers and Chemicals Limited,NSE,INE113A01013,NSE_EQ,7520.16,t,2026-08-11 11:53:07.549834+05:30,2026-08-13 10:18:23.180302+05:30,https://dhanarthi-stockguru.s3.amazonaws.com/company_logos_webp/GNFC.webp,t,3.28 x
3372e32a-bad7-4131-8555-6172df8039ad,24674,SATECH,SATECH,NSE,INE0BSN01013,NSE_EQ,68.28,t,2026-08-11 11:53:09.477744+05:30,2026-08-13 10:18:23.180302+05:30,https://dhanarthi-stockguru.s3.amazonaws.com/company_logos_webp/SATECH.webp,f,
339b31dc-1911-4fa1-8947-0fef2f2fb954,17685,GPTINFRA,GPT Infraprojects Limited,NSE,INE390G01014,NSE_EQ,1454.75,t,2026-08-11 11:53:08.366487+05:30,2026-08-13 10:18:23.180302+05:30,https://dhanarthi-stockguru.s3.amazonaws.com/company_logos_webp/GPTINFRA.webp,t,2.04 x
339ed9d3-2e76-443b-b906-a32f22381b3b,526,BPCL,Bharat Petroleum Corporation Limited,NSE,INE029A01011,NSE_EQ,148449.37,t,2026-08-11 11:53:07.384171+05:30,2026-08-13 10:18:23.180302+05:30,https://dhanarthi-stockguru.s3.amazonaws.com/company_logos_webp/BPCL.webp,t,4.35 x
339fa1e5-71d3-44f7-b2e4-96c278f2ac3f,16675,BAJAJFINSV,Bajaj Finserv Limited,NSE,INE918I01026,NSE_EQ,324505.59,t,2026-08-11 11:53:07.333244+05:30,2026-08-13 10:18:23.180302+05:30,https://dhanarthi-stockguru.s3.amazonaws.com/company_logos_webp/BAJAJFINSV.webp,t,4.55 x
33a72d4b-fc7d-45cc-af43-65cd69dedaef,9819,HAVELLS,Havells India Limited,NSE,INE176B01034,NSE_EQ,93920.58,t,2026-08-11 11:53:07.566237+05:30,2026-08-13 10:18:23.180302+05:30,https://dhanarthi-stockguru.s3.amazonaws.com/company_logos_webp/HAVELLS.webp,t,4.55 x
33e19860-9afc-4fc4-9505-aec5419f1f15,17738,YATHARTH,Yatharth Hospital & Trauma Care Services Limited,NSE,INE0JO301016,NSE_EQ,6966.6,t,2026-08-11 11:53:09.183625+05:30,2026-08-13 10:18:23.180302+05:30,https://dhanarthi-stockguru.s3.amazonaws.com/company_logos_webp/YATHARTH.webp,t,3.07 x
33fbdc7f-3ce5-47af-877d-c8e3b6f8de4d,14847,VIPCLOTHNG,VIP Clothing Limited,NSE,INE450G01024,NSE_EQ,322.76,t,2026-08-11 11:53:09.145235+05:30,2026-08-13 10:18:23.195926+05:30,https://dhanarthi-stockguru.s3.amazonaws.com/company_logos_webp/VIPCLOTHNG.webp,f,
3406ff81-e621-4b4a-9444-19f73b0d0784,8857,IVP,IVP Limited,NSE,INE043C01018,NSE_EQ,173.54,t,2026-08-11 11:53:08.483046+05:30,2026-08-13 10:18:23.195926+05:30,https://dhanarthi-stockguru.s3.amazonaws.com/company_logos_webp/IVP.webp,f,
34736a82-69c1-437a-96b7-7e0a8d1a26b5,13211,JAGRAN,Jagran Prakashan Limited,NSE,INE199G01027,NSE_EQ,1556.48,t,2026-08-11 11:53:08.483046+05:30,2026-08-13 10:18:23.195926+05:30,https://dhanarthi-stockguru.s3.amazonaws.com/company_logos_webp/JAGRAN.webp,t,2.5 x
3477a77e-143a-40c4-a7fa-6689d216bb6d,6198,FCL,Fineotex Chemical Limited,NSE,INE045J01034,NSE_EQ,2879.7,t,2026-08-11 11:53:07.486795+05:30,2026-08-13 10:18:23.195926+05:30,https://dhanarthi-stockguru.s3.amazonaws.com/company_logos_webp/FCL.webp,t,1 x
347ac884-b5e3-4aa4-9e53-da9756964eeb,13925,NFL,National Fertilizers Limited,NSE,INE870D01012,NSE_EQ,4598.6,t,2026-08-11 11:53:09.016559+05:30,2026-08-13 10:18:23.195926+05:30,https://dhanarthi-stockguru.s3.amazonaws.com/company_logos_webp/NFL.webp,t,3.11 x
00bf0250-08d7-4616-9b05-7fe1b59315d4,18268,AEROFLEX,Aeroflex Industries Limited,NSE,INE024001021,NSE_EQ,2398.29,t,2026-08-11 11:53:08.06671+05:30,2026-08-13 10:18:23.008337+05:30,,t,1 x
11b7a21c-2308-4089-992f-b1bf0cbf3145,12015,AEROENTER,Aeroflex Enterprises Limited,NSE,INE065D01027,NSE_EQ,1019.81,t,2026-08-11 11:53:08.06671+05:30,2026-08-13 10:18:23.086052+05:30,,t,1 x
1d7c43aa-3485-46c1-805d-029d364c6bd6,762543,AMBALALSA,Ambalal Sarabhai Enterprises Limited,NSE,INE432A01017,NSE_EQ,,t,2026-08-11 11:53:08.086537+05:30,2026-08-13 10:18:23.117308+05:30,,f,
213220b6-b2a0-4465-840c-69451a5b10a3,20194,AKSHARCHEM,AksharChem India Limited,NSE,INE542B01011,NSE_EQ,217.04,t,2026-08-11 11:53:08.086537+05:30,2026-08-13 10:18:23.117308+05:30,,f,
334e763a-b72a-4484-9ea7-6d3e14c46316,759769,ADVENTHTL,Advent Hotels International Limited,NSE,INE28GN01010,NSE_EQ,1275.7,t,2026-08-11 11:53:08.06671+05:30,2026-08-13 10:18:23.180302+05:30,,t,2 x
34b504c1-1eab-424e-b71d-69e2a2bf041b,7048,HESTERBIO,Hester Biosciences Limited,NSE,INE782E01017,NSE_EQ,1540.63,t,2026-08-11 11:53:07.566237+05:30,2026-08-13 10:18:23.195926+05:30,https://dhanarthi-stockguru.s3.amazonaws.com/company_logos_webp/HESTERBIO.webp,t,2 x
34c6ddce-ea99-44f3-8d66-171bb3c1baec,10791,NUCLEUS,Nucleus Software Exports Limited,NSE,INE096B01018,NSE_EQ,2660.57,t,2026-08-11 11:53:07.76627+05:30,2026-08-13 10:18:23.195926+05:30,https://dhanarthi-stockguru.s3.amazonaws.com/company_logos_webp/NUCLEUS.webp,t,2.5 x
350f3f56-b8a5-43fe-975e-4cf67c388344,21096,SAIFL,SAIFL,NSE,INE0PZA01015,NSE_EQ,72.86,t,2026-08-11 11:53:09.46984+05:30,2026-08-13 10:18:23.195926+05:30,https://dhanarthi-stockguru.s3.amazonaws.com/company_logos_webp/SAIFL.webp,f,
3558d374-564c-488c-8c3c-3d81dafac26f,24868,SUNLITE,SUNLITE,NSE,INE0U2N01013,NSE_EQ,221.51,t,2026-08-11 11:53:09.300416+05:30,2026-08-13 10:18:23.195926+05:30,https://dhanarthi-stockguru.s3.amazonaws.com/company_logos_webp/SUNLITE.webp,f,
356d06a1-b464-423a-bdc5-d7b4537fbc88,708,SHRADHA,Shradha Realty Limited,NSE,INE715Y01031,NSE_EQ,345.66,t,2026-08-11 11:53:08.006368+05:30,2026-08-13 10:18:23.195926+05:30,https://dhanarthi-stockguru.s3.amazonaws.com/company_logos_webp/SHRADHA.webp,f,
a896d1ff-aa47-42c3-9a5a-00bd0742fec1,"",AMIRCHAND,Amir Chand Jagdish Kumar (Exports) Limited,NSE,"",NSE_EQ,,t,2026-08-11 11:53:08.086537+05:30,2026-08-11 11:53:08.086537+05:30,,f,
35a08630-d157-4aac-9177-3dd6415f432d,10666,PNB,Punjab National Bank,NSE,INE160A01022,NSE_EQ,130939.29,t,2026-08-11 11:53:07.881945+05:30,2026-08-13 10:18:23.195926+05:30,https://dhanarthi-stockguru.s3.amazonaws.com/company_logos_webp/PNB.webp,t,4.35 x
35d3b6a6-030b-4db9-a3e3-00926b829de5,758002,SHANTIGOLD,Shanti Gold International Limited,NSE,INE06ZD01017,NSE_EQ,1571.31,t,2026-08-11 11:53:07.986943+05:30,2026-08-13 10:18:23.195926+05:30,,t,2.5 x
35e5185c-dd89-407d-bcd1-31d38690daa5,20134,RAMKY,Ramky Infrastructure Limited,NSE,INE874I01013,NSE_EQ,4081.33,t,2026-08-11 11:53:07.922696+05:30,2026-08-13 10:18:23.195926+05:30,https://dhanarthi-stockguru.s3.amazonaws.com/company_logos_webp/RAMKY.webp,t,2.5 x
3624be27-94c0-481c-af1b-f258d481b433,12716,TEAMLEASE,Teamlease Services Limited,NSE,INE985S01024,NSE_EQ,2981.76,t,2026-08-11 11:53:08.599841+05:30,2026-08-13 10:18:23.195926+05:30,https://dhanarthi-stockguru.s3.amazonaws.com/company_logos_webp/TEAMLEASE.webp,t,2.5 x
363fce5d-455a-4ae0-ac87-e89b2154f76d,11655,JBMA,JBM Auto Limited,NSE,INE927D01051,NSE_EQ,15063.36,t,2026-08-11 11:53:08.991121+05:30,2026-08-13 10:18:23.195926+05:30,https://dhanarthi-stockguru.s3.amazonaws.com/company_logos_webp/JBMA.webp,t,2.78 x
365b40e9-e647-4f6b-95c7-2e761e2b4147,6664,SIGACHI,Sigachi Industries Limited,NSE,INE0D0K01022,NSE_EQ,1403.91,t,2026-08-11 11:53:08.104534+05:30,2026-08-13 10:18:23.195926+05:30,https://dhanarthi-stockguru.s3.amazonaws.com/company_logos_webp/SIGACHI.webp,f,
368b6b7c-0849-4d41-8bc1-52783a38b0ff,1214,DELTAMAGNT,Delta Manufacturing Limited,NSE,INE393A01011,NSE_EQ,87.89,t,2026-08-11 11:53:07.435203+05:30,2026-08-13 10:18:23.195926+05:30,https://dhanarthi-stockguru.s3.amazonaws.com/company_logos_webp/DELTAMAGNT.webp,f,
369340e9-17f0-4a22-9e6b-f7d69a0a6f53,3237,JTEKTINDIA,Jtekt India Limited,NSE,INE643A01035,NSE_EQ,4072.83,t,2026-08-11 11:53:08.566457+05:30,2026-08-13 10:18:23.195926+05:30,https://dhanarthi-stockguru.s3.amazonaws.com/company_logos_webp/JTEKTINDIA.webp,t,2.9 x
369e0a14-ebde-40cc-9ad2-854d4b6e7b00,10859,DREAMFOLKS,Dreamfolks Services Limited,NSE,INE0JS101016,NSE_EQ,707.41,t,2026-08-11 11:53:08.283093+05:30,2026-08-13 10:18:23.195926+05:30,https://dhanarthi-stockguru.s3.amazonaws.com/company_logos_webp/DREAMFOLKS.webp,t,1 x
36c8b3d1-f2e9-4125-a324-3ffd7c2abb05,29284,VMART,V-Mart Retail Limited,NSE,INE665J01013,NSE_EQ,6204.96,t,2026-08-11 11:53:09.150053+05:30,2026-08-13 10:18:23.195926+05:30,https://dhanarthi-stockguru.s3.amazonaws.com/company_logos_webp/VMART.webp,t,3.01 x
36cee3f1-1b2d-4f5f-ba93-2a4fcdd94109,13126,REPRO,Repro India Limited,NSE,INE461B01014,NSE_EQ,719,t,2026-08-11 11:53:09.076099+05:30,2026-08-13 10:18:23.195926+05:30,https://dhanarthi-stockguru.s3.amazonaws.com/company_logos_webp/REPRO.webp,f,
36d6174b-2cb7-41ab-8be2-26851445dede,21154,ERIS,Eris Lifesciences Limited,NSE,INE406M01024,NSE_EQ,22579.21,t,2026-08-11 11:53:07.486795+05:30,2026-08-13 10:18:23.195926+05:30,https://dhanarthi-stockguru.s3.amazonaws.com/company_logos_webp/ERIS.webp,t,3.32 x
36d9dc95-75aa-43d0-b1f5-a5bf7f097183,11184,IDFCFIRSTB,IDFC First Bank Limited,NSE,INE092T01019,NSE_EQ,56605.59,t,2026-08-11 11:53:07.599427+05:30,2026-08-13 10:18:23.195926+05:30,https://dhanarthi-stockguru.s3.amazonaws.com/company_logos_webp/IDFCFIRSTB.webp,t,4.3 x
10ef881e-7aac-4739-817c-f7b7d94fb415,23365,AQYLON,Aqylon Nexus Limited,NSE,"",NSE_EQ,,t,2026-08-11 11:53:08.104534+05:30,2026-08-11 11:53:08.104534+05:30,,f,
80e5d02d-8f1c-46b5-8c2e-fd4b77067162,"",ASHIKA,Ashika Credit Capital Limited,NSE,"",NSE_EQ,,t,2026-08-11 11:53:08.11632+05:30,2026-08-11 11:53:08.11632+05:30,,f,
1bdbe6ac-c967-4fd1-a1d3-547aac76def7,759956,ARSSBL,Anand Rathi Share and Stock Brokers Limited,NSE,INE549H01021,NSE_EQ,3667.95,t,2026-08-11 11:53:08.121787+05:30,2026-08-13 10:18:23.101677+05:30,,t,3.14 x
36e99544-2c53-4090-a332-fbd74735f49b,15068,RELIGARE,Religare Enterprises Limited,NSE,INE621H01010,NSE_EQ,8325.77,t,2026-08-11 11:53:07.926341+05:30,2026-08-13 10:18:23.195926+05:30,https://dhanarthi-stockguru.s3.amazonaws.com/company_logos_webp/RELIGARE.webp,t,3.01 x
36ebbbe2-fc4e-4b39-b174-375db535136a,2987,NAZARA,Nazara Technologies Limited,NSE,INE418L01047,NSE_EQ,10381.03,t,2026-08-11 11:53:07.718134+05:30,2026-08-13 10:18:23.195926+05:30,,t,3.02 x
36f764ed-1933-4e7b-a9c1-6d445ad3ca30,10885,JFLLIFE,JFLLIFE,NSE,INE0LA901015,NSE_EQ,44.76,t,2026-08-11 11:53:09.501618+05:30,2026-08-13 10:18:23.195926+05:30,https://dhanarthi-stockguru.s3.amazonaws.com/company_logos_webp/JFLLIFE.webp,f,
37270c13-4d30-4c9c-bf76-62d796072bc7,25584,TRITURBINE,Triveni Turbine Limited,NSE,INE152M01016,NSE_EQ,17481.71,t,2026-08-11 11:53:08.749803+05:30,2026-08-13 10:18:23.195926+05:30,https://dhanarthi-stockguru.s3.amazonaws.com/company_logos_webp/TRITURBINE.webp,t,2.85 x
372f1947-0987-4141-9851-c1f52aa69a92,5054,GRINFRA,G R Infraprojects Limited,NSE,INE201P01022,NSE_EQ,11556.65,t,2026-08-11 11:53:07.549834+05:30,2026-08-13 10:18:23.195926+05:30,https://dhanarthi-stockguru.s3.amazonaws.com/company_logos_webp/GRINFRA.webp,t,3.4 x
3745f35f-a251-48bd-982b-1338bcd193fb,24545,MACOBSTECH,MACOBSTECH,NSE,INE0R0J01010,NSE_EQ,191.1,t,2026-08-11 11:53:09.316798+05:30,2026-08-13 10:18:23.195926+05:30,https://dhanarthi-stockguru.s3.amazonaws.com/company_logos_webp/MACOBSTECH.webp,f,
37574db3-027a-4754-b762-68111007eb74,4394,MIRZAINT,Mirza International Limited,NSE,INE771A01026,NSE_EQ,505.84,t,2026-08-11 11:53:07.649447+05:30,2026-08-13 10:18:23.195926+05:30,https://dhanarthi-stockguru.s3.amazonaws.com/company_logos_webp/MIRZAINT.webp,t,1 x
375af8cb-40eb-4171-91bc-a02e6e48fb36,11359,DHANBANK,Dhanlaxmi Bank Limited,NSE,INE680A01011,NSE_EQ,1049.61,t,2026-08-11 11:53:07.435203+05:30,2026-08-13 10:18:23.195926+05:30,https://dhanarthi-stockguru.s3.amazonaws.com/company_logos_webp/DHANBANK.webp,t,2 x
37ced3bc-f287-4092-aea3-4b7a81ec085f,11309,BALAXI,BALAXI PHARMACEUTICALS LIMITED,NSE,INE618N01022,NSE_EQ,233.48,t,2026-08-11 11:53:08.166796+05:30,2026-08-13 10:18:23.195926+05:30,https://dhanarthi-stockguru.s3.amazonaws.com/company_logos_webp/BALAXI.webp,f,
37de2835-3178-456a-8789-62a4ef732d25,15044,DELTACORP,Delta Corp Limited,NSE,INE124G01033,NSE_EQ,2142.4,t,2026-08-11 11:53:07.435203+05:30,2026-08-13 10:18:23.195926+05:30,https://dhanarthi-stockguru.s3.amazonaws.com/company_logos_webp/DELTACORP.webp,t,2.64 x
37e4aa3b-6e68-4385-b5c1-f4f37cf72b71,17333,MHRIL,Mahindra Holidays & Resorts India Limited,NSE,INE998I01010,NSE_EQ,6856.52,t,2026-08-11 11:53:07.649447+05:30,2026-08-13 10:18:23.195926+05:30,https://dhanarthi-stockguru.s3.amazonaws.com/company_logos_webp/MHRIL.webp,t,3.33 x
37eea552-9aa8-44fa-a6ae-d278e9883fa1,772,DABUR,Dabur India Limited,NSE,INE016A01026,NSE_EQ,90966.52,t,2026-08-11 11:53:07.429118+05:30,2026-08-13 10:18:23.195926+05:30,https://dhanarthi-stockguru.s3.amazonaws.com/company_logos_webp/DABUR.webp,t,4.55 x
37fd60ad-8d6e-442e-a866-cc33bc94a951,3045,SBIN,State Bank of India,NSE,INE062A01020,NSE_EQ,800557.85,t,2026-08-11 11:53:08.021031+05:30,2026-08-13 10:18:23.195926+05:30,https://dhanarthi-stockguru.s3.amazonaws.com/company_logos_webp/SBIN.webp,t,4.55 x
3823ecaa-8aa2-414b-b93c-30a1f8e0f7fe,17999,UNITEDTEA,The United Nilgiri Tea Estates Company Limited,NSE,INE458F01011,NSE_EQ,230.17,t,2026-08-11 11:53:08.823566+05:30,2026-08-13 10:18:23.195926+05:30,https://dhanarthi-stockguru.s3.amazonaws.com/company_logos_webp/UNITEDTEA.webp,f,
38887757-e987-420a-ae45-c68930423a06,760229,MEESHO,Meesho Limited,NSE,INE0VDM01015,NSE_EQ,86428.26,t,2026-08-11 11:53:07.649447+05:30,2026-08-13 10:18:23.195926+05:30,,t,2.93 x
388d4d67-3073-4942-b828-734e166b0717,11647,KOTARISUG,Kothari Sugars And Chemicals Limited,NSE,INE419A01022,NSE_EQ,259.52,t,2026-08-11 11:53:08.659038+05:30,2026-08-13 10:18:23.195926+05:30,https://dhanarthi-stockguru.s3.amazonaws.com/company_logos_webp/KOTARISUG.webp,f,
3895419f-c5ab-4be2-8349-5885b21ac026,15848,LATTEYS,Latteys Industries Limited,NSE,INE262Z01023,NSE_EQ,131.36,t,2026-08-11 11:53:08.733683+05:30,2026-08-13 10:18:23.195926+05:30,https://dhanarthi-stockguru.s3.amazonaws.com/company_logos_webp/LATTEYS.webp,f,
38ae7ae6-baa3-4f92-a7bf-919cea60c21c,128,ROUTE,ROUTE MOBILE LIMITED,NSE,INE450U01017,NSE_EQ,5080.64,t,2026-08-11 11:53:07.949052+05:30,2026-08-13 10:18:23.195926+05:30,https://dhanarthi-stockguru.s3.amazonaws.com/company_logos_webp/ROUTE.webp,t,3.11 x
38f254f5-fefd-48ca-8d04-b1de2907d7b5,760125,FABTECH,Fabtech Technologies Limited,NSE,INE0HF201011,NSE_EQ,988.4,t,2026-08-11 11:53:07.486795+05:30,2026-08-13 10:18:23.195926+05:30,,t,2 x
38f8f617-a662-4cfb-bb8a-e2a6a4a16132,27353,ROSSTECH,Rossell Techsys Limited,NSE,INE0OJW01016,NSE_EQ,2449.14,t,2026-08-11 11:53:07.947702+05:30,2026-08-13 10:18:23.195926+05:30,,t,2 x
38ff7270-4a06-4d8b-8113-b00ea4b969f6,263,ATUL,Atul Limited,NSE,INE100A01010,NSE_EQ,18556.83,t,2026-08-11 11:53:07.333244+05:30,2026-08-13 10:18:23.195926+05:30,https://dhanarthi-stockguru.s3.amazonaws.com/company_logos_webp/ATUL.webp,t,3.57 x
390d81e0-fd8a-49c2-978b-70de283f1170,13735,GLOBALVECT,Global Vectra Helicorp Limited,NSE,INE792H01019,NSE_EQ,303.99,t,2026-08-11 11:53:07.533088+05:30,2026-08-13 10:18:23.211542+05:30,https://dhanarthi-stockguru.s3.amazonaws.com/company_logos_webp/GLOBALVECT.webp,f,
3910c3b0-41d8-432c-832d-a57bc286071d,3965,REMSONSIND,Remsons Industries Limited,NSE,INE474C01023,NSE_EQ,442.5,t,2026-08-11 11:53:07.9329+05:30,2026-08-13 10:18:23.211542+05:30,https://dhanarthi-stockguru.s3.amazonaws.com/company_logos_webp/REMSONSIND.webp,t,1 x
393b6b28-0cd5-4fc0-b801-4ea5ad6f1b78,11543,COFORGE,Coforge Limited,NSE,INE591G01025,NSE_EQ,59303.37,t,2026-08-11 11:53:07.399737+05:30,2026-08-13 10:18:23.211542+05:30,https://dhanarthi-stockguru.s3.amazonaws.com/company_logos_webp/COFORGE.webp,t,3.81 x
393c83dd-7347-4714-b103-19812fc3d142,5394,MOL,Meghmani Organics Limited,NSE,INE0CT101020,NSE_EQ,2064.36,t,2026-08-11 11:53:07.67541+05:30,2026-08-13 10:18:23.211542+05:30,https://dhanarthi-stockguru.s3.amazonaws.com/company_logos_webp/MOL.webp,t,2.72 x
39b6cafc-2e45-4920-b530-aec1232c70fe,20642,JINDWORLD,Jindal Worldwide Limited,NSE,INE247D01039,NSE_EQ,3673.22,t,2026-08-11 11:53:08.532071+05:30,2026-08-13 10:18:23.211542+05:30,https://dhanarthi-stockguru.s3.amazonaws.com/company_logos_webp/JINDWORLD.webp,t,2.39 x
39f60167-18d5-4e14-b827-7ed7490c9789,21362,SALASAR,Salasar Techno Engineering Limited,NSE,INE170V01027,NSE_EQ,1504.22,t,2026-08-11 11:53:07.970286+05:30,2026-08-13 10:18:23.211542+05:30,,t,2.63 x
3a1cb0e8-4705-471d-adea-be61d2476286,20224,JWL,Jupiter Wagons Limited,NSE,INE209L01016,NSE_EQ,13827.72,t,2026-08-11 11:53:08.996627+05:30,2026-08-13 10:18:23.211542+05:30,https://dhanarthi-stockguru.s3.amazonaws.com/company_logos_webp/JWL.webp,t,2.72 x
1a9c77f6-17ae-4618-8a0c-932dc17c8ade,762573,BEEKAY,Beekay Steel Industries Limited,NSE,INE213D01015,NSE_EQ,,t,2026-08-11 11:53:08.173906+05:30,2026-08-13 10:18:23.101677+05:30,,f,
2db78b08-912f-4e9e-b209-e273699338c7,16123,BHARATWIRE,Bharat Wire Ropes Limited,NSE,INE316L01019,NSE_EQ,1263.13,t,2026-08-11 11:53:08.190785+05:30,2026-08-13 10:18:23.164175+05:30,,t,2.5 x
3a3f49a3-f529-4359-831d-2e57f2fbf48e,13976,TANLA,Tanla Platforms Limited,NSE,INE483C01032,NSE_EQ,8414.86,t,2026-08-11 11:53:08.555275+05:30,2026-08-13 10:18:23.211542+05:30,https://dhanarthi-stockguru.s3.amazonaws.com/company_logos_webp/TANLA.webp,t,2.71 x
3a4b20fa-8c75-4893-8f7c-94a4c967d044,17372,DRONE,DRONE,NSE,INE0P7201019,NSE_EQ,205.43,t,2026-08-11 11:53:09.307924+05:30,2026-08-13 10:18:23.211542+05:30,https://dhanarthi-stockguru.s3.amazonaws.com/company_logos_webp/DRONE.webp,f,
3a4d064b-7d1f-4088-b94b-bc16d5093ee4,3103,SHREECEM,SHREE CEMENT LIMITED,NSE,INE070A01015,NSE_EQ,104522.78,t,2026-08-11 11:53:08.006368+05:30,2026-08-13 10:18:23.211542+05:30,https://dhanarthi-stockguru.s3.amazonaws.com/company_logos_webp/SHREECEM.webp,t,4.55 x
3a5608e1-8353-4f3c-9be8-2eb5882c1af1,759402,ADVANCE,Advance Agrolife Limited,NSE,INE1B0W01010,NSE_EQ,804.72,t,2026-08-11 11:53:08.06671+05:30,2026-08-13 10:18:23.211542+05:30,,t,2 x
3a99424f-478a-4bc8-8bfb-da41e63c3651,7508,ZENTEC,Zen Technologies Limited,NSE,INE251B01027,NSE_EQ,13552.42,t,2026-08-11 11:53:09.200118+05:30,2026-08-13 10:18:23.211542+05:30,https://dhanarthi-stockguru.s3.amazonaws.com/company_logos_webp/ZENTEC.webp,t,2.8 x
3a9fd3e8-0f89-4431-abd3-5c10725b80da,18457,POWERINDIA,Hitachi Energy India Limited,NSE,INE07Y701011,NSE_EQ,86853.67,t,2026-08-11 11:53:07.888357+05:30,2026-08-13 10:18:23.211542+05:30,https://dhanarthi-stockguru.s3.amazonaws.com/company_logos_webp/POWERINDIA.webp,t,3.33 x
3aa1c5e8-361e-44ec-8746-725ea964c65a,23745,EMMIL,EMMIL,NSE,INE0S1L01013,NSE_EQ,216.48,t,2026-08-11 11:53:09.307924+05:30,2026-08-13 10:18:23.211542+05:30,https://dhanarthi-stockguru.s3.amazonaws.com/company_logos_webp/EMMIL.webp,f,
3ab8dc47-ba50-4f2c-8501-9c5b8488421a,1628,BECTORFOOD,Mrs. Bectors Food Specialities Limited,NSE,INE495P01020,NSE_EQ,8293.02,t,2026-08-11 11:53:08.916528+05:30,2026-08-13 10:18:23.211542+05:30,https://dhanarthi-stockguru.s3.amazonaws.com/company_logos_webp/BECTORFOOD.webp,t,1.56 x
3ac6c240-cb48-48a5-8485-9e12d2e14419,6227,DTIL,Dhunseri Tea & Industries Limited,NSE,INE341R01014,NSE_EQ,188.69,t,2026-08-11 11:53:08.285762+05:30,2026-08-13 10:18:23.211542+05:30,https://dhanarthi-stockguru.s3.amazonaws.com/company_logos_webp/DTIL.webp,f,
3ad75959-3d7e-45fe-ac39-7f77363473c7,9039,UFO,UFO Moviez India Limited,NSE,INE527H01019,NSE_EQ,295.74,t,2026-08-11 11:53:08.766558+05:30,2026-08-13 10:18:23.211542+05:30,https://dhanarthi-stockguru.s3.amazonaws.com/company_logos_webp/UFO.webp,t,1 x
3ae4ee79-358c-4293-8539-c8a130788048,14014,LUMAXTECH,Lumax Auto Technologies Limited,NSE,INE872H01027,NSE_EQ,8477.54,t,2026-08-11 11:53:07.830683+05:30,2026-08-13 10:18:23.211542+05:30,https://dhanarthi-stockguru.s3.amazonaws.com/company_logos_webp/LUMAXTECH.webp,t,2.62 x
3af722a3-0879-475a-b6fb-f4c9aae6d648,21218,ACCORD,ACCORD,NSE,INE113X01015,NSE_EQ,8.02,t,2026-08-11 11:53:09.574228+05:30,2026-08-13 10:18:23.211542+05:30,https://dhanarthi-stockguru.s3.amazonaws.com/company_logos_webp/ACCORD.webp,f,
3b0a342d-ddb4-4051-93ae-169ac1a9727d,762588,BIMETAL,Bimetal Bearings Limited,NSE,INE469A01019,NSE_EQ,,t,2026-08-11 11:53:08.183371+05:30,2026-08-13 10:18:23.211542+05:30,https://dhanarthi-stockguru.s3.amazonaws.com/company_logos_webp/BIMETAL.webp,f,
3b422eac-f189-4d92-8a03-654bdbc12089,5359,KRSNAA,Krsnaa Diagnostics Limited,NSE,INE08LI01020,NSE_EQ,2584.41,t,2026-08-11 11:53:08.691433+05:30,2026-08-13 10:18:23.211542+05:30,https://dhanarthi-stockguru.s3.amazonaws.com/company_logos_webp/KRSNAA.webp,t,2.5 x
3b570be2-fb7a-4d8d-9540-a9e941a05783,29098,DDEVPLSTIK,Ddev Plastiks Industries Limited,NSE,INE0HR601026,NSE_EQ,3155.9,t,2026-08-11 11:53:07.435203+05:30,2026-08-13 10:18:23.211542+05:30,,t,2.74 x
3b5dbf05-d420-4e7f-9977-ff294dc64a59,21392,MAGADSUGAR,Magadh Sugar & Energy Limited,NSE,INE347W01011,NSE_EQ,774.7,t,2026-08-11 11:53:07.632766+05:30,2026-08-13 10:18:23.211542+05:30,https://dhanarthi-stockguru.s3.amazonaws.com/company_logos_webp/MAGADSUGAR.webp,t,2 x
3b8e5a07-9e27-4c60-9061-e6709f30b65b,10637,OLECTRA,Olectra Greentech Limited,NSE,INE260D01016,NSE_EQ,11558.75,t,2026-08-11 11:53:09.024045+05:30,2026-08-13 10:18:23.211542+05:30,https://dhanarthi-stockguru.s3.amazonaws.com/company_logos_webp/OLECTRA.webp,t,2.74 x
3ba66886-a33c-414f-bd90-239ae7a27104,10604,BHARTIARTL,Bharti Airtel Limited,NSE,INE397D01024,NSE_EQ,1136251.29,t,2026-08-11 11:53:07.367129+05:30,2026-08-13 10:18:23.211542+05:30,https://dhanarthi-stockguru.s3.amazonaws.com/company_logos_webp/BHARTIARTL.webp,t,4.55 x
3bc8b0bc-134e-450a-8fb9-f58116fa9e98,18026,SBFC,SBFC Finance Limited,NSE,INE423Y01016,NSE_EQ,11872.31,t,2026-08-11 11:53:08.016442+05:30,2026-08-13 10:18:23.211542+05:30,https://dhanarthi-stockguru.s3.amazonaws.com/company_logos_webp/SBFC.webp,t,3.3 x
3bd8e8e0-ec77-4123-9386-184fc2f88106,1565,RVHL,Ravinder Heights Limited,NSE,INE09E501017,NSE_EQ,317.34,t,2026-08-11 11:53:07.949549+05:30,2026-08-13 10:18:23.211542+05:30,https://dhanarthi-stockguru.s3.amazonaws.com/company_logos_webp/RVHL.webp,f,
3f614905-dcd8-4715-8a1d-0d8f2ceac7ad,762603,BLIL,Balmer Lawrie Investments Limited,NSE,INE525F01025,NSE_EQ,,t,2026-08-11 11:53:08.190264+05:30,2026-08-13 10:18:23.22717+05:30,,f,
0b7b2141-8734-465e-a19a-f7e9afa49adf,8400,CALSOFT,California Software Company Limited,NSE,INE526B01014,NSE_EQ,25.26,t,2026-08-11 11:53:08.202533+05:30,2026-08-13 10:18:23.054106+05:30,,f,
11655a35-3665-4927-a6a7-01de93e74e7d,30893,CMRGREEN,CMR Green Technologies Limited,NSE,INE00WV01027,NSE_EQ,,t,2026-08-11 11:53:08.224447+05:30,2026-08-13 10:18:23.070417+05:30,,t,2 x
1e393009-58ce-4bc8-a7c6-e29502ff8a7f,24742,CEIGALL,Ceigall India Limited,NSE,INE0AG901020,NSE_EQ,4466.62,t,2026-08-11 11:53:08.21644+05:30,2026-08-13 10:18:23.117308+05:30,,t,3.32 x
3c01de31-47b6-4003-947b-1ae26879b66b,13702,VISHWARAJ,Vishwaraj Sugar Industries Limited,NSE,INE430N01022,NSE_EQ,181.42,t,2026-08-11 11:53:09.150053+05:30,2026-08-13 10:18:23.211542+05:30,https://dhanarthi-stockguru.s3.amazonaws.com/company_logos_webp/VISHWARAJ.webp,f,
3c1a2254-aca9-4698-b365-5ce6f2c775a7,16921,20MICRONS,20 Microns Limited,NSE,INE144J01027,NSE_EQ,771.02,t,2026-08-11 11:53:08.033343+05:30,2026-08-13 10:18:23.211542+05:30,https://dhanarthi-stockguru.s3.amazonaws.com/company_logos_webp/20MICRONS.webp,t,2 x
3c1f75d1-857f-4efb-a5da-f9cd7d5741fa,3646,VARDMNPOLY,Vardhman Polytex Limited,NSE,INE835A01029,NSE_EQ,391.8,t,2026-08-11 11:53:08.851822+05:30,2026-08-13 10:18:23.211542+05:30,https://dhanarthi-stockguru.s3.amazonaws.com/company_logos_webp/VARDMNPOLY.webp,f,
3c441278-2cbc-4590-bdb6-438a2c1607e4,8513,SURANI,SURANI,NSE,INE01ZJ01015,NSE_EQ,135.41,t,2026-08-11 11:53:09.367101+05:30,2026-08-13 10:18:23.211542+05:30,https://dhanarthi-stockguru.s3.amazonaws.com/company_logos_webp/SURANI.webp,f,
3c593fe6-3dc2-4ae5-bf2f-d7d3d2c278ed,9014,ANUP,The Anup Engineering Limited,NSE,INE294Z01018,NSE_EQ,4809.97,t,2026-08-11 11:53:08.902166+05:30,2026-08-13 10:18:23.211542+05:30,https://dhanarthi-stockguru.s3.amazonaws.com/company_logos_webp/ANUP.webp,t,2.74 x
3c60ef93-dd2b-4b1f-b7c4-72f57b77f3b6,3757,VENKEYS,Venky's (India) Limited,NSE,INE398A01010,NSE_EQ,2073.96,t,2026-08-11 11:53:08.883235+05:30,2026-08-13 10:18:23.211542+05:30,https://dhanarthi-stockguru.s3.amazonaws.com/company_logos_webp/VENKEYS.webp,t,2.5 x
3c7beecb-dbc8-4ed0-956d-c3470415acbb,9917,NEOGEN,Neogen Chemicals Limited,NSE,INE136S01016,NSE_EQ,3705.48,t,2026-08-11 11:53:09.016559+05:30,2026-08-13 10:18:23.211542+05:30,https://dhanarthi-stockguru.s3.amazonaws.com/company_logos_webp/NEOGEN.webp,t,2.65 x
3ca2c049-5052-4d63-85ed-bd0867d0f926,2493,ORIENTHOT,Oriental Hotels Limited,NSE,INE750A01020,NSE_EQ,2327.59,t,2026-08-11 11:53:07.81617+05:30,2026-08-13 10:18:23.211542+05:30,https://dhanarthi-stockguru.s3.amazonaws.com/company_logos_webp/ORIENTHOT.webp,t,2.5 x
3cd2b3ae-3c34-4441-a0c4-34068953e4b8,15337,RAIN,Rain Industries Limited,NSE,INE855B01025,NSE_EQ,4525.69,t,2026-08-11 11:53:09.051565+05:30,2026-08-13 10:18:23.211542+05:30,https://dhanarthi-stockguru.s3.amazonaws.com/company_logos_webp/RAIN.webp,t,2.61 x
3cf86eea-8a5d-405a-ac79-8cf386ff1070,23113,PRATHAM,PRATHAM,NSE,INE0QA601016,NSE_EQ,269.72,t,2026-08-11 11:53:09.266611+05:30,2026-08-13 10:18:23.211542+05:30,https://dhanarthi-stockguru.s3.amazonaws.com/company_logos_webp/PRATHAM.webp,f,
3cfd66b2-2f4c-48c4-9771-c5f2f6bebc68,24308,ABDL,Allied Blenders and Distillers Limited,NSE,INE552Z01027,NSE_EQ,15523.35,t,2026-08-11 11:53:08.883235+05:30,2026-08-13 10:18:23.211542+05:30,https://dhanarthi-stockguru.s3.amazonaws.com/company_logos_webp/ABDL.webp,t,2.97 x
3d01bb80-2fb2-4a2f-a7da-e4b11a2d6b40,760183,CLEANMAX,Clean Max Enviro Energy Solutions Limited,NSE,INE647U01026,NSE_EQ,,t,2026-08-11 11:53:08.224447+05:30,2026-08-13 10:18:23.211542+05:30,,t,3.14 x
3d16d1fd-ff57-4be4-9f1c-78c6649378d1,1267,GUJALKALI,Gujarat Alkalies and Chemicals Limited,NSE,INE186A01019,NSE_EQ,4117.24,t,2026-08-11 11:53:07.549834+05:30,2026-08-13 10:18:23.211542+05:30,https://dhanarthi-stockguru.s3.amazonaws.com/company_logos_webp/GUJALKALI.webp,t,1 x
3d21d41b-eb3f-4473-9bdc-90e8e267ee50,18721,NUVAMA,Nuvama Wealth Management Limited,NSE,INE531F01023,NSE_EQ,25487.64,t,2026-08-11 11:53:09.024045+05:30,2026-08-13 10:18:23.211542+05:30,https://dhanarthi-stockguru.s3.amazonaws.com/company_logos_webp/NUVAMA.webp,t,2.38 x
3d4c8c50-bec3-4818-a01a-9d97844efd17,13786,TORNTPOWER,Torrent Power Limited,NSE,INE813H01021,NSE_EQ,65821.4,t,2026-08-11 11:53:08.724927+05:30,2026-08-13 10:18:23.211542+05:30,https://dhanarthi-stockguru.s3.amazonaws.com/company_logos_webp/TORNTPOWER.webp,t,3.19 x
3d564f78-7d46-412d-b503-1324bc44af3f,14506,SYSTANGO,SYSTANGO,NSE,INE0O7R01011,NSE_EQ,389.92,t,2026-08-11 11:53:08.316303+05:30,2026-08-13 10:18:23.211542+05:30,https://dhanarthi-stockguru.s3.amazonaws.com/company_logos_webp/SYSTANGO.webp,f,
3e3af115-d397-4d57-8ccc-96c005465869,236,ASIANPAINT,Asian Paints Limited,NSE,INE021A01026,NSE_EQ,246425.22,t,2026-08-11 11:53:08.909904+05:30,2026-08-13 10:18:23.211542+05:30,https://dhanarthi-stockguru.s3.amazonaws.com/company_logos_webp/ASIANPAINT.webp,t,4.55 x
3e400a50-936d-49c2-aaae-560068c6c89b,11971,GOLDIAM,Goldiam International Limited,NSE,INE025B01025,NSE_EQ,4080.22,t,2026-08-11 11:53:08.349673+05:30,2026-08-13 10:18:23.211542+05:30,https://dhanarthi-stockguru.s3.amazonaws.com/company_logos_webp/GOLDIAM.webp,t,2.33 x
cb02b84f-8263-4ff4-a8f3-779ca45bc68f,13846,CLCIND,CLC Industries Limited,NSE,"",NSE_EQ,,t,2026-08-11 11:53:08.224447+05:30,2026-08-11 11:53:08.224447+05:30,,f,
3e4a664c-4dea-455e-88a2-e957b1c55a42,1232,GRASIM,Grasim Industries Limited,NSE,INE047A01021,NSE_EQ,190074.68,t,2026-08-11 11:53:07.549834+05:30,2026-08-13 10:18:23.211542+05:30,https://dhanarthi-stockguru.s3.amazonaws.com/company_logos_webp/GRASIM.webp,t,4.55 x
3e51ce20-5c9b-41f3-a494-68e2091fbd7e,24190,SYMPHONY,Symphony Limited,NSE,INE225D01027,NSE_EQ,6551.16,t,2026-08-11 11:53:08.533071+05:30,2026-08-13 10:18:23.211542+05:30,https://dhanarthi-stockguru.s3.amazonaws.com/company_logos_webp/SYMPHONY.webp,t,3.24 x
0259b6de-1871-4352-ac70-9fa8caecc49f,762653,ELANTAS,Elantas Beck India Limited,NSE,INE280B01018,NSE_EQ,,t,2026-08-11 11:53:08.268362+05:30,2026-08-13 10:18:23.023985+05:30,,f,
0eec94a2-b574-4d70-82de-803c1e6020f4,28662,DAMCAPITAL,Dam Capital Advisors Limited,NSE,INE284H01025,NSE_EQ,1648.93,t,2026-08-11 11:53:08.234674+05:30,2026-08-13 10:18:23.070417+05:30,,t,2.5 x
2c3e75d5-ead3-442d-9e9d-64b6613b6501,3387,SMLMAH,SML Mahindra Limited,NSE,INE294B01019,NSE_EQ,4948.69,t,2026-08-11 11:53:08.249896+05:30,2026-08-13 10:18:23.164175+05:30,,t,2 x
3e8e4c84-b993-4796-baaf-17170bf977e2,2433,NIRLON,Nirlon Limited,NSE,INE910A01012,NSE_EQ,,t,2026-08-11 11:53:08.582082+05:30,2026-08-13 10:18:23.22717+05:30,https://dhanarthi-stockguru.s3.amazonaws.com/company_logos_webp/NIRLON.webp,f,
3e9d103c-2507-41c0-bd07-c5e465ffbe8d,10971,MEGAFLEX,MEGAFLEX,NSE,INE0G1D01014,NSE_EQ,86.74,t,2026-08-11 11:53:09.449543+05:30,2026-08-13 10:18:23.22717+05:30,https://dhanarthi-stockguru.s3.amazonaws.com/company_logos_webp/MEGAFLEX.webp,f,
858c7d96-2fce-4120-b621-0daedee8b912,760898,DCMSIL,DCM Shriram International Limited,NSE,"",NSE_EQ,,t,2026-08-11 11:53:08.234674+05:30,2026-08-11 11:53:08.234674+05:30,,f,
3e9dc341-ad6b-4de2-894d-c68fed861734,11041,DCMNVL,DCM Nouvelle Limited,NSE,INE08KP01019,NSE_EQ,295.54,t,2026-08-11 11:53:07.432694+05:30,2026-08-13 10:18:23.22717+05:30,https://dhanarthi-stockguru.s3.amazonaws.com/company_logos_webp/DCMNVL.webp,f,
3ea49a43-9577-47e6-bdd4-7a24a73f3bfd,23074,SHREEKARNI,SHREEKARNI,NSE,INE0S4Y01010,NSE_EQ,393.43,t,2026-08-11 11:53:08.268362+05:30,2026-08-13 10:18:23.22717+05:30,https://dhanarthi-stockguru.s3.amazonaws.com/company_logos_webp/SHREEKARNI.webp,f,
3ecb838d-9669-4dbb-a6e0-57c925bf4523,757336,AEGISVOPAK,Aegis Vopak Terminals Limited,NSE,INE0INX01018,NSE_EQ,28636.67,t,2026-08-11 11:53:07.26652+05:30,2026-08-13 10:18:23.22717+05:30,,t,2.82 x
3ecc1d51-27a5-4724-9e72-c8dc1eb7383e,17869,JSWENERGY,JSW Energy Limited,NSE,INE121E01018,NSE_EQ,90095.94,t,2026-08-11 11:53:08.555275+05:30,2026-08-13 10:18:23.22717+05:30,https://dhanarthi-stockguru.s3.amazonaws.com/company_logos_webp/JSWENERGY.webp,t,4.1 x
3ed8c6bc-120e-48aa-96b8-0f75532973c5,13766,DUCOL,DUCOL,NSE,INE0LZO01015,NSE_EQ,258.99,t,2026-08-11 11:53:09.283727+05:30,2026-08-13 10:18:23.22717+05:30,https://dhanarthi-stockguru.s3.amazonaws.com/company_logos_webp/DUCOL.webp,f,
3eea55e8-8a6f-4a52-98dc-e9e09ffe6a8d,4244,HDFCAMC,HDFC Asset Management Company Limited,NSE,INE127D01025,NSE_EQ,117480.14,t,2026-08-11 11:53:07.566237+05:30,2026-08-13 10:18:23.22717+05:30,https://dhanarthi-stockguru.s3.amazonaws.com/company_logos_webp/HDFCAMC.webp,t,4.17 x
3eedbf2d-8981-4cb3-a0b6-d4fb1bde45d3,1190,FMGOETZE,Federal-Mogul Goetze (India) Limited.,NSE,INE529A01010,NSE_EQ,2882.27,t,2026-08-11 11:53:08.316303+05:30,2026-08-13 10:18:23.22717+05:30,https://dhanarthi-stockguru.s3.amazonaws.com/company_logos_webp/FMGOETZE.webp,t,2.5 x
3f0c6627-8a2e-4653-9a8c-36c0ba3461da,757991,CHEMBONDCH,Chembond Chemicals Limited,NSE,INE0TGX01019,NSE_EQ,454.5,t,2026-08-11 11:53:07.399737+05:30,2026-08-13 10:18:23.22717+05:30,,f,
3f1114d5-26ec-49a2-bc57-169df71e71bc,13680,NRL,Nupur Recyclers Limited,NSE,INE0JM501013,NSE_EQ,472.75,t,2026-08-11 11:53:07.763047+05:30,2026-08-13 10:18:23.22717+05:30,https://dhanarthi-stockguru.s3.amazonaws.com/company_logos_webp/NRL.webp,f,
3f478381-9ef7-4133-82c5-ddc9e7f61b13,12037,BASML,Bannari Amman Spinning Mills Limited,NSE,INE186H01022,NSE_EQ,229.45,t,2026-08-11 11:53:07.357961+05:30,2026-08-13 10:18:23.22717+05:30,https://dhanarthi-stockguru.s3.amazonaws.com/company_logos_webp/BASML.webp,f,
3f87576f-da9e-4040-abff-54d82d6c9726,1073,FOSECOIND,Foseco India Limited,NSE,INE519A01011,NSE_EQ,3466.01,t,2026-08-11 11:53:08.326737+05:30,2026-08-13 10:18:23.22717+05:30,https://dhanarthi-stockguru.s3.amazonaws.com/company_logos_webp/FOSECOIND.webp,t,2.86 x
3f8a2c2d-d5eb-431d-b076-84219e42cde5,15083,ADANIPORTS,Adani Ports and Special Economic Zone Limited,NSE,INE742F01042,NSE_EQ,308664.31,t,2026-08-11 11:53:07.26652+05:30,2026-08-13 10:18:23.22717+05:30,https://dhanarthi-stockguru.s3.amazonaws.com/company_logos_webp/ADANIPORTS.webp,t,4 x
3f9cea64-1bed-4a85-b775-e73b91061071,23925,BEACON,BEACON,NSE,INE639X01027,NSE_EQ,123.1,t,2026-08-11 11:53:09.392936+05:30,2026-08-13 10:18:23.22717+05:30,https://dhanarthi-stockguru.s3.amazonaws.com/company_logos_webp/BEACON.webp,f,
3fa53b85-8bba-47fe-93fc-5465a6ebe7d9,14319,TFL,Transwarranty Finance Limited,NSE,INE804H01012,NSE_EQ,83.12,t,2026-08-11 11:53:08.639972+05:30,2026-08-13 10:18:23.22717+05:30,https://dhanarthi-stockguru.s3.amazonaws.com/company_logos_webp/TFL.webp,f,
3fdaaf5c-b5c7-476f-b649-6f6d16f6d1ca,19253,ARABIAN,ARABIAN,NSE,INE08NJ01024,NSE_EQ,82.66,t,2026-08-11 11:53:09.450055+05:30,2026-08-13 10:18:23.22717+05:30,https://dhanarthi-stockguru.s3.amazonaws.com/company_logos_webp/ARABIAN.webp,f,
3fdceafa-17ed-43bc-9ae4-5ea692860b9e,758748,MEIL,Mangal Electrical Industries Limited,NSE,INE0PKD01011,NSE_EQ,1239.56,t,2026-08-11 11:53:07.649447+05:30,2026-08-13 10:18:23.22717+05:30,,f,
40132115-e1ef-4270-989a-b3843bed1ef4,79,ALEMBICLTD,Alembic Limited,NSE,INE426A01027,NSE_EQ,2702.12,t,2026-08-11 11:53:08.086537+05:30,2026-08-13 10:18:23.22717+05:30,https://dhanarthi-stockguru.s3.amazonaws.com/company_logos_webp/ALEMBICLTD.webp,t,2.5 x
4016b862-49f5-4c34-aedf-bb168dee582a,14813,ADSL,Allied Digital Services Limited,NSE,INE102I01027,NSE_EQ,968.27,t,2026-08-11 11:53:08.06671+05:30,2026-08-13 10:18:23.22717+05:30,https://dhanarthi-stockguru.s3.amazonaws.com/company_logos_webp/ADSL.webp,t,2 x
40297b2d-06c0-4b96-a1e1-24e0625281e5,11355,PTC,PTC India Limited,NSE,INE877F01012,NSE_EQ,5094.84,t,2026-08-11 11:53:09.041508+05:30,2026-08-13 10:18:23.22717+05:30,https://dhanarthi-stockguru.s3.amazonaws.com/company_logos_webp/PTC.webp,t,3.16 x
403f57b4-69c0-4c47-83c4-cd6d3f5b363b,23789,IEML,IEML,NSE,INE0RRU01016,NSE_EQ,185.5,t,2026-08-11 11:53:09.316798+05:30,2026-08-13 10:18:23.22717+05:30,https://dhanarthi-stockguru.s3.amazonaws.com/company_logos_webp/IEML.webp,f,
4e71b7d2-faf3-4dc7-8431-cda35c1ee9ff,6973,DMCC,DMCC SPECIALITY CHEMICALS LIMITED,NSE,INE505A01010,NSE_EQ,732.87,t,2026-08-11 11:53:08.268362+05:30,2026-08-13 10:18:23.276258+05:30,,t,2 x
1170a88d-e875-4a08-aced-3ac35145799e,760893,DSFCL,DCM Shriram Fine Chemicals Limited,NSE,"",NSE_EQ,,t,2026-08-11 11:53:08.268362+05:30,2026-08-11 11:53:08.268362+05:30,,f,
169a31bd-c9eb-44e3-9adb-2a3bdcc6297f,762673,EMPOWER,Empower India Limited,NSE,INE507F01023,NSE_EQ,,t,2026-08-11 11:53:08.285762+05:30,2026-08-13 10:18:23.086052+05:30,,f,
30ea23fe-e95e-4323-a456-3270b8376c82,760007,EXCELSOFT,Excelsoft Technologies Limited,NSE,INE606N01019,NSE_EQ,1123.58,t,2026-08-11 11:53:08.300128+05:30,2026-08-13 10:18:23.180302+05:30,,t,2 x
4049d426-6467-4254-91da-000d5ccc52aa,23373,VISHWAS,VISHWAS,NSE,INE0S2E01016,NSE_EQ,54.11,t,2026-08-11 11:53:09.48377+05:30,2026-08-13 10:18:23.22717+05:30,https://dhanarthi-stockguru.s3.amazonaws.com/company_logos_webp/VISHWAS.webp,f,
404bc6ab-b81b-443a-ba67-ac976f51358f,7518,TREJHARA,TREJHARA SOLUTIONS LIMITED,NSE,INE00CA01015,NSE_EQ,322.57,t,2026-08-11 11:53:08.741671+05:30,2026-08-13 10:18:23.22717+05:30,https://dhanarthi-stockguru.s3.amazonaws.com/company_logos_webp/TREJHARA.webp,f,
405c7020-8858-48f6-9a95-88e0df913fa4,2599,PARTYCRUS,PARTYCRUS,NSE,INE06ZX01015,NSE_EQ,90.56,t,2026-08-11 11:53:09.433391+05:30,2026-08-13 10:18:23.22717+05:30,https://dhanarthi-stockguru.s3.amazonaws.com/company_logos_webp/PARTYCRUS.webp,f,
40730881-8e0b-4ec5-8d52-851e8856226a,17088,MAGSON,MAGSON,NSE,INE0O1S01012,NSE_EQ,107,t,2026-08-11 11:53:09.402111+05:30,2026-08-13 10:18:23.22717+05:30,https://dhanarthi-stockguru.s3.amazonaws.com/company_logos_webp/MAGSON.webp,f,
40b01d5c-57de-4ac4-878c-b7778edbd2ed,20899,EFORCE,EFORCE,NSE,INE0Q1W01012,NSE_EQ,96.29,t,2026-08-11 11:53:09.421327+05:30,2026-08-13 10:18:23.22717+05:30,https://dhanarthi-stockguru.s3.amazonaws.com/company_logos_webp/EFORCE.webp,f,
40cba904-d33c-4fc7-81d8-5bbb756c156a,19386,OLIL,OLIL,NSE,INE0OPS01011,NSE_EQ,117.42,t,2026-08-11 11:53:09.400513+05:30,2026-08-13 10:18:23.22717+05:30,https://dhanarthi-stockguru.s3.amazonaws.com/company_logos_webp/OLIL.webp,f,
40d0231c-514a-4366-97e8-cea38e632c9f,25977,AFCONS,Afcons Infrastructure Limited,NSE,INE101I01011,NSE_EQ,15615.64,t,2026-08-11 11:53:07.26652+05:30,2026-08-13 10:18:23.22717+05:30,https://dhanarthi-stockguru.s3.amazonaws.com/company_logos_webp/AFCONS.webp,t,3.25 x
40e4a515-969d-49e3-ad95-8537faaff024,20778,JAMNAAUTO,Jamna Auto Industries Limited,NSE,INE039C01032,NSE_EQ,4137.49,t,2026-08-11 11:53:08.98326+05:30,2026-08-13 10:18:23.22717+05:30,https://dhanarthi-stockguru.s3.amazonaws.com/company_logos_webp/JAMNAAUTO.webp,t,2.96 x
4153b68e-369d-4f92-9f54-37262389a2a1,8614,INDOBORAX,Indo Borax & Chemicals Limited,NSE,INE803D01021,NSE_EQ,804.58,t,2026-08-11 11:53:08.423661+05:30,2026-08-13 10:18:23.22717+05:30,https://dhanarthi-stockguru.s3.amazonaws.com/company_logos_webp/INDOBORAX.webp,f,
41648825-9767-40e1-8c37-36d0a1d828f8,4898,FDC,FDC Limited,NSE,INE258B01022,NSE_EQ,7372.23,t,2026-08-11 11:53:07.499428+05:30,2026-08-13 10:18:23.22717+05:30,https://dhanarthi-stockguru.s3.amazonaws.com/company_logos_webp/FDC.webp,t,3.4 x
416694e9-27cb-44cc-810d-b5b4b83b6bd5,14523,ICRA,ICRA Limited,NSE,INE725G01011,NSE_EQ,6141.17,t,2026-08-11 11:53:08.416863+05:30,2026-08-13 10:18:23.22717+05:30,https://dhanarthi-stockguru.s3.amazonaws.com/company_logos_webp/ICRA.webp,t,3.77 x
416697c3-e32b-4374-94e6-98e319d586d7,3509,TNPETRO,Tamilnadu PetroProducts Limited,NSE,INE148A01019,NSE_EQ,956.49,t,2026-08-11 11:53:08.70061+05:30,2026-08-13 10:18:23.22717+05:30,https://dhanarthi-stockguru.s3.amazonaws.com/company_logos_webp/TNPETRO.webp,t,2 x
419860da-76f8-4952-af2b-44f9c48c001a,2289,HLEGLAS,HLE Glascoat Limited,NSE,INE461D01028,NSE_EQ,3294.63,t,2026-08-11 11:53:08.404244+05:30,2026-08-13 10:18:23.22717+05:30,https://dhanarthi-stockguru.s3.amazonaws.com/company_logos_webp/HLEGLAS.webp,t,2.58 x
41aae8da-7454-4171-bc6e-0c02dc9dfcf2,24966,SURAJLTD,Suraj Limited,NSE,INE713C01016,NSE_EQ,573.73,t,2026-08-11 11:53:08.499691+05:30,2026-08-13 10:18:23.22717+05:30,https://dhanarthi-stockguru.s3.amazonaws.com/company_logos_webp/SURAJLTD.webp,f,
41b9c7ec-5f2f-4137-a2e7-ef8a903fa56b,17397,PREMEXPLN,Premier Explosives Limited,NSE,INE863B01029,NSE_EQ,2944.71,t,2026-08-11 11:53:07.899672+05:30,2026-08-13 10:18:23.22717+05:30,https://dhanarthi-stockguru.s3.amazonaws.com/company_logos_webp/PREMEXPLN.webp,t,1 x
420b2ff4-4e3d-4218-a140-6ec993e44f09,20196,BEDMUTHA,Bedmutha Industries Limited,NSE,INE844K01012,NSE_EQ,420.19,t,2026-08-11 11:53:07.357961+05:30,2026-08-13 10:18:23.22717+05:30,https://dhanarthi-stockguru.s3.amazonaws.com/company_logos_webp/BEDMUTHA.webp,f,
4222f4c1-4e18-41ee-bf00-5d55c21d4069,17881,DBCORP,D.B.Corp Limited,NSE,INE950I01011,NSE_EQ,4735.56,t,2026-08-11 11:53:08.234674+05:30,2026-08-13 10:18:23.22717+05:30,https://dhanarthi-stockguru.s3.amazonaws.com/company_logos_webp/DBCORP.webp,t,2.86 x
422faeda-69c6-41f8-a7c7-70142040b059,757919,BORANA,Borana Weaves Limited,NSE,INE16SF01016,NSE_EQ,640.69,t,2026-08-11 11:53:07.384171+05:30,2026-08-13 10:18:23.22717+05:30,,t,2 x
4254136f-26dc-46d0-95de-cc700a8de5d7,18035,SANGANI,SANGANI,NSE,INE0OVI01010,NSE_EQ,91.07,t,2026-08-11 11:53:09.433391+05:30,2026-08-13 10:18:23.22717+05:30,https://dhanarthi-stockguru.s3.amazonaws.com/company_logos_webp/SANGANI.webp,f,
428ae503-5d96-4aaf-bcb3-c9d4c037a947,513,BOMDYEING,Bombay Dyeing & Mfg Company Limited,NSE,INE032A01023,NSE_EQ,3354.09,t,2026-08-11 11:53:07.384171+05:30,2026-08-13 10:18:23.22717+05:30,,t,2.5 x
4290ce26-06a5-43ec-b716-a9acfb41a04b,936,DPABHUSHAN,D. P. Abhushan Limited,NSE,INE266Y01019,NSE_EQ,3463.17,t,2026-08-11 11:53:08.268362+05:30,2026-08-13 10:18:23.22717+05:30,https://dhanarthi-stockguru.s3.amazonaws.com/company_logos_webp/DPABHUSHAN.webp,t,1 x
42dc536a-2849-4b1a-8d1a-61f720696780,9902,AXITA,Axita Cotton Limited,NSE,INE02EZ01022,NSE_EQ,321.84,t,2026-08-11 11:53:08.152119+05:30,2026-08-13 10:18:23.22717+05:30,https://dhanarthi-stockguru.s3.amazonaws.com/company_logos_webp/AXITA.webp,f,
42ed5ae2-a926-4329-abc3-8bc411df15e2,2837,RANASUG,Rana Sugars Limited,NSE,INE625B01014,NSE_EQ,218.93,t,2026-08-11 11:53:07.923682+05:30,2026-08-13 10:18:23.22717+05:30,https://dhanarthi-stockguru.s3.amazonaws.com/company_logos_webp/RANASUG.webp,f,
42f44974-6525-405a-813c-b4add92dfdbe,13251,SAKUMA,Sakuma Exports Limited,NSE,INE190H01024,NSE_EQ,402.42,t,2026-08-11 11:53:07.970286+05:30,2026-08-13 10:18:23.22717+05:30,https://dhanarthi-stockguru.s3.amazonaws.com/company_logos_webp/SAKUMA.webp,f,
42fb0fe2-baf8-466d-9a42-9bd782105c2c,11411,RKFORGE,Ramkrishna Forgings Limited,NSE,INE399G01023,NSE_EQ,10237.36,t,2026-08-11 11:53:07.9329+05:30,2026-08-13 10:18:23.22717+05:30,https://dhanarthi-stockguru.s3.amazonaws.com/company_logos_webp/RKFORGE.webp,t,3.09 x
433a164c-af2a-4a33-84bb-d799fa5e3d44,27047,MASTERTR,Master Trust Limited,NSE,INE677D01037,NSE_EQ,1569.01,t,2026-08-11 11:53:08.87527+05:30,2026-08-13 10:18:23.22717+05:30,https://dhanarthi-stockguru.s3.amazonaws.com/company_logos_webp/MASTERTR.webp,t,2.3 x
4341ba34-30df-4f1a-8cf4-dfcc108e307e,17625,MOLDTECH,Mold-Tek Technologies Limited,NSE,INE835B01035,NSE_EQ,484.93,t,2026-08-11 11:53:07.67541+05:30,2026-08-13 10:18:23.242801+05:30,https://dhanarthi-stockguru.s3.amazonaws.com/company_logos_webp/MOLDTECH.webp,f,
4a98f10f-6e0c-44a8-888a-16331e3fdac9,759797,EUROPRATIK,Euro Pratik Sales Limited,NSE,INE198501012,NSE_EQ,3102.55,t,2026-08-11 11:53:08.300128+05:30,2026-08-13 10:18:23.260619+05:30,,t,2.5 x
0ad05525-04f5-45b6-b04a-801412caf505,760118,GLOTTIS,Glottis Limited,NSE,INE0TQE01026,NSE_EQ,632.45,t,2026-08-11 11:53:08.349673+05:30,2026-08-13 10:18:23.054106+05:30,,f,
1933f956-e20e-424d-93ed-3d830a15d169,29204,STALLION,Stallion India Fluorochemicals Limited,NSE,INE0RYC01010,NSE_EQ,1563.16,t,2026-08-11 11:53:08.333105+05:30,2026-08-13 10:18:23.101677+05:30,,f,
40a7e1cf-6bfc-43f3-8173-8730e8d0dcbf,758978,STLNETWORK,STL Networks Limited,NSE,INE1VXE01018,NSE_EQ,1227.3,t,2026-08-11 11:53:08.349673+05:30,2026-08-13 10:18:23.22717+05:30,,f,
43db4df6-611d-4fd2-8ced-b6a94454af22,6006,COASTCORP,Coastal Corporation Limited,NSE,INE377E01024,NSE_EQ,257.95,t,2026-08-11 11:53:08.224447+05:30,2026-08-13 10:18:23.242801+05:30,https://dhanarthi-stockguru.s3.amazonaws.com/company_logos_webp/COASTCORP.webp,f,
43e5ba0b-beac-4062-a660-48509ba0d456,25513,PHOGLOBAL,PHOGLOBAL,NSE,INE0FPO01018,NSE_EQ,41.19,t,2026-08-11 11:53:09.516964+05:30,2026-08-13 10:18:23.242801+05:30,https://dhanarthi-stockguru.s3.amazonaws.com/company_logos_webp/PHOGLOBAL.webp,f,
43f5af25-b3fb-47ee-8ed2-0223b810e54b,25671,SAHASRA,SAHASRA,NSE,INE0RBQ01018,NSE_EQ,720.39,t,2026-08-11 11:53:09.21661+05:30,2026-08-13 10:18:23.242801+05:30,https://dhanarthi-stockguru.s3.amazonaws.com/company_logos_webp/SAHASRA.webp,f,
43ff3344-dbce-44aa-abb7-5b24aa3407e9,18018,GATECH,GACM Technologies Limited,NSE,INE224E01028,NSE_EQ,70.3,t,2026-08-11 11:53:07.522076+05:30,2026-08-13 10:18:23.242801+05:30,https://dhanarthi-stockguru.s3.amazonaws.com/company_logos_webp/GATECH.webp,f,
cacc51dc-e574-4f23-aa1d-3a85dc351e9f,760179,GAUDIUMIVF,Gaudium IVF and Women Health Limited,NSE,"",NSE_EQ,,t,2026-08-11 11:53:08.326737+05:30,2026-08-11 11:53:08.326737+05:30,,f,
448b06dd-d655-47a2-93fe-3cd9087b99c0,12490,VINNY,Vinny Overseas Limited,NSE,INE01KI01027,NSE_EQ,60.25,t,2026-08-11 11:53:09.145235+05:30,2026-08-13 10:18:23.242801+05:30,https://dhanarthi-stockguru.s3.amazonaws.com/company_logos_webp/VINNY.webp,f,
44a2a774-f061-4a58-8097-988b6b091194,15204,ARIES,Aries Agro Limited,NSE,INE298I01015,NSE_EQ,484.62,t,2026-08-11 11:53:08.121787+05:30,2026-08-13 10:18:23.244995+05:30,https://dhanarthi-stockguru.s3.amazonaws.com/company_logos_webp/ARIES.webp,t,1 x
44d096df-9749-4c7a-9a7b-7bd26eb9191b,25443,KALANA,KALANA,NSE,INE0T0L01014,NSE_EQ,44.72,t,2026-08-11 11:53:09.516964+05:30,2026-08-13 10:18:23.244995+05:30,https://dhanarthi-stockguru.s3.amazonaws.com/company_logos_webp/KALANA.webp,f,
44eff2cd-cb32-47f5-bb24-e706597497fd,100,ARE&M,Amara Raja Energy & Mobility Limited,NSE,INE885A01032,NSE_EQ,17873.44,t,2026-08-11 11:53:08.905167+05:30,2026-08-13 10:18:23.244995+05:30,https://dhanarthi-stockguru.s3.amazonaws.com/company_logos_webp/GEPIL.webp,t,3.25 x
45258e65-2c1a-49ac-bb4f-2b98caac48c2,19111,NBIFIN,N. B. I. Industrial Finance Company Limited,NSE,INE365I01020,NSE_EQ,751.34,t,2026-08-11 11:53:08.566457+05:30,2026-08-13 10:18:23.244995+05:30,https://dhanarthi-stockguru.s3.amazonaws.com/company_logos_webp/NBIFIN.webp,f,
4548baaa-596a-4573-bdda-253d53a642fe,18593,EMSLIMITED,EMS Limited,NSE,INE0OV601013,NSE_EQ,2949.2,t,2026-08-11 11:53:08.285762+05:30,2026-08-13 10:18:23.244995+05:30,https://dhanarthi-stockguru.s3.amazonaws.com/company_logos_webp/EMSLIMITED.webp,t,2.46 x
454c0601-2801-4374-809b-7b87de557827,11364,VAIBHAVGBL,Vaibhav Global Limited,NSE,INE884A01027,NSE_EQ,3927.93,t,2026-08-11 11:53:08.851822+05:30,2026-08-13 10:18:23.244995+05:30,https://dhanarthi-stockguru.s3.amazonaws.com/company_logos_webp/VAIBHAVGBL.webp,t,2.86 x
455d90e3-82a4-49bc-a366-fa9e1a8b78f2,6964,GOCOLORS,Go Fashion (India) Limited,NSE,INE0BJS01011,NSE_EQ,3631.8,t,2026-08-11 11:53:08.349673+05:30,2026-08-13 10:18:23.244995+05:30,https://dhanarthi-stockguru.s3.amazonaws.com/company_logos_webp/GOCOLORS.webp,t,2.5 x
45675145-2e06-4e2c-8614-e18e9e689cef,24067,IXIGO,Le Travenues Technology Limited,NSE,INE0HV901016,NSE_EQ,10261.08,t,2026-08-11 11:53:08.98326+05:30,2026-08-13 10:18:23.244995+05:30,https://dhanarthi-stockguru.s3.amazonaws.com/company_logos_webp/IXIGO.webp,t,2.57 x
45a59de7-a290-46f7-b1dd-2cf09911bcea,4487,ALKYLAMINE,Alkyl Amines Chemicals Limited,NSE,INE150B01039,NSE_EQ,9991.92,t,2026-08-11 11:53:08.900169+05:30,2026-08-13 10:18:23.244995+05:30,https://dhanarthi-stockguru.s3.amazonaws.com/company_logos_webp/ALKYLAMINE.webp,t,2.94 x
45a6342b-2659-4bdc-81c2-e064e8341386,18264,SEL,SEL,NSE,INE0O3O01017,NSE_EQ,56.09,t,2026-08-11 11:53:09.48377+05:30,2026-08-13 10:18:23.244995+05:30,https://dhanarthi-stockguru.s3.amazonaws.com/company_logos_webp/SEL.webp,f,
45b3921a-3170-477f-97e4-7d0fb7b71530,18553,JLHL,Jupiter Life Line Hospitals Limited,NSE,INE682M01020,NSE_EQ,9612.06,t,2026-08-11 11:53:08.533071+05:30,2026-08-13 10:18:23.244995+05:30,https://dhanarthi-stockguru.s3.amazonaws.com/company_logos_webp/JLHL.webp,t,3.69 x
45e03019-ca2c-48b5-acea-624f1def8a02,2970,SURYODAY,Suryoday Small Finance Bank Limited,NSE,INE428Q01011,NSE_EQ,1453.45,t,2026-08-11 11:53:08.5072+05:30,2026-08-13 10:18:23.244995+05:30,https://dhanarthi-stockguru.s3.amazonaws.com/company_logos_webp/SURYODAY.webp,t,2.86 x
460a31b1-1169-4691-a3a7-a692aa9ae901,14567,BFUTILITIE,BF Utilities Limited,NSE,INE243D01012,NSE_EQ,2798.41,t,2026-08-11 11:53:08.173906+05:30,2026-08-13 10:18:23.244995+05:30,https://dhanarthi-stockguru.s3.amazonaws.com/company_logos_webp/BFUTILITIE.webp,t,2 x
46386ef9-5445-404a-a8af-3078d758e2cd,27084,KMEW,Knowledge Marine & Engineering Works Limited,NSE,INE0CJD01029,NSE_EQ,2530.44,t,2026-08-11 11:53:08.639972+05:30,2026-08-13 10:18:23.244995+05:30,https://dhanarthi-stockguru.s3.amazonaws.com/company_logos_webp/KMEW.webp,t,1 x
463dfda8-47f8-4231-92f8-820079f131cb,11435,SPANDANA,Spandana Sphoorty Financial Limited,NSE,INE572J01011,NSE_EQ,1870.73,t,2026-08-11 11:53:08.285762+05:30,2026-08-13 10:18:23.244995+05:30,https://dhanarthi-stockguru.s3.amazonaws.com/company_logos_webp/SPANDANA.webp,t,2.5 x
466754aa-ff9f-423f-9f73-289869d2aa00,11536,TCS,Tata Consultancy Services Limited,NSE,INE467B01029,NSE_EQ,1129555.15,t,2026-08-11 11:53:08.599841+05:30,2026-08-13 10:18:23.244995+05:30,https://dhanarthi-stockguru.s3.amazonaws.com/company_logos_webp/TCS.webp,t,4.55 x
467126cf-559d-4ebd-a589-01cb57a164b2,762616,BNALTD,B & A Limited,NSE,INE489D01011,NSE_EQ,,t,2026-08-11 11:53:08.190785+05:30,2026-08-13 10:18:23.244995+05:30,,f,
467d38cb-f73d-4089-b25e-e8099c092b2b,17839,GILLANDERS,Gillanders Arbuthnot & Company Limited,NSE,INE047B01011,NSE_EQ,258.28,t,2026-08-11 11:53:07.533088+05:30,2026-08-13 10:18:23.244995+05:30,https://dhanarthi-stockguru.s3.amazonaws.com/company_logos_webp/GILLANDERS.webp,f,
46901b96-fdaf-4ade-8436-d54b12e3e4de,13580,RADIANTCMS,Radiant Cash Management Services Limited,NSE,INE855R01021,NSE_EQ,593.79,t,2026-08-11 11:53:09.051565+05:30,2026-08-13 10:18:23.244995+05:30,https://dhanarthi-stockguru.s3.amazonaws.com/company_logos_webp/RADIANTCMS.webp,t,1 x
47072e72-2b0a-4506-93ab-85c711ff769d,20071,INTENTECH,Intense Technologies Limited,NSE,INE781A01025,NSE_EQ,255.19,t,2026-08-11 11:53:08.457215+05:30,2026-08-13 10:18:23.244995+05:30,https://dhanarthi-stockguru.s3.amazonaws.com/company_logos_webp/INTENTECH.webp,f,
470b30e0-853c-4d2b-b674-3947a7572874,24196,VADILALIND,Vadilal Industries Limited,NSE,INE694D01016,NSE_EQ,3797.69,t,2026-08-11 11:53:08.851822+05:30,2026-08-13 10:18:23.244995+05:30,https://dhanarthi-stockguru.s3.amazonaws.com/company_logos_webp/VADILALIND.webp,t,2.88 x
03e40718-0419-4333-b803-ca83560427e9,29731,GUJTHEM,Gujarat Themis Biosyn Limited,NSE,INE942C01045,NSE_EQ,4347.16,t,2026-08-11 11:53:08.370496+05:30,2026-08-13 10:18:23.023985+05:30,,t,2.5 x
1d5a8c93-9d44-4ec6-a056-2c5c510d032e,762712,HBESD,HB Estate Developers Limited,NSE,INE640B01021,NSE_EQ,,t,2026-08-11 11:53:08.383036+05:30,2026-08-13 10:18:23.117308+05:30,,f,
3cbad003-89b8-4369-96b7-2f2e06a738a6,763301,GRADIENTE,Gradiente Infotainment Limited,NSE,"",NSE_EQ,,t,2026-08-11 11:53:08.349673+05:30,2026-08-11 11:53:08.349673+05:30,,f,
41c022e7-f0b3-4a24-bd0b-ce8c3a98c965,762708,HALDYNGL,Haldyn Glass Limited,NSE,INE506D01020,NSE_EQ,,t,2026-08-11 11:53:08.370496+05:30,2026-08-13 10:18:23.22717+05:30,,f,
4731a162-f254-46b3-8685-b4c71cf41f51,5900,AXISBANK,Axis Bank Limited,NSE,INE238A01034,NSE_EQ,363033.27,t,2026-08-11 11:53:07.333244+05:30,2026-08-13 10:18:23.244995+05:30,https://dhanarthi-stockguru.s3.amazonaws.com/company_logos_webp/AXISBANK.webp,t,4.55 x
47412f6e-9886-47f1-955e-aadf4e0dc2cd,22930,PLATIND,Platinum Industries Limited,NSE,INE0PT501018,NSE_EQ,1522.38,t,2026-08-11 11:53:07.866247+05:30,2026-08-13 10:18:23.244995+05:30,https://dhanarthi-stockguru.s3.amazonaws.com/company_logos_webp/PLATIND.webp,t,2.5 x
47592685-3381-4ae8-aae7-e275623cef0a,6803,STEELCAS,Steelcast Limited,NSE,INE124E01038,NSE_EQ,2226.92,t,2026-08-11 11:53:08.333105+05:30,2026-08-13 10:18:23.244995+05:30,https://dhanarthi-stockguru.s3.amazonaws.com/company_logos_webp/STEELCAS.webp,t,2.5 x
475f3f08-14ef-47b5-9d21-d375e9f1c8c4,16133,KRISHCA,KRISHCA,NSE,INE0NR701018,NSE_EQ,306.01,t,2026-08-11 11:53:07.854273+05:30,2026-08-13 10:18:23.244995+05:30,https://dhanarthi-stockguru.s3.amazonaws.com/company_logos_webp/KRISHCA.webp,f,
477160fb-ae30-468c-ae2e-186db6786f80,6944,GANECOS,Ganesha Ecosphere Limited,NSE,INE845D01014,NSE_EQ,3136.45,t,2026-08-11 11:53:08.333105+05:30,2026-08-13 10:18:23.244995+05:30,https://dhanarthi-stockguru.s3.amazonaws.com/company_logos_webp/GANECOS.webp,t,2.64 x
47a82686-50f9-490a-8e5f-e09c7ff7dae8,5688,ARCHIES,Archies Limited,NSE,INE731A01020,NSE_EQ,66.41,t,2026-08-11 11:53:08.11928+05:30,2026-08-13 10:18:23.244995+05:30,https://dhanarthi-stockguru.s3.amazonaws.com/company_logos_webp/ARCHIES.webp,f,
47e3d3c0-7ea3-44b7-a79e-db0a932fbe7c,1235,GREAVESCOT,Greaves Cotton Limited,NSE,INE224A01026,NSE_EQ,4808.67,t,2026-08-11 11:53:08.966518+05:30,2026-08-13 10:18:23.244995+05:30,https://dhanarthi-stockguru.s3.amazonaws.com/company_logos_webp/GREAVESCOT.webp,t,2.73 x
47e95ea5-3e8f-40bb-968e-08b358f1d5d0,8477,XELPMOC,Xelpmoc Design And Tech Limited,NSE,INE01P501012,NSE_EQ,163.35,t,2026-08-11 11:53:09.183625+05:30,2026-08-13 10:18:23.244995+05:30,https://dhanarthi-stockguru.s3.amazonaws.com/company_logos_webp/XELPMOC.webp,f,
47ed36d9-e068-45bf-b77d-a554dc05e5b1,381,SINTERCOM,Sintercom India Limited,NSE,INE129Z01016,NSE_EQ,330.95,t,2026-08-11 11:53:08.133117+05:30,2026-08-13 10:18:23.244995+05:30,https://dhanarthi-stockguru.s3.amazonaws.com/company_logos_webp/SINTERCOM.webp,f,
480e8785-d933-4b87-ae4e-8733877877bd,11640,BOHRAIND,Bohra Industries Limited,NSE,INE802W01023,NSE_EQ,41.45,t,2026-08-11 11:53:07.384171+05:30,2026-08-13 10:18:23.244995+05:30,https://dhanarthi-stockguru.s3.amazonaws.com/company_logos_webp/BOHRAIND.webp,f,
4824d7d6-0314-4d6e-9ba6-6572740d128c,9590,POLYCAB,Polycab India Limited,NSE,INE455K01017,NSE_EQ,109467.88,t,2026-08-11 11:53:09.024045+05:30,2026-08-13 10:18:23.244995+05:30,https://dhanarthi-stockguru.s3.amazonaws.com/company_logos_webp/POLYCAB.webp,t,4.17 x
4846f113-2fcd-45aa-a04e-33728e705262,8793,MOTOGENFIN,The Motor & General Finance Limited,NSE,INE861B01023,NSE_EQ,100.5,t,2026-08-11 11:53:07.682792+05:30,2026-08-13 10:18:23.244995+05:30,https://dhanarthi-stockguru.s3.amazonaws.com/company_logos_webp/MOTOGENFIN.webp,f,
484906b8-cba1-42b3-82b4-a6a1c11a7a96,10276,KAYA,Kaya Limited,NSE,INE587G01015,NSE_EQ,592.16,t,2026-08-11 11:53:08.599841+05:30,2026-08-13 10:18:23.244995+05:30,https://dhanarthi-stockguru.s3.amazonaws.com/company_logos_webp/KAYA.webp,f,
486a5529-165f-4af7-a3e6-d715881b9dfb,10350,CSLFINANCE,CSL Finance Limited,NSE,INE718F01018,NSE_EQ,677.47,t,2026-08-11 11:53:07.62527+05:30,2026-08-13 10:18:23.244995+05:30,https://dhanarthi-stockguru.s3.amazonaws.com/company_logos_webp/CSLFINANCE.webp,t,1 x
48a940c6-032c-4487-a98a-c59279e480f4,9652,RELCHEMQ,Reliance Chemotex Industries Limited,NSE,INE750D01016,NSE_EQ,120.44,t,2026-08-11 11:53:09.076099+05:30,2026-08-13 10:18:23.244995+05:30,https://dhanarthi-stockguru.s3.amazonaws.com/company_logos_webp/RELCHEMQ.webp,f,
48c10113-3da1-4323-b5c3-f312b87722e7,757955,PASHUPATI,Pashupati Cotspin Limited,NSE,INE124Y01028,NSE_EQ,1166.13,t,2026-08-11 11:53:07.832918+05:30,2026-08-13 10:18:23.244995+05:30,https://dhanarthi-stockguru.s3.amazonaws.com/company_logos_webp/PASHUPATI.webp,t,2 x
49002c91-e8d2-4fbf-a5d3-f6aff366f129,17635,ZYDUSWELL,Zydus Wellness Limited,NSE,INE768C01028,NSE_EQ,14013.63,t,2026-08-11 11:53:09.202139+05:30,2026-08-13 10:18:23.244995+05:30,https://dhanarthi-stockguru.s3.amazonaws.com/company_logos_webp/ZYDUSWELL.webp,t,3.08 x
490824dd-3401-4ed2-a01d-df642429de3d,20906,A2ZINFRA,A2Z Infra Engineering Limited,NSE,INE619I01012,NSE_EQ,318.82,t,2026-08-11 11:53:08.033343+05:30,2026-08-13 10:18:23.244995+05:30,https://dhanarthi-stockguru.s3.amazonaws.com/company_logos_webp/A2ZINFRA.webp,f,
49117f85-6264-4050-8675-9f34a0231315,1328,MARINE,Marine Electricals (India) Limited,NSE,INE01JE01028,NSE_EQ,2849.98,t,2026-08-11 11:53:08.866736+05:30,2026-08-13 10:18:23.244995+05:30,https://dhanarthi-stockguru.s3.amazonaws.com/company_logos_webp/MARINE.webp,t,2 x
4914a5ee-4940-495a-9cb8-087620c3b4d8,2049,CHENNPETRO,Chennai Petroleum Corporation Limited,NSE,INE178A01016,NSE_EQ,11920.69,t,2026-08-11 11:53:07.399737+05:30,2026-08-13 10:18:23.244995+05:30,https://dhanarthi-stockguru.s3.amazonaws.com/company_logos_webp/CHENNPETRO.webp,t,2.65 x
7e5b8a12-a7d2-4ca7-94cd-0bff6ba9f89e,750116,HEXAGON,Hexagon Nutrition Limited,NSE,"",NSE_EQ,,t,2026-08-11 11:53:08.390006+05:30,2026-08-11 11:53:08.390006+05:30,,f,
ee6ecf34-b147-447e-8627-bfc5cf7cccea,17920,HDIL,Housing Development and Infrastructure Limited,NSE,"",NSE_EQ,135.03,t,2026-08-11 11:53:08.390006+05:30,2026-08-11 11:53:08.390006+05:30,,f,
3d7f1899-7c5b-4bd4-a6fe-6dc025c2ea0c,757845,INDIQUBE,Indiqube Spaces Limited,NSE,INE06ST01018,NSE_EQ,4594.55,t,2026-08-11 11:53:08.423661+05:30,2026-08-13 10:18:23.211542+05:30,,t,2.86 x
493054a4-7a2f-469f-b263-762cbd81ff3f,11027,INFOBEAN,InfoBeans Technologies Limited,NSE,INE344S01016,NSE_EQ,1398.25,t,2026-08-11 11:53:08.440281+05:30,2026-08-13 10:18:23.244995+05:30,https://dhanarthi-stockguru.s3.amazonaws.com/company_logos_webp/INFOBEAN.webp,t,2 x
4982620c-1e35-4a7e-a67e-3a51ee2b5e6e,762578,BENGALASM,Bengal & Assam Company Limited,NSE,INE083K01017,NSE_EQ,,t,2026-08-11 11:53:08.173906+05:30,2026-08-13 10:18:23.244995+05:30,,f,
49ab66cd-f82a-4a10-9f9c-f0b26db6e4aa,2535,PGHH,Procter & Gamble Hygiene and Health Care Limited,NSE,INE179A01014,NSE_EQ,43182,t,2026-08-11 11:53:09.024045+05:30,2026-08-13 10:18:23.244995+05:30,https://dhanarthi-stockguru.s3.amazonaws.com/company_logos_webp/PGHH.webp,t,3.77 x
49bf42da-003f-429c-8a73-e2a9224caa8a,13577,VOLTAMP,Voltamp Transformers Limited,NSE,INE540H01012,NSE_EQ,8127.52,t,2026-08-11 11:53:09.150053+05:30,2026-08-13 10:18:23.244995+05:30,https://dhanarthi-stockguru.s3.amazonaws.com/company_logos_webp/VOLTAMP.webp,t,2.78 x
49c00fa2-d3f7-4e68-b7ea-0d929fc16ae2,6385,CCHHL,Country Club Hospitality & Holidays Limited,NSE,INE652F01027,NSE_EQ,279.39,t,2026-08-11 11:53:08.21644+05:30,2026-08-13 10:18:23.244995+05:30,https://dhanarthi-stockguru.s3.amazonaws.com/company_logos_webp/CCHHL.webp,f,
49cdea60-368d-4dee-8d5c-bf8f4a44ad29,1313,HARRMALAYA,Harrisons  Malayalam Limited,NSE,INE544A01019,NSE_EQ,364.5,t,2026-08-11 11:53:08.390006+05:30,2026-08-13 10:18:23.244995+05:30,https://dhanarthi-stockguru.s3.amazonaws.com/company_logos_webp/HARRMALAYA.webp,f,
49dac426-d892-4dcc-ba52-918e9273bf45,24014,BOROSCI,Borosil Scientific Limited,NSE,INE02L001032,NSE_EQ,1248.21,t,2026-08-11 11:53:07.384171+05:30,2026-08-13 10:18:23.260619+05:30,,t,2 x
49f9e97f-6f13-471b-b9d3-a6586dcf55c3,11198,ANNAPURNA,ANNAPURNA,NSE,INE0MGM01017,NSE_EQ,553.72,t,2026-08-11 11:53:09.21661+05:30,2026-08-13 10:18:23.260619+05:30,https://dhanarthi-stockguru.s3.amazonaws.com/company_logos_webp/ANNAPURNA.webp,f,
49fa56ed-d775-465c-ab01-97c9e3e0a5d2,3799,WSTCSTPAPR,West Coast Paper Mills Limited,NSE,INE976A01021,NSE_EQ,3140.88,t,2026-08-11 11:53:09.183625+05:30,2026-08-13 10:18:23.260619+05:30,https://dhanarthi-stockguru.s3.amazonaws.com/company_logos_webp/WSTCSTPAPR.webp,t,2.86 x
4a41055c-32be-400f-9117-76cc85e1bb5b,22423,TOTAL,Total Transport Systems Limited,NSE,INE336X01012,NSE_EQ,118.07,t,2026-08-11 11:53:08.725928+05:30,2026-08-13 10:18:23.260619+05:30,https://dhanarthi-stockguru.s3.amazonaws.com/company_logos_webp/TOTAL.webp,f,
4a4a6459-7216-4dd4-a7a3-57020ba2b3da,20110,GREENPOWER,Orient Green Power Company Limited,NSE,INE999K01014,NSE_EQ,1579.99,t,2026-08-11 11:53:08.370496+05:30,2026-08-13 10:18:23.260619+05:30,https://dhanarthi-stockguru.s3.amazonaws.com/company_logos_webp/GREENPOWER.webp,t,2.5 x
8e2d49b5-1d72-4457-bc2d-266e6fad573b,25003,IBULLSLTD,Indiabulls Limited,NSE,"",NSE_EQ,216.81,t,2026-08-11 11:53:08.408933+05:30,2026-08-11 11:53:08.408933+05:30,,f,
4a4cda83-08d1-4d72-89c8-9d83ed00c399,19761,ADFFOODS,ADF Foods Limited,NSE,INE982B01027,NSE_EQ,2490.69,t,2026-08-11 11:53:08.06671+05:30,2026-08-13 10:18:23.260619+05:30,https://dhanarthi-stockguru.s3.amazonaws.com/company_logos_webp/ADFFOODS.webp,t,2.5 x
4a6d127b-7336-4eb1-b01c-ae96aef172b7,19061,MANAPPURAM,Manappuram Finance Limited,NSE,INE522D01027,NSE_EQ,23550.47,t,2026-08-11 11:53:08.833281+05:30,2026-08-13 10:18:23.260619+05:30,https://dhanarthi-stockguru.s3.amazonaws.com/company_logos_webp/MANAPPURAM.webp,t,3.99 x
4a92699f-ddba-46d2-ac14-d919a9f458e4,7851,RAMCOSYS,Ramco Systems Limited,NSE,INE246B01019,NSE_EQ,1896.02,t,2026-08-11 11:53:07.921696+05:30,2026-08-13 10:18:23.260619+05:30,https://dhanarthi-stockguru.s3.amazonaws.com/company_logos_webp/RAMCOSYS.webp,t,1 x
4ac9e0c7-4df4-46c1-935f-b595b58cc716,19876,LGHL,Laxmi Goldorna House Limited,NSE,INE258Y01016,NSE_EQ,1562.79,t,2026-08-11 11:53:08.756631+05:30,2026-08-13 10:18:23.260619+05:30,https://dhanarthi-stockguru.s3.amazonaws.com/company_logos_webp/LGHL.webp,t,2 x
4adb3b30-8aa0-455d-81d5-fbf23a53db5e,25270,BAJAJHFL,Bajaj Housing Finance Limited,NSE,INE377Y01014,NSE_EQ,91537.71,t,2026-08-11 11:53:07.348862+05:30,2026-08-13 10:18:23.260619+05:30,https://dhanarthi-stockguru.s3.amazonaws.com/company_logos_webp/BAJAJHFL.webp,t,3.69 x
4adb8f8c-d257-48fe-918a-b8d0b5912279,1041,FINPIPE,Finolex Industries Limited,NSE,INE183A01024,NSE_EQ,12092.41,t,2026-08-11 11:53:07.499428+05:30,2026-08-13 10:18:23.260619+05:30,https://dhanarthi-stockguru.s3.amazonaws.com/company_logos_webp/FINPIPE.webp,t,3.3 x
4afd99fa-ff57-4607-8472-68945d0a2890,13057,UNIPARTS,Uniparts India Limited,NSE,INE244O01017,NSE_EQ,1983.78,t,2026-08-11 11:53:08.823566+05:30,2026-08-13 10:18:23.260619+05:30,https://dhanarthi-stockguru.s3.amazonaws.com/company_logos_webp/UNIPARTS.webp,t,2.5 x
4b04e7b2-9623-44ad-8729-4bae869b06e6,19795,CELLO,Cello World Limited,NSE,INE0LMW01024,NSE_EQ,13098.12,t,2026-08-11 11:53:08.930454+05:30,2026-08-13 10:18:23.260619+05:30,https://dhanarthi-stockguru.s3.amazonaws.com/company_logos_webp/CELLO.webp,t,3.4 x
4b077d9e-6ce7-4852-9884-7173c145b9b4,15165,HITECHCORP,Hitech Corporation Limited,NSE,INE120D01012,NSE_EQ,328.38,t,2026-08-11 11:53:08.404244+05:30,2026-08-13 10:18:23.260619+05:30,https://dhanarthi-stockguru.s3.amazonaws.com/company_logos_webp/HITECHCORP.webp,f,
4b172cfc-3e21-4f89-896b-ed70fc77b394,9007,NOVARTIND,Novartis India Limited,NSE,INE234A01025,NSE_EQ,,t,2026-08-11 11:53:08.583546+05:30,2026-08-13 10:18:23.260619+05:30,https://dhanarthi-stockguru.s3.amazonaws.com/company_logos_webp/NOVARTIND.webp,f,
4b1c212c-d9f7-4686-ba49-96dcf125da8e,17164,AARTECH,Aartech Solonics Limited,NSE,INE01C001026,NSE_EQ,182.49,t,2026-08-11 11:53:08.049697+05:30,2026-08-13 10:18:23.260619+05:30,https://dhanarthi-stockguru.s3.amazonaws.com/company_logos_webp/AARTECH.webp,f,
4b273789-44a8-471f-872d-3ef367085b46,3292,DEEPINDS,Deep Industries Limited,NSE,INE0FHS01024,NSE_EQ,3127.13,t,2026-08-11 11:53:08.033343+05:30,2026-08-13 10:18:23.260619+05:30,https://dhanarthi-stockguru.s3.amazonaws.com/company_logos_webp/DEEPINDS.webp,t,2.82 x
4b349656-6980-47cd-81f6-b2952e03531d,25605,WOL3D,WOL3D,NSE,INE0OO201011,NSE_EQ,96.32,t,2026-08-11 11:53:09.421327+05:30,2026-08-13 10:18:23.260619+05:30,https://dhanarthi-stockguru.s3.amazonaws.com/company_logos_webp/WOL3D.webp,f,
4b3b61cf-b73d-460c-9d2d-a50438612a78,9264,ARROWGREEN,Arrow Greentech Limited,NSE,INE570D01018,NSE_EQ,895.4,t,2026-08-11 11:53:08.121787+05:30,2026-08-13 10:18:23.260619+05:30,https://dhanarthi-stockguru.s3.amazonaws.com/company_logos_webp/ARROWGREEN.webp,f,
049e8277-198a-42da-8bc5-086d1ed88408,11841,KENNAMET,Kennametal India Limited,NSE,INE717A01029,NSE_EQ,,t,2026-08-11 11:53:08.466626+05:30,2026-08-13 10:18:23.023985+05:30,,f,
1c6a1f4c-3d72-4c19-924d-6cec806589fd,762747,KLBRENG-B,Kilburn Engineering Limited,NSE,INE338F01015,NSE_EQ,,t,2026-08-11 11:53:08.466626+05:30,2026-08-13 10:18:23.101677+05:30,,f,
1e3e0bf1-1518-494c-9caf-559fd4f6d715,763294,KISSHT,OnEMI Technology Solutions Limited,NSE,INE12F801023,NSE_EQ,,t,2026-08-11 11:53:08.466626+05:30,2026-08-13 10:18:23.117308+05:30,,t,2 x
2d6cdb51-ec06-4bb3-a70c-28901299c321,1663,SUNDROP,Sundrop Brands Limited,NSE,INE209A01019,NSE_EQ,3007.9,t,2026-08-11 11:53:08.466626+05:30,2026-08-13 10:18:23.164175+05:30,,t,2 x
4b679090-fb70-44d5-adc0-7efbb4415d06,16863,LPDC,Landmark Property Development Company Limited,NSE,INE197J01017,NSE_EQ,105.34,t,2026-08-11 11:53:08.802546+05:30,2026-08-13 10:18:23.260619+05:30,https://dhanarthi-stockguru.s3.amazonaws.com/company_logos_webp/LPDC.webp,f,
4b735b6e-49e4-4075-964c-837096ba3ddc,10123,RUBYMILLS,The Ruby Mills Limited,NSE,INE301D01026,NSE_EQ,767.7,t,2026-08-11 11:53:09.09466+05:30,2026-08-13 10:18:23.260619+05:30,https://dhanarthi-stockguru.s3.amazonaws.com/company_logos_webp/RUBYMILLS.webp,f,
4bf146d9-3b82-47b9-8412-faebbbe8e320,18422,ASIANHOTNR,Asian Hotels (North) Limited,NSE,INE363A01022,NSE_EQ,646.94,t,2026-08-11 11:53:07.322446+05:30,2026-08-13 10:18:23.260619+05:30,https://dhanarthi-stockguru.s3.amazonaws.com/company_logos_webp/ASIANHOTNR.webp,t,2 x
4c231642-b298-40f5-89e2-0d76fcaf9740,4444,HAWKINCOOK,Hawkins Cookers Limited,NSE,INE979B01015,NSE_EQ,,t,2026-08-11 11:53:08.370496+05:30,2026-08-13 10:18:23.260619+05:30,https://dhanarthi-stockguru.s3.amazonaws.com/company_logos_webp/HAWKINCOOK.webp,f,
4c24d860-1633-44c2-9ca1-4b617fdd7701,4279,DENORA,De Nora India Limited,NSE,INE244A01016,NSE_EQ,430.46,t,2026-08-11 11:53:07.435203+05:30,2026-08-13 10:18:23.260619+05:30,https://dhanarthi-stockguru.s3.amazonaws.com/company_logos_webp/DENORA.webp,f,
4c29351f-f773-4c22-88f0-33eda87b3111,6579,FINOPB,Fino Payments Bank Limited,NSE,INE02NC01014,NSE_EQ,2328.12,t,2026-08-11 11:53:07.499428+05:30,2026-08-13 10:18:23.260619+05:30,https://dhanarthi-stockguru.s3.amazonaws.com/company_logos_webp/FINOPB.webp,t,2.28 x
4c4f8d36-d6ab-4179-9c1e-644b903a3456,12018,SUZLON,Suzlon Energy Limited,NSE,INE040H01021,NSE_EQ,79491.63,t,2026-08-11 11:53:08.516446+05:30,2026-08-13 10:18:23.260619+05:30,https://dhanarthi-stockguru.s3.amazonaws.com/company_logos_webp/SUZLON.webp,t,3.91 x
4c800b0c-5002-467f-bef6-ac30a46c9b82,23224,ENFUSE,ENFUSE,NSE,INE0S3X01014,NSE_EQ,195.33,t,2026-08-11 11:53:09.316798+05:30,2026-08-13 10:18:23.260619+05:30,https://dhanarthi-stockguru.s3.amazonaws.com/company_logos_webp/ENFUSE.webp,f,
4c813091-710a-48bd-9458-49cfe321d641,22574,BAWEJA,BAWEJA,NSE,INE0JFJ01011,NSE_EQ,90.5,t,2026-08-11 11:53:09.433391+05:30,2026-08-13 10:18:23.260619+05:30,https://dhanarthi-stockguru.s3.amazonaws.com/company_logos_webp/BAWEJA.webp,f,
4c9830bd-dcd7-4631-9310-7fc8041d5056,14314,TTL,T T Limited,NSE,INE592B01024,NSE_EQ,277.21,t,2026-08-11 11:53:08.756631+05:30,2026-08-13 10:18:23.260619+05:30,https://dhanarthi-stockguru.s3.amazonaws.com/company_logos_webp/TTL.webp,f,
4ca346f2-422b-4294-a680-d804173d0eef,8968,HARIOMPIPE,Hariom Pipe Industries Limited,NSE,INE00EV01017,NSE_EQ,1365.66,t,2026-08-11 11:53:08.383036+05:30,2026-08-13 10:18:23.260619+05:30,https://dhanarthi-stockguru.s3.amazonaws.com/company_logos_webp/HARIOMPIPE.webp,t,2.55 x
4cb3cd9e-c120-40f0-8189-5cbf31852bce,7385,FOCE,FOCE,NSE,INE0I7D01019,NSE_EQ,889.52,t,2026-08-11 11:53:09.21661+05:30,2026-08-13 10:18:23.260619+05:30,https://dhanarthi-stockguru.s3.amazonaws.com/company_logos_webp/FOCE.webp,f,
4cb68547-f178-46c6-95f5-2e9ac41029e3,18755,KALAMANDIR,Sai Silks (Kalamandir) Limited,NSE,INE438K01021,NSE_EQ,2590.95,t,2026-08-11 11:53:08.587055+05:30,2026-08-13 10:18:23.260619+05:30,https://dhanarthi-stockguru.s3.amazonaws.com/company_logos_webp/KALAMANDIR.webp,t,2.5 x
4ccf89fe-cdb5-4edd-80a5-042094790d01,21275,SUMMITSEC,Summit Securities Limited,NSE,INE519C01017,NSE_EQ,2309.63,t,2026-08-11 11:53:08.466626+05:30,2026-08-13 10:18:23.260619+05:30,https://dhanarthi-stockguru.s3.amazonaws.com/company_logos_webp/SUMMITSEC.webp,t,2.5 x
4cd70481-6679-4873-930c-1891cf7adffc,15214,DVL,Dhunseri Ventures Limited,NSE,INE477B01010,NSE_EQ,1162.3,t,2026-08-11 11:53:08.285762+05:30,2026-08-13 10:18:23.260619+05:30,https://dhanarthi-stockguru.s3.amazonaws.com/company_logos_webp/DVL.webp,t,2 x
4ce47edc-c430-4d4d-8810-4d6318123c9c,18128,DBREALTY,Valor Estate Limited,NSE,INE879I01012,NSE_EQ,8851.07,t,2026-08-11 11:53:07.682792+05:30,2026-08-13 10:18:23.260619+05:30,https://dhanarthi-stockguru.s3.amazonaws.com/company_logos_webp/DBREALTY.webp,f,
4ce61225-60e6-4bd0-b521-3af0e7b627a5,25134,GALAPREC,Gala Precision Engineering Limited,NSE,INE0RE001014,NSE_EQ,1012.45,t,2026-08-11 11:53:08.326737+05:30,2026-08-13 10:18:23.260619+05:30,https://dhanarthi-stockguru.s3.amazonaws.com/company_logos_webp/GALAPREC.webp,t,2 x
4ceab30a-6cde-4fdd-88f4-aa1d6d071b04,760923,KNAGRI,KN Agri Resources Limited,NSE,INE0KNW01016,NSE_EQ,555.01,t,2026-08-11 11:53:08.65603+05:30,2026-08-13 10:18:23.260619+05:30,https://dhanarthi-stockguru.s3.amazonaws.com/company_logos_webp/KNAGRI.webp,f,
4cf81240-682d-4033-bfc9-8fb5daf340b0,1598,MGEL,Mangalam Global Enterprise Limited,NSE,INE0APB01032,NSE_EQ,516,t,2026-08-11 11:53:07.649447+05:30,2026-08-13 10:18:23.260619+05:30,https://dhanarthi-stockguru.s3.amazonaws.com/company_logos_webp/MGEL.webp,f,
4d1728a6-0990-4271-817c-d55532101552,31181,MCX,Multi Commodity Exchange of India Limited,NSE,INE745G01043,NSE_EQ,,t,2026-08-11 11:53:07.549834+05:30,2026-08-13 10:18:23.260619+05:30,https://dhanarthi-stockguru.s3.amazonaws.com/company_logos_webp/MCX.webp,t,3.72 x
4d383b2f-ef37-4302-aec6-7fdacb536b40,14361,APOLLOPIPE,Apollo Pipes Limited,NSE,INE126J01016,NSE_EQ,1571.61,t,2026-08-11 11:53:07.311658+05:30,2026-08-13 10:18:23.260619+05:30,https://dhanarthi-stockguru.s3.amazonaws.com/company_logos_webp/APOLLOPIPE.webp,t,2.5 x
4d579ead-483b-4cfc-8eab-3ce05d583867,5631,PAR,Par Drugs And Chemicals Limited,NSE,INE04LG01015,NSE_EQ,124.05,t,2026-08-11 11:53:07.832918+05:30,2026-08-13 10:18:23.260619+05:30,https://dhanarthi-stockguru.s3.amazonaws.com/company_logos_webp/PAR.webp,f,
4df5fcfc-d67c-4c90-8d91-aa2478d931e4,14466,KIRLFER,Kirloskar Ferrous Industries Limited,NSE,INE884B01025,NSE_EQ,,t,2026-08-11 11:53:08.466626+05:30,2026-08-13 10:18:23.276258+05:30,,t,2 x
328087f6-8fd8-459b-84f6-0ed26600e987,30249,ISHANCH,Ishan Dyes and Chemicals Limited,NSE,INE561M01018,NSE_EQ,135.52,t,2026-08-11 11:53:08.483046+05:30,2026-08-13 10:18:23.180302+05:30,,f,
36355f80-c45e-4d1c-a75a-9ca0780e84c4,762767,MADHAVIPL,Madhav Infra Projects Limited,NSE,INE631R01026,NSE_EQ,,t,2026-08-11 11:53:08.516446+05:30,2026-08-13 10:18:23.195926+05:30,,f,
3ae8b29d-c005-48e2-92fe-03565cd52277,27334,SURAKSHA,Suraksha Diagnostic Limited,NSE,INE877V01027,NSE_EQ,1577.37,t,2026-08-11 11:53:08.499691+05:30,2026-08-13 10:18:23.211542+05:30,,t,2.5 x
3b43875f-20a3-4fb9-8d92-627e971e96c2,17376,LANDSMILL,Landsmill Green Limited,NSE,INE688J01023,NSE_EQ,,t,2026-08-11 11:53:08.483046+05:30,2026-08-13 10:18:23.211542+05:30,,f,
481dce39-b3eb-40ad-a7f3-534c51353fce,762757,KPL,Kwality Pharmaceuticals Limited,NSE,INE552U01010,NSE_EQ,,t,2026-08-11 11:53:08.483046+05:30,2026-08-13 10:18:23.244995+05:30,,f,
4d7f4da1-818a-4dbb-a832-10f40f1807ac,18232,LORDSCHLO,Lords Chloro Alkali Limited,NSE,INE846D01012,NSE_EQ,474.52,t,2026-08-11 11:53:08.783106+05:30,2026-08-13 10:18:23.260619+05:30,https://dhanarthi-stockguru.s3.amazonaws.com/company_logos_webp/LORDSCHLO.webp,f,
4d81b562-aa61-4742-bec8-3649898071d8,23462,K2INFRA,K2INFRA,NSE,INE0DEZ01013,NSE_EQ,80.43,t,2026-08-11 11:53:09.450055+05:30,2026-08-13 10:18:23.260619+05:30,https://dhanarthi-stockguru.s3.amazonaws.com/company_logos_webp/K2INFRA.webp,f,
4da6865b-8a0b-4a68-84c3-71aa1b9218e3,17534,MGL,Mahanagar Gas Limited,NSE,INE002S01010,NSE_EQ,12769.51,t,2026-08-11 11:53:07.649447+05:30,2026-08-13 10:18:23.260619+05:30,https://dhanarthi-stockguru.s3.amazonaws.com/company_logos_webp/MGL.webp,t,3.24 x
4da9a2c6-6f61-4550-a777-535cda21f956,9117,TIPSMUSIC,Tips Music Limited,NSE,INE716B01029,NSE_EQ,7298.88,t,2026-08-11 11:53:08.666851+05:30,2026-08-13 10:18:23.260619+05:30,https://dhanarthi-stockguru.s3.amazonaws.com/company_logos_webp/TIPSMUSIC.webp,t,2.9 x
4dabdaf3-b2a6-4fa0-9ac3-02175a865a27,5633,J&KBANK,The Jammu & Kashmir Bank Limited,NSE,INE168A01041,NSE_EQ,11564.68,t,2026-08-11 11:53:08.98326+05:30,2026-08-13 10:18:23.260619+05:30,https://dhanarthi-stockguru.s3.amazonaws.com/company_logos_webp/SWSOLAR.webp,t,2.88 x
4db4e3e3-d05f-42f5-9a80-0d044709c538,11689,SUPRAJIT,Suprajit Engineering Limited,NSE,INE399C01030,NSE_EQ,6273.99,t,2026-08-11 11:53:08.483046+05:30,2026-08-13 10:18:23.260619+05:30,https://dhanarthi-stockguru.s3.amazonaws.com/company_logos_webp/SUPRAJIT.webp,t,3.26 x
4db54ca7-2379-4adf-a0cd-dea82b4efbf8,762752,KOTIC,Kothari Industrial Corporation Limited,NSE,INE972A01020,NSE_EQ,,t,2026-08-11 11:53:08.483046+05:30,2026-08-13 10:18:23.276258+05:30,,f,
4dcd6863-c0da-4fa9-96e7-35826d693c82,1338,SDBL,Som Distilleries & Breweries Limited,NSE,INE480C01038,NSE_EQ,2580.27,t,2026-08-11 11:53:08.021031+05:30,2026-08-13 10:18:23.276258+05:30,https://dhanarthi-stockguru.s3.amazonaws.com/company_logos_webp/SDBL.webp,t,2.48 x
4dd0536c-4612-4197-b733-d20139a6f09f,31415,NBCC,NBCC (India) Limited,NSE,INE095N01031,NSE_EQ,30065.21,t,2026-08-11 11:53:07.718134+05:30,2026-08-13 10:18:23.276258+05:30,https://dhanarthi-stockguru.s3.amazonaws.com/company_logos_webp/NBCC.webp,t,3.73 x
4dd742f0-7dd5-4cb3-ae92-86bf5c8ae327,13533,NECCLTD,North Eastern Carrying Corporation Limited,NSE,INE553C01016,NSE_EQ,202.23,t,2026-08-11 11:53:07.718134+05:30,2026-08-13 10:18:23.276258+05:30,https://dhanarthi-stockguru.s3.amazonaws.com/company_logos_webp/NECCLTD.webp,f,
4dea346d-9b1e-4123-8360-e370ffda89f4,8954,TTML,Tata Teleservices (Maharashtra) Limited,NSE,INE517B01013,NSE_EQ,11028.69,t,2026-08-11 11:53:08.766558+05:30,2026-08-13 10:18:23.276258+05:30,https://dhanarthi-stockguru.s3.amazonaws.com/company_logos_webp/TTML.webp,t,2.81 x
4e1b6eb6-d4de-42a5-bbf1-390e6b90b9f0,12193,INOXGREEN,Inox Green Energy Services Limited,NSE,INE510W01014,NSE_EQ,7235.5,t,2026-08-11 11:53:08.449906+05:30,2026-08-13 10:18:23.276258+05:30,https://dhanarthi-stockguru.s3.amazonaws.com/company_logos_webp/INOXGREEN.webp,f,
4e200ef3-b64a-41b9-a6f0-2f4ad5b36cc1,11627,NARMADA,Narmada Agrobase Limited,NSE,INE117Z01011,NSE_EQ,84.85,t,2026-08-11 11:53:07.699563+05:30,2026-08-13 10:18:23.276258+05:30,https://dhanarthi-stockguru.s3.amazonaws.com/company_logos_webp/NARMADA.webp,f,
4e295a19-c40e-4124-8a45-5b88dd706223,2951,S&SPOWER,S&S Power Switchgears Limited,NSE,INE902B01017,NSE_EQ,434.62,t,2026-08-11 11:53:07.949549+05:30,2026-08-13 10:18:23.276258+05:30,,f,
4e2dca6a-30fe-478e-8052-cf954b47001a,6686,DRSDILIP,DRSDILIP,NSE,INE02CV01017,NSE_EQ,132.9,t,2026-08-11 11:53:08.033343+05:30,2026-08-13 10:18:23.276258+05:30,https://dhanarthi-stockguru.s3.amazonaws.com/company_logos_webp/DRSDILIP.webp,f,
4e2f9616-e0eb-46c6-ad3f-3d2da028d8a1,18582,UNIHEALTH,UNIHEALTH,NSE,INE0PRF01011,NSE_EQ,308,t,2026-08-11 11:53:07.733094+05:30,2026-08-13 10:18:23.276258+05:30,https://dhanarthi-stockguru.s3.amazonaws.com/company_logos_webp/UNIHEALTH.webp,f,
4e3d9a27-cc12-4073-8141-302abb49f48d,5610,ASTRAZEN,AstraZeneca Pharma India Limited,NSE,INE203A01020,NSE_EQ,22590.87,t,2026-08-11 11:53:07.322446+05:30,2026-08-13 10:18:23.276258+05:30,https://dhanarthi-stockguru.s3.amazonaws.com/company_logos_webp/ASTRAZEN.webp,t,3.41 x
4e6c5a10-68bb-4d12-8d8d-f811f5e801e0,758700,ARFIN,Arfin India Limited,NSE,INE784R01023,NSE_EQ,829.92,t,2026-08-11 11:53:08.121787+05:30,2026-08-13 10:18:23.276258+05:30,,t,1 x
0f57af93-a1e7-4fd5-9b10-cf5ac79a7d73,762797,METROGLOBL,Metroglobal Limited,NSE,INE085D01033,NSE_EQ,,t,2026-08-11 11:53:08.533071+05:30,2026-08-13 10:18:23.070417+05:30,,f,
2d989b0b-4b02-4b3c-9eb4-ab1215376b27,762807,NATIONSTD,National Standard (India) Limited,NSE,INE166R01015,NSE_EQ,,t,2026-08-11 11:53:08.555275+05:30,2026-08-13 10:18:23.164175+05:30,,f,
3b0c30ed-152c-443a-91e1-75ece550b1b3,14917,TAKE,Take Solutions Limited,NSE,INE142I01023,NSE_EQ,278.1,t,2026-08-11 11:53:08.549767+05:30,2026-08-13 10:18:23.211542+05:30,,f,
4e70cba0-75ad-45d5-bfa3-d2cff35f60a1,592,GRAPHITE,Graphite India Limited,NSE,INE371A01025,NSE_EQ,10877.42,t,2026-08-11 11:53:08.966518+05:30,2026-08-13 10:18:23.276258+05:30,https://dhanarthi-stockguru.s3.amazonaws.com/company_logos_webp/GRAPHITE.webp,t,2.91 x
4e74f32c-3472-4d0f-b3c1-119326ba131c,6673,FOODSIN,Foods & Inns Limited,NSE,INE976E01023,NSE_EQ,653.99,t,2026-08-11 11:53:08.326737+05:30,2026-08-13 10:18:23.276258+05:30,https://dhanarthi-stockguru.s3.amazonaws.com/company_logos_webp/FOODSIN.webp,f,
646889f1-f5e4-41e5-b027-169c38d010e3,29164,SWANDEF,Swan Defence and Heavy Industries Limited,NSE,"",NSE_EQ,3352,t,2026-08-11 11:53:08.516446+05:30,2026-08-11 11:53:08.516446+05:30,,f,
4eaf8023-441e-4fa8-84a1-7650ed1eb291,29423,MOHITIND,Mohit Industries Limited,NSE,INE954E01012,NSE_EQ,44.85,t,2026-08-11 11:53:07.672198+05:30,2026-08-13 10:18:23.276258+05:30,https://dhanarthi-stockguru.s3.amazonaws.com/company_logos_webp/MOHITIND.webp,f,
4ebfd9a6-d117-4ab8-b318-aeff6d9cdd7a,5426,NUVOCO,Nuvoco Vistas Corporation Limited,NSE,INE118D01016,NSE_EQ,14409.93,t,2026-08-11 11:53:07.76627+05:30,2026-08-13 10:18:23.276258+05:30,https://dhanarthi-stockguru.s3.amazonaws.com/company_logos_webp/NUVOCO.webp,t,3.13 x
4f07ba95-9b85-45f9-9b0e-beeef323d30a,14922,PURVA,Puravankara Limited,NSE,INE323I01011,NSE_EQ,6351.49,t,2026-08-11 11:53:09.044898+05:30,2026-08-13 10:18:23.276258+05:30,https://dhanarthi-stockguru.s3.amazonaws.com/company_logos_webp/PURVA.webp,t,2.65 x
4f156f31-61ed-485d-8eb6-272681f36dc5,9756,EMUDHRA,eMudhra Limited,NSE,INE01QM01018,NSE_EQ,5690.11,t,2026-08-11 11:53:08.285762+05:30,2026-08-13 10:18:23.276258+05:30,https://dhanarthi-stockguru.s3.amazonaws.com/company_logos_webp/EMUDHRA.webp,t,3.13 x
4f17b029-72da-4aa0-9c72-c1b31796016e,11840,NH,Narayana Hrudayalaya Ltd.,NSE,INE410P01011,NSE_EQ,37849.06,t,2026-08-11 11:53:07.733094+05:30,2026-08-13 10:18:23.276258+05:30,https://dhanarthi-stockguru.s3.amazonaws.com/company_logos_webp/NH.webp,t,3.38 x
4f189ce5-9b0c-485e-8204-217803bbfdf0,24159,AFIL,Akme Fintrade (India) Limited,NSE,INE916Y01027,NSE_EQ,319.08,t,2026-08-11 11:53:08.06671+05:30,2026-08-13 10:18:23.276258+05:30,https://dhanarthi-stockguru.s3.amazonaws.com/company_logos_webp/AFIL.webp,f,
4f1a2a92-ed88-468d-afc9-0601fc47c706,19451,CAPTRUST,Capital Trust Limited,NSE,INE707C01018,NSE_EQ,105.79,t,2026-08-11 11:53:08.202533+05:30,2026-08-13 10:18:23.276258+05:30,https://dhanarthi-stockguru.s3.amazonaws.com/company_logos_webp/CAPTRUST.webp,f,
4f2745d3-c428-494c-9ac5-f4eaf712f5ea,14150,BTML,Bodhi Tree Multimedia Limited,NSE,INE0EEJ01023,NSE_EQ,153.17,t,2026-08-11 11:53:08.202533+05:30,2026-08-13 10:18:23.276258+05:30,https://dhanarthi-stockguru.s3.amazonaws.com/company_logos_webp/BTML.webp,f,
4f2a630b-7f33-4dd4-bcc6-83c10aa9f813,5870,QUADPRO,QUADPRO,NSE,INE0GOJ01027,NSE_EQ,15.49,t,2026-08-11 11:53:09.566749+05:30,2026-08-13 10:18:23.276258+05:30,https://dhanarthi-stockguru.s3.amazonaws.com/company_logos_webp/QUADPRO.webp,f,
4f2e799c-beaf-4eb8-9285-b06ee2c63ae4,1576,GILLETTE,Gillette India Limited,NSE,INE322A01010,NSE_EQ,31176.05,t,2026-08-11 11:53:07.718134+05:30,2026-08-13 10:18:23.276258+05:30,https://dhanarthi-stockguru.s3.amazonaws.com/company_logos_webp/GILLETTE.webp,t,3.57 x
4f3b1fb4-06d5-4da8-81e9-0833e469a047,619,CENTENKA,Century Enka Limited,NSE,INE485A01015,NSE_EQ,1051.58,t,2026-08-11 11:53:08.21644+05:30,2026-08-13 10:18:23.276258+05:30,https://dhanarthi-stockguru.s3.amazonaws.com/company_logos_webp/CENTENKA.webp,t,2 x
4a187f71-fefe-4999-8315-eabbbc4e64c2,762782,MCCHRLS-B,Mac Charles India Limited,NSE,"",NSE_EQ,,t,2026-08-11 11:53:08.533071+05:30,2026-08-11 11:53:08.533071+05:30,,f,
4f5098a8-a649-48b0-9bb3-6e95f7ddbed6,11705,XCHANGING,Xchanging Solutions Limited,NSE,INE692G01013,NSE_EQ,979.05,t,2026-08-11 11:53:09.183625+05:30,2026-08-13 10:18:23.276258+05:30,https://dhanarthi-stockguru.s3.amazonaws.com/company_logos_webp/XCHANGING.webp,t,1 x
4f577ad3-12fb-4342-a3bc-213e49ac7077,23438,TAC,TAC,NSE,INE0SOY01013,NSE_EQ,1321.13,t,2026-08-11 11:53:07.349583+05:30,2026-08-13 10:18:23.276258+05:30,https://dhanarthi-stockguru.s3.amazonaws.com/company_logos_webp/TAC.webp,f,
4f691c81-7c6f-4a95-9f60-4fb244cf34eb,14086,IGPL,IG Petrochemicals Limited,NSE,INE204A01010,NSE_EQ,1321.19,t,2026-08-11 11:53:08.422863+05:30,2026-08-13 10:18:23.276258+05:30,https://dhanarthi-stockguru.s3.amazonaws.com/company_logos_webp/IGPL.webp,t,2.5 x
4fa2b73d-3eb3-4272-ab2d-47154f1bd40a,759057,SAATVIKGL,Saatvik Green Energy Limited,NSE,INE13B501022,NSE_EQ,5696.63,t,2026-08-11 11:53:07.949549+05:30,2026-08-13 10:18:23.276258+05:30,,t,3.17 x
4fc9b25e-3e97-441a-adc2-2f7c5cfb43f4,23489,BHARTIHEXA,Bharti Hexacom Limited,NSE,INE343G01021,NSE_EQ,88887.9,t,2026-08-11 11:53:07.367129+05:30,2026-08-13 10:18:23.276258+05:30,https://dhanarthi-stockguru.s3.amazonaws.com/company_logos_webp/BHARTIHEXA.webp,t,3.33 x
4fd78364-30f5-49fd-b24c-f9457c17d6ad,12022,AURIONPRO,Aurionpro Solutions Limited,NSE,INE132H01018,NSE_EQ,6924.32,t,2026-08-11 11:53:08.909904+05:30,2026-08-13 10:18:23.276258+05:30,https://dhanarthi-stockguru.s3.amazonaws.com/company_logos_webp/AURIONPRO.webp,t,2.67 x
4feb1439-8e73-4c09-9ac8-625531da5c20,22649,PARKHOTELS,Apeejay Surrendra Park Hotels Limited,NSE,INE988S01028,NSE_EQ,3175.32,t,2026-08-11 11:53:07.832918+05:30,2026-08-13 10:18:23.276258+05:30,,t,2.5 x
50677f38-3971-40b8-9a26-fc97db4fa2de,17279,BLS,BLS International Services Limited,NSE,INE153T01027,NSE_EQ,14268.15,t,2026-08-11 11:53:07.372137+05:30,2026-08-13 10:18:23.276258+05:30,https://dhanarthi-stockguru.s3.amazonaws.com/company_logos_webp/BLS.webp,t,2.77 x
643d2154-64f7-400d-98e3-49a004490fe2,27095,SWANCORP,SWAN CORP LIMITED,NSE,INE665A01038,NSE_EQ,14375.67,t,2026-08-11 11:53:08.516446+05:30,2026-08-13 10:18:23.338747+05:30,,t,2.86 x
158b0fb9-734b-4849-a50d-b16105378c0e,29590,JUBLCPL,Jubilant Agri and Consumer Products Limited,NSE,INE03CC01015,NSE_EQ,3547.94,t,2026-08-11 11:53:08.566457+05:30,2026-08-13 10:18:23.086052+05:30,,t,2.5 x
28a6bcf2-effa-41d9-a21f-f4d9c1ab54ad,7287,JTLIND,JTL INDUSTRIES LIMITED,NSE,INE391J01032,NSE_EQ,2754.72,t,2026-08-11 11:53:08.566457+05:30,2026-08-13 10:18:23.148557+05:30,,t,2.39 x
50680863-801d-430c-baa1-5f5946cc18c7,19867,AMNPLST,Amines & Plasticizers Limited,NSE,INE275D01022,NSE_EQ,1188.07,t,2026-08-11 11:53:07.282898+05:30,2026-08-13 10:18:23.276258+05:30,https://dhanarthi-stockguru.s3.amazonaws.com/company_logos_webp/AMNPLST.webp,f,
506df332-edcc-43d9-85a5-697311800318,4391,GULFOILLUB,Gulf Oil Lubricants India Limited,NSE,INE635Q01029,NSE_EQ,6012.49,t,2026-08-11 11:53:08.370496+05:30,2026-08-13 10:18:23.276258+05:30,https://dhanarthi-stockguru.s3.amazonaws.com/company_logos_webp/GULFOILLUB.webp,t,3.24 x
506ea34e-530a-4d0d-b9e3-a42ff1c854ee,22824,JUNIPER,Juniper Hotels Limited,NSE,INE696F01016,NSE_EQ,6163.69,t,2026-08-11 11:53:08.566457+05:30,2026-08-13 10:18:23.276258+05:30,https://dhanarthi-stockguru.s3.amazonaws.com/company_logos_webp/JUNIPER.webp,t,3.16 x
5074c487-5003-4c0f-ac27-d5cdb2c83b6c,154,APCOTEXIND,Apcotex Industries Limited,NSE,INE116A01032,NSE_EQ,2027.57,t,2026-08-11 11:53:07.300879+05:30,2026-08-13 10:18:23.276258+05:30,https://dhanarthi-stockguru.s3.amazonaws.com/company_logos_webp/APCOTEXIND.webp,t,2 x
5099c1d3-14ba-4ba8-a77f-b8e5c5c9616d,399,NIACL,The New India Assurance Company Limited,NSE,INE470Y01017,NSE_EQ,30188.64,t,2026-08-11 11:53:07.733094+05:30,2026-08-13 10:18:23.276258+05:30,https://dhanarthi-stockguru.s3.amazonaws.com/company_logos_webp/NIACL.webp,t,2.76 x
50a222f8-ca48-478e-824f-5b97c0706d24,5748,CYIENT,Cyient Limited,NSE,INE136B01020,NSE_EQ,13215.58,t,2026-08-11 11:53:07.423337+05:30,2026-08-13 10:18:23.276258+05:30,https://dhanarthi-stockguru.s3.amazonaws.com/company_logos_webp/CYIENT.webp,t,3.19 x
50a5ffa2-4f94-420e-804e-5a56a0eca3e0,14908,KDDL,KDDL Limited,NSE,INE291D01011,NSE_EQ,3133.66,t,2026-08-11 11:53:08.616446+05:30,2026-08-13 10:18:23.276258+05:30,https://dhanarthi-stockguru.s3.amazonaws.com/company_logos_webp/KDDL.webp,t,2.5 x
50b3bc45-8bf4-4913-9743-3bf0d851950a,13081,TRIVENI,Triveni Engineering & Industries Limited,NSE,INE256C01024,NSE_EQ,7822.16,t,2026-08-11 11:53:08.749803+05:30,2026-08-13 10:18:23.276258+05:30,https://dhanarthi-stockguru.s3.amazonaws.com/company_logos_webp/TRIVENI.webp,f,
50b6f0b2-ccec-43e6-9ca5-e2951a68cf78,4992,SHARDACROP,Sharda Cropchem Limited,NSE,INE221J01015,NSE_EQ,8001.52,t,2026-08-11 11:53:07.986943+05:30,2026-08-13 10:18:23.276258+05:30,https://dhanarthi-stockguru.s3.amazonaws.com/company_logos_webp/SHARDACROP.webp,t,2.48 x
50d07590-55b9-4a0f-83e7-8695f9a13266,8428,RAJRILTD,Raj Rayon Industries Limited,NSE,INE533D01032,NSE_EQ,1416.34,t,2026-08-11 11:53:09.05507+05:30,2026-08-13 10:18:23.276258+05:30,https://dhanarthi-stockguru.s3.amazonaws.com/company_logos_webp/RAJRILTD.webp,f,
50ede04f-a823-4ba3-b41d-6db7df5fe98b,940,PGHL,Procter & Gamble Health Limited,NSE,INE199A01012,NSE_EQ,10016.85,t,2026-08-11 11:53:07.866247+05:30,2026-08-13 10:18:23.276258+05:30,https://dhanarthi-stockguru.s3.amazonaws.com/company_logos_webp/PGHL.webp,t,3.67 x
516ccd05-0e55-47cd-b57d-63b8b4d2fa9e,7094,SEJALLTD,Sejal Glass Limited,NSE,INE955I01044,NSE_EQ,717.98,t,2026-08-11 11:53:07.435203+05:30,2026-08-13 10:18:23.276258+05:30,https://dhanarthi-stockguru.s3.amazonaws.com/company_logos_webp/SEJALLTD.webp,f,
517bf48c-3fae-4744-a4a6-b6f7d4d84e54,18151,TVSSCS,TVS Supply Chain Solutions Limited,NSE,INE395N01027,NSE_EQ,5470.86,t,2026-08-11 11:53:08.766558+05:30,2026-08-13 10:18:23.276258+05:30,https://dhanarthi-stockguru.s3.amazonaws.com/company_logos_webp/TVSSCS.webp,t,2 x
51aebbcb-1efd-4d0d-b90a-b4bae604b38c,13643,ELECON,Elecon Engineering Company Limited,NSE,INE205B01031,NSE_EQ,12486.57,t,2026-08-11 11:53:08.933682+05:30,2026-08-13 10:18:23.276258+05:30,https://dhanarthi-stockguru.s3.amazonaws.com/company_logos_webp/ELECON.webp,t,2.72 x
51d738cd-c9bd-48c1-852c-0ff5c1fdc940,11856,SHAHALLOYS,Shah Alloys Limited,NSE,INE640C01011,NSE_EQ,133.06,t,2026-08-11 11:53:07.854273+05:30,2026-08-13 10:18:23.29187+05:30,https://dhanarthi-stockguru.s3.amazonaws.com/company_logos_webp/SHAHALLOYS.webp,f,
51e95a8d-d615-4063-96a7-5d7ab076d62a,25715,SAJHOTELS,SAJHOTELS,NSE,INE00MT01022,NSE_EQ,104.78,t,2026-08-11 11:53:09.418073+05:30,2026-08-13 10:18:23.29187+05:30,https://dhanarthi-stockguru.s3.amazonaws.com/company_logos_webp/SAJHOTELS.webp,f,
51f8c2be-1578-4c53-b35f-b954333cd344,7425,HECPROJECT,HEC Infra Projects Limited,NSE,INE558R01013,NSE_EQ,155.96,t,2026-08-11 11:53:08.390006+05:30,2026-08-13 10:18:23.29187+05:30,https://dhanarthi-stockguru.s3.amazonaws.com/company_logos_webp/HECPROJECT.webp,f,
51f9d45a-e2b3-41d2-9ec4-68bdf4715909,2106,MANGLMCEM,Mangalam Cement Limited,NSE,INE347A01017,NSE_EQ,2043.7,t,2026-08-11 11:53:08.833281+05:30,2026-08-13 10:18:23.29187+05:30,https://dhanarthi-stockguru.s3.amazonaws.com/company_logos_webp/MANGLMCEM.webp,t,2.5 x
51fa7f92-c85e-467d-b050-293241dc9442,24582,SANSTAR,Sanstar Limited,NSE,INE08NE01025,NSE_EQ,1673.69,t,2026-08-11 11:53:07.970286+05:30,2026-08-13 10:18:23.29187+05:30,https://dhanarthi-stockguru.s3.amazonaws.com/company_logos_webp/SANSTAR.webp,t,2.5 x
52070c1f-7cda-48b6-92dc-7bf9f10dfd13,762658,ELCIDIN,EL CID Investments Limited,NSE,INE927X01018,NSE_EQ,,t,2026-08-11 11:53:08.268362+05:30,2026-08-13 10:18:23.29187+05:30,,f,
522afd0e-03be-43ff-bdf3-de2392f41ebf,25708,HVAX,HVAX,NSE,INE0TO501019,NSE_EQ,244.21,t,2026-08-11 11:53:09.286776+05:30,2026-08-13 10:18:23.29187+05:30,https://dhanarthi-stockguru.s3.amazonaws.com/company_logos_webp/HVAX.webp,f,
52488089-6b4e-4df0-949e-6401a84e3d2b,17527,MAHASTEEL,Mahamaya Steel Industries Limited,NSE,INE451L01014,NSE_EQ,872.36,t,2026-08-11 11:53:08.816457+05:30,2026-08-13 10:18:23.29187+05:30,https://dhanarthi-stockguru.s3.amazonaws.com/company_logos_webp/MAHASTEEL.webp,f,
04f6235f-14f2-4146-b7dc-70701213f18c,762834,PML,Paul Merchants Limited,NSE,INE291E01019,NSE_EQ,,t,2026-08-11 11:53:08.616446+05:30,2026-08-13 10:18:23.039598+05:30,,f,
4df0aa0d-5a6e-4e20-a7e6-9b678ca441c4,762842,PRADPME,Pradeep Metals Limited,NSE,INE770A01010,NSE_EQ,,t,2026-08-11 11:53:08.616446+05:30,2026-08-13 10:18:23.276258+05:30,,f,
52724651-c549-40fb-a8b6-833a4508f4e3,9313,STLTECH,Sterlite Technologies Limited,NSE,INE089C01029,NSE_EQ,5608.85,t,2026-08-11 11:53:08.349673+05:30,2026-08-13 10:18:23.29187+05:30,https://dhanarthi-stockguru.s3.amazonaws.com/company_logos_webp/STLTECH.webp,f,
527b6e78-b1bb-4ef3-90b5-8cf9fb5dff0d,23650,MUTHOOTFIN,Muthoot Finance Limited,NSE,INE414G01012,NSE_EQ,125444.22,t,2026-08-11 11:53:07.69663+05:30,2026-08-13 10:18:23.29187+05:30,https://dhanarthi-stockguru.s3.amazonaws.com/company_logos_webp/MUTHOOTFIN.webp,t,4 x
528fb9a2-6f5e-4179-acd4-3bf4001c6e38,15234,AMBIKCO,Ambika Cotton Mills Limited,NSE,INE540G01014,NSE_EQ,810.51,t,2026-08-11 11:53:07.282898+05:30,2026-08-13 10:18:23.29187+05:30,https://dhanarthi-stockguru.s3.amazonaws.com/company_logos_webp/AMBIKCO.webp,t,2 x
52a9994d-c574-4323-8621-5fdc5d545b1d,761150,VITAL,Vital Chemtech Limited,NSE,INE0L4K01016,NSE_EQ,139,t,2026-08-11 11:53:09.150053+05:30,2026-08-13 10:18:23.29187+05:30,https://dhanarthi-stockguru.s3.amazonaws.com/company_logos_webp/VITAL.webp,f,
52c18dea-05cb-4ed0-bd64-0a1c2bd5e8b2,25923,OBSCP,OBSCP,NSE,INE0YHV01011,NSE_EQ,761.94,t,2026-08-11 11:53:09.21661+05:30,2026-08-13 10:18:23.29187+05:30,https://dhanarthi-stockguru.s3.amazonaws.com/company_logos_webp/OBSCP.webp,f,
52e4b449-01c8-4bba-9d46-d02dd2d3c1dc,22947,EXICOM,Exicom Tele-Systems Limited,NSE,INE777F01014,NSE_EQ,1974.51,t,2026-08-11 11:53:07.486795+05:30,2026-08-13 10:18:23.29187+05:30,https://dhanarthi-stockguru.s3.amazonaws.com/company_logos_webp/EXICOM.webp,t,1 x
531a4c78-8e36-4df4-8322-c815243d9c40,9288,KRITIKA,Kritika Wires Limited,NSE,INE00Z501029,NSE_EQ,229.13,t,2026-08-11 11:53:08.683952+05:30,2026-08-13 10:18:23.29187+05:30,https://dhanarthi-stockguru.s3.amazonaws.com/company_logos_webp/KRITIKA.webp,f,
533a5100-2910-460c-ac83-d293646c130d,21091,STARCEMENT,Star Cement Limited,NSE,INE460H01021,NSE_EQ,10215.16,t,2026-08-11 11:53:08.333105+05:30,2026-08-13 10:18:23.29187+05:30,https://dhanarthi-stockguru.s3.amazonaws.com/company_logos_webp/STARCEMENT.webp,t,3.48 x
534a620f-f4eb-41e0-a6f5-c3817c792c8d,15649,ATALREAL,Atal Realtech Limited,NSE,INE0ALR01029,NSE_EQ,242.57,t,2026-08-11 11:53:07.322446+05:30,2026-08-13 10:18:23.29187+05:30,https://dhanarthi-stockguru.s3.amazonaws.com/company_logos_webp/ATALREAL.webp,f,
534f1260-41f1-4b94-86dd-c6e7d3225c76,8054,KTKBANK,The Karnataka Bank Limited,NSE,INE614B01018,NSE_EQ,6988.96,t,2026-08-11 11:53:08.999929+05:30,2026-08-13 10:18:23.29187+05:30,https://dhanarthi-stockguru.s3.amazonaws.com/company_logos_webp/KTKBANK.webp,t,3.25 x
53660512-2e09-4a09-9469-09627782f427,757794,BRIGHOTEL,Brigade Hotel Ventures Limited,NSE,INE03NU01014,NSE_EQ,3049.93,t,2026-08-11 11:53:08.200025+05:30,2026-08-13 10:18:23.29187+05:30,,t,2.5 x
53846819-e300-4afe-a80d-5cc304293f96,15174,TARIL,Transformers And Rectifiers (India) Limited,NSE,INE763I01026,NSE_EQ,13004.89,t,2026-08-11 11:53:08.555275+05:30,2026-08-13 10:18:23.29187+05:30,,t,2.37 x
53d5d4f4-b73f-4d5e-8cf4-ff8cd1cad521,759934,STYL,Seshaasai Technologies Limited,NSE,INE04VU01023,NSE_EQ,5543.57,t,2026-08-11 11:53:08.399736+05:30,2026-08-13 10:18:23.29187+05:30,,t,3.13 x
54074fae-b0b8-4b24-995a-29b5d733d1b1,761025,GICL,Globe International Carriers Limited,NSE,INE947T01022,NSE_EQ,408.67,t,2026-08-11 11:53:07.533088+05:30,2026-08-13 10:18:23.29187+05:30,https://dhanarthi-stockguru.s3.amazonaws.com/company_logos_webp/GICL.webp,f,
5447c53b-5f2e-4b2e-92d1-a17cf2b6e192,15449,DENEERS,DENEERS,NSE,INE0JWV01011,NSE_EQ,193.41,t,2026-08-11 11:53:09.316798+05:30,2026-08-13 10:18:23.29187+05:30,https://dhanarthi-stockguru.s3.amazonaws.com/company_logos_webp/DENEERS.webp,f,
547544ed-3102-47f3-9fc1-a1f444090074,10700,SURANAT&P,Surana Telecom and Power Limited,NSE,INE130B01031,NSE_EQ,278.12,t,2026-08-11 11:53:08.499691+05:30,2026-08-13 10:18:23.29187+05:30,https://dhanarthi-stockguru.s3.amazonaws.com/company_logos_webp/UYFINCORP.webp,f,
547a08e9-9a92-4594-ac24-f3a636bf54d1,25398,ARKADE,Arkade Developers Limited,NSE,INE0QRL01017,NSE_EQ,3233.25,t,2026-08-11 11:53:08.121787+05:30,2026-08-13 10:18:23.29187+05:30,https://dhanarthi-stockguru.s3.amazonaws.com/company_logos_webp/ARKADE.webp,t,2.5 x
5486d4f4-6eca-42e7-9092-8eb431c2f0b1,2859,RAYMOND,Raymond Limited,NSE,INE301A01014,NSE_EQ,3882.03,t,2026-08-11 11:53:09.066591+05:30,2026-08-13 10:18:23.29187+05:30,https://dhanarthi-stockguru.s3.amazonaws.com/company_logos_webp/RAYMOND.webp,t,2.72 x
54b33ffa-1c49-4160-b761-0bde91a648ae,1315,GALAXYSURF,Galaxy Surfactants Limited,NSE,INE600K01018,NSE_EQ,8083.47,t,2026-08-11 11:53:08.330692+05:30,2026-08-13 10:18:23.29187+05:30,https://dhanarthi-stockguru.s3.amazonaws.com/company_logos_webp/GALAXYSURF.webp,t,3.4 x
54ea7042-5f50-4dcd-8d3e-e9e39598f676,18139,DOLPHIN,Dolphin Offshore Enterprises (India) Limited,NSE,INE920A01037,NSE_EQ,1622.67,t,2026-08-11 11:53:08.268362+05:30,2026-08-13 10:18:23.29187+05:30,,t,1.67 x
54f060a4-6396-42ac-b817-ac306813a3b3,5378,ASAHIINDIA,Asahi India Glass Limited,NSE,INE439A01020,NSE_EQ,22676.66,t,2026-08-11 11:53:07.644274+05:30,2026-08-13 10:18:23.29187+05:30,https://dhanarthi-stockguru.s3.amazonaws.com/company_logos_webp/ASAHIINDIA.webp,t,3.14 x
54f35d9e-74f9-4161-8eab-2157967f4e25,3417,HONAUT,Honeywell Automation India Limited,NSE,INE671A01010,NSE_EQ,32470.56,t,2026-08-11 11:53:07.594289+05:30,2026-08-13 10:18:23.29187+05:30,https://dhanarthi-stockguru.s3.amazonaws.com/company_logos_webp/HONAUT.webp,t,3.38 x
54fc5741-7e1f-4263-9721-a8dd40ec83d0,9552,RVNL,Rail Vikas Nigam Limited,NSE,INE415G01027,NSE_EQ,70911.04,t,2026-08-11 11:53:07.949549+05:30,2026-08-13 10:18:23.29187+05:30,https://dhanarthi-stockguru.s3.amazonaws.com/company_logos_webp/RVNL.webp,t,3.69 x
55280ad8-1330-432c-83f4-f80eb16eadd9,16483,PROV,PROV,NSE,INE0ONE01016,NSE_EQ,380.02,t,2026-08-11 11:53:08.5085+05:30,2026-08-13 10:18:23.29187+05:30,https://dhanarthi-stockguru.s3.amazonaws.com/company_logos_webp/PROV.webp,f,
5528215b-233d-4c69-8f6d-949fc1d4bb32,31479,ORBTEXP,Orbit Exports Limited,NSE,INE231G01010,NSE_EQ,537.83,t,2026-08-11 11:53:07.81617+05:30,2026-08-13 10:18:23.29187+05:30,,f,
6799e404-c06a-4416-a86e-24be6b6886a2,759880,TENNIND,Tenneco Clean Air India Limited,NSE,INE19RI01016,NSE_EQ,19599.9,t,2026-08-11 11:53:08.599841+05:30,2026-08-13 10:18:23.354384+05:30,,t,3.44 x
0e07cf73-d835-4375-8278-d1a1563e2e5d,5528,KOTHARIPRO,Kothari Products Limited,NSE,INE823A01017,NSE_EQ,494.01,t,2026-08-11 11:53:08.659038+05:30,2026-08-13 10:18:23.070417+05:30,,f,
0e3eebdd-45b5-4764-93e6-0b65a7215df1,757865,SPUNWEB,SPUNWEB,NSE,INE19QH01010,NSE_EQ,356.07,t,2026-08-11 11:53:08.666851+05:30,2026-08-13 10:18:23.070417+05:30,,f,
174a4536-e7f0-4082-ada8-8a10f2a42367,19503,TICL,Twamev Construction and Infrastructure Limited,NSE,INE388G01026,NSE_EQ,428.39,t,2026-08-11 11:53:08.666851+05:30,2026-08-13 10:18:23.101677+05:30,,f,
2ca3bec6-5709-4414-af66-2ca2b4008905,19196,TI,Tilaknagar Industries Limited,NSE,INE133E01013,NSE_EQ,8969.2,t,2026-08-11 11:53:08.666851+05:30,2026-08-13 10:18:23.164175+05:30,,t,2.86 x
33fd8a1c-df11-4a16-b272-4efca719b3ae,757014,THELEELA,Leela Palaces Hotels & Resorts Limited,NSE,INE0AQ201015,NSE_EQ,14180.04,t,2026-08-11 11:53:08.653513+05:30,2026-08-13 10:18:23.195926+05:30,,t,3.56 x
55682c40-a425-474e-9095-bacd73e7c337,10794,CANBK,Canara Bank,NSE,INE476A01022,NSE_EQ,114315.04,t,2026-08-11 11:53:07.393178+05:30,2026-08-13 10:18:23.29187+05:30,https://dhanarthi-stockguru.s3.amazonaws.com/company_logos_webp/CANBK.webp,t,4.31 x
556f238a-95e0-4640-afc2-f6cdb1475b3c,11813,SHOPERSTOP,Shoppers Stop Limited,NSE,INE498B01024,NSE_EQ,5498.41,t,2026-08-11 11:53:08.006368+05:30,2026-08-13 10:18:23.29187+05:30,,t,2.5 x
5582121b-84dd-47ed-81bc-66489f289ea0,9378,TRU,TruCap Finance Limited,NSE,INE615R01029,NSE_EQ,138.53,t,2026-08-11 11:53:08.749803+05:30,2026-08-13 10:18:23.29187+05:30,https://dhanarthi-stockguru.s3.amazonaws.com/company_logos_webp/TRU.webp,f,
55b8336f-064a-48b9-b738-b91af77fb354,6908,VISHNU,Vishnu Chemicals Limited,NSE,INE270I01022,NSE_EQ,3361.89,t,2026-08-11 11:53:09.150053+05:30,2026-08-13 10:18:23.29187+05:30,https://dhanarthi-stockguru.s3.amazonaws.com/company_logos_webp/VISHNU.webp,t,3.09 x
55e53fbd-5d69-4641-8df6-10a843d40805,762675,FEDDERSHOL,Fedders Holding Limited,NSE,INE417D01020,NSE_EQ,,t,2026-08-11 11:53:08.300128+05:30,2026-08-13 10:18:23.29187+05:30,,f,
5610f651-fe72-4310-920b-6475d2d8202d,7902,LFIC,Lakshmi Finance & Industrial Corporation Limited,NSE,INE850E01012,NSE_EQ,60.81,t,2026-08-11 11:53:08.756631+05:30,2026-08-13 10:18:23.29187+05:30,https://dhanarthi-stockguru.s3.amazonaws.com/company_logos_webp/LFIC.webp,f,
5611b30b-39b7-4181-8b6a-c5b2cb89e60b,342,CAMS,Computer Age Management Services Limited,NSE,INE596I01020,NSE_EQ,19271.64,t,2026-08-11 11:53:07.393178+05:30,2026-08-13 10:18:23.29187+05:30,https://dhanarthi-stockguru.s3.amazonaws.com/company_logos_webp/CAMS.webp,t,4.17 x
561a3075-5a07-45b2-b5d2-243cb273c911,12533,AAATECH,AAA Technologies Limited,NSE,INE0D0U01013,NSE_EQ,113.79,t,2026-08-11 11:53:08.049106+05:30,2026-08-13 10:18:23.29187+05:30,https://dhanarthi-stockguru.s3.amazonaws.com/company_logos_webp/AAATECH.webp,f,
561e7fb0-48a6-4175-8f1a-d702baf37c60,16961,AATMAJ,AATMAJ,NSE,INE0OB201016,NSE_EQ,46.04,t,2026-08-11 11:53:09.501618+05:30,2026-08-13 10:18:23.29187+05:30,https://dhanarthi-stockguru.s3.amazonaws.com/company_logos_webp/AATMAJ.webp,f,
56226147-abe2-4902-b084-653b8e6abb53,16419,CRAYONS,CRAYONS,NSE,INE0OFK01019,NSE_EQ,123.05,t,2026-08-11 11:53:09.392936+05:30,2026-08-13 10:18:23.29187+05:30,https://dhanarthi-stockguru.s3.amazonaws.com/company_logos_webp/CRAYONS.webp,f,
56350b17-5ffd-456e-b6d6-986d0986bf8e,136,ANDHRSUGAR,The Andhra Sugars Limited,NSE,INE715B01021,NSE_EQ,1065.35,t,2026-08-11 11:53:07.300879+05:30,2026-08-13 10:18:23.29187+05:30,https://dhanarthi-stockguru.s3.amazonaws.com/company_logos_webp/ANDHRSUGAR.webp,t,2 x
5644d8c8-49cd-4662-a803-beb259dc9ab6,27020,ABINFRA,A B Infrabuild Limited,NSE,INE00YB01025,NSE_EQ,1207.26,t,2026-08-11 11:53:08.062204+05:30,2026-08-13 10:18:23.29187+05:30,https://dhanarthi-stockguru.s3.amazonaws.com/company_logos_webp/ABINFRA.webp,t,2 x
5663e513-6d90-42fa-9a14-c7a8648138de,11956,MEDANTA,Global Health Limited,NSE,INE474Q01031,NSE_EQ,34755.3,t,2026-08-11 11:53:07.644274+05:30,2026-08-13 10:18:23.29187+05:30,https://dhanarthi-stockguru.s3.amazonaws.com/company_logos_webp/MEDANTA.webp,t,3.33 x
566c569b-403e-40bd-b693-a98f8c88291f,762563,BAJAJST,Bajaj Steel Industries Limited,NSE,INE704G01024,NSE_EQ,,t,2026-08-11 11:53:08.152119+05:30,2026-08-13 10:18:23.307503+05:30,,f,
5688852e-6dd7-48f5-b6ae-8bf80f1a494f,11549,TEXINFRA,Texmaco Infrastructure & Holdings Limited,NSE,INE435C01024,NSE_EQ,1259.5,t,2026-08-11 11:53:08.639972+05:30,2026-08-13 10:18:23.307503+05:30,https://dhanarthi-stockguru.s3.amazonaws.com/company_logos_webp/TEXINFRA.webp,t,2.5 x
568d609e-d66f-4571-b45b-679354f90e55,4684,SONACOMS,Sona BLW Precision Forgings Limited,NSE,INE073K01018,NSE_EQ,28832.66,t,2026-08-11 11:53:08.268362+05:30,2026-08-13 10:18:23.307503+05:30,https://dhanarthi-stockguru.s3.amazonaws.com/company_logos_webp/SONACOMS.webp,t,4.17 x
568fd4ca-e552-4107-9c0a-95bf4c853b24,8890,VERANDA,Veranda Learning Solutions Limited,NSE,INE0IQ001011,NSE_EQ,1997.54,t,2026-08-11 11:53:08.883235+05:30,2026-08-13 10:18:23.307503+05:30,https://dhanarthi-stockguru.s3.amazonaws.com/company_logos_webp/VERANDA.webp,t,2.04 x
569612eb-6e5a-447b-9b9c-be9991ecb235,3787,WIPRO,Wipro Limited,NSE,INE075A01022,NSE_EQ,263356.98,t,2026-08-11 11:53:09.183625+05:30,2026-08-13 10:18:23.307503+05:30,https://dhanarthi-stockguru.s3.amazonaws.com/company_logos_webp/WIPRO.webp,t,4.55 x
569884e8-4d00-4a4b-afa1-8c2f66d250ad,24735,RPEL,Raghav Productivity Enhancers Limited,NSE,INE912T01018,NSE_EQ,3525.18,t,2026-08-11 11:53:07.949549+05:30,2026-08-13 10:18:23.307503+05:30,,t,1 x
569c42b1-b6f2-4ee5-abb8-8647eb348b5a,4235,WENDT,Wendt (India) Limited,NSE,INE274C01019,NSE_EQ,1831.67,t,2026-08-11 11:53:09.166605+05:30,2026-08-13 10:18:23.307503+05:30,https://dhanarthi-stockguru.s3.amazonaws.com/company_logos_webp/WENDT.webp,t,2.5 x
56b24c50-5009-4192-8a08-e5eb5bf5bed8,14838,DECCANCE,Deccan Cements Limited,NSE,INE583C01021,NSE_EQ,1358.3,t,2026-08-11 11:53:07.435203+05:30,2026-08-13 10:18:23.307503+05:30,https://dhanarthi-stockguru.s3.amazonaws.com/company_logos_webp/DECCANCE.webp,t,2 x
56bea54a-a3c2-4ce8-a4cb-3e646c8fd4e8,7862,GVPIL,GE Power India Limited,NSE,INE878A01011,NSE_EQ,2211.01,t,2026-08-11 11:53:08.383036+05:30,2026-08-13 10:18:23.307503+05:30,,t,1 x
56d0627e-4979-4606-a2cc-8401325986f5,2133,MDL,MDL,NSE,INE575Z01010,NSE_EQ,159.56,t,2026-08-11 11:53:09.350167+05:30,2026-08-13 10:18:23.307503+05:30,https://dhanarthi-stockguru.s3.amazonaws.com/company_logos_webp/MDL.webp,f,
56d3e9fe-9be9-41cf-8530-e5402fab1c1b,28888,SENORES,Senores Pharmaceuticals Limited,NSE,INE0RB801010,NSE_EQ,3323.67,t,2026-08-11 11:53:07.594289+05:30,2026-08-13 10:18:23.307503+05:30,,t,2.9 x
151f87d1-b453-4f33-b802-7970d70aa708,12847,KRISHANA,Krishana Phoschem Limited,NSE,INE506W01020,NSE_EQ,3180.43,t,2026-08-11 11:53:08.683952+05:30,2026-08-13 10:18:23.086052+05:30,,t,2.5 x
162627c2-f8ac-4102-a672-bee827dea87b,762872,RSDFIN,RSD Finance Limited,NSE,INE616F01022,NSE_EQ,,t,2026-08-11 11:53:08.680868+05:30,2026-08-13 10:18:23.086052+05:30,,f,
1a560bc9-c8df-4748-b2de-d06a269e8366,761469,SHADOWFAX,Shadowfax Technologies Limited,NSE,INE12UN01015,NSE_EQ,,t,2026-08-11 11:53:08.721927+05:30,2026-08-13 10:18:23.101677+05:30,,t,1 x
2974a7ec-a5ae-435d-9fce-d19fb7146941,762874,SAPPL,Shree Ajit Pulp & Paper Limited,NSE,INE185C01017,NSE_EQ,,t,2026-08-11 11:53:08.707604+05:30,2026-08-13 10:18:23.148557+05:30,,f,
2b64bbae-4505-486c-b3c6-a21a37704452,761153,SEDEMAC,SEDEMAC Mechatronics Limited,NSE,INE00XB01019,NSE_EQ,,t,2026-08-11 11:53:08.717925+05:30,2026-08-13 10:18:23.164175+05:30,,t,3.39 x
393c795a-e1e0-48b7-908b-681dc5105dd2,761439,RSL,Rajputana Stainless Limited,NSE,INE313L01016,NSE_EQ,,t,2026-08-11 11:53:08.682979+05:30,2026-08-13 10:18:23.211542+05:30,,f,
4859446b-a106-4de2-ae72-8aeccf4c75ee,759782,TMCV,Tata Motors Limited,NSE,INE1TAE01010,NSE_EQ,133946.38,t,2026-08-11 11:53:08.691433+05:30,2026-08-13 10:18:23.244995+05:30,,t,3.35 x
49d377eb-95e2-4fe5-96b0-78a279c4de2e,29075,SETL,Standard Engineering Technology Limited,NSE,INE0M4D01010,NSE_EQ,,t,2026-08-11 11:53:08.720927+05:30,2026-08-13 10:18:23.260619+05:30,,t,1 x
4d70b74b-f6c9-4069-bde9-d270b1099ee2,762889,SEIL,Shanti Educational Initiatives Limited,NSE,INE440T01028,NSE_EQ,,t,2026-08-11 11:53:08.718927+05:30,2026-08-13 10:18:23.260619+05:30,,f,
561025f7-1176-4225-a6b9-cadaf1662c96,761688,SAHLIBHFI,Shalibhadra Finance Limited,NSE,INE861D01011,NSE_EQ,,t,2026-08-11 11:53:08.691433+05:30,2026-08-13 10:18:23.29187+05:30,,f,
56de5623-2fe1-4e9e-97a3-e3256345d41a,3594,UNITECH,Unitech Limited,NSE,INE694A01020,NSE_EQ,1824.45,t,2026-08-11 11:53:08.823566+05:30,2026-08-13 10:18:23.307503+05:30,https://dhanarthi-stockguru.s3.amazonaws.com/company_logos_webp/UNITECH.webp,t,1.56 x
56e4bd5b-8279-402c-896a-5a582c83f1e8,811,DCMSHRIRAM,DCM Shriram Limited,NSE,INE499A01024,NSE_EQ,19790.88,t,2026-08-11 11:53:08.933682+05:30,2026-08-13 10:18:23.307503+05:30,https://dhanarthi-stockguru.s3.amazonaws.com/company_logos_webp/DCMSHRIRAM.webp,t,3.22 x
5715ecaa-ccaf-4fee-8f11-28c8f6ad72c0,21840,DIAMONDYD,Prataap Snacks Limited,NSE,INE393P01035,NSE_EQ,2467.76,t,2026-08-11 11:53:07.449913+05:30,2026-08-13 10:18:23.307503+05:30,https://dhanarthi-stockguru.s3.amazonaws.com/company_logos_webp/DIAMONDYD.webp,t,2.5 x
5760c167-949a-45bd-8d18-686a45f7efd2,11723,JSWSTEEL,JSW Steel Limited,NSE,INE019A01038,NSE_EQ,270419.85,t,2026-08-11 11:53:08.555275+05:30,2026-08-13 10:18:23.307503+05:30,https://dhanarthi-stockguru.s3.amazonaws.com/company_logos_webp/JSWSTEEL.webp,t,4.55 x
5762062a-3a5a-4a2e-b885-c72f4eb8ebce,21614,ABCAPITAL,Aditya Birla Capital Limited,NSE,INE674K01013,NSE_EQ,79334.16,t,2026-08-11 11:53:07.26652+05:30,2026-08-13 10:18:23.307503+05:30,,t,4.13 x
57a50f44-8c4a-4187-97b8-4635e01d31c8,8212,RICHA,RICHA,NSE,INE0J1P01015,NSE_EQ,60.95,t,2026-08-11 11:53:09.48377+05:30,2026-08-13 10:18:23.307503+05:30,https://dhanarthi-stockguru.s3.amazonaws.com/company_logos_webp/RICHA.webp,f,
57d263e1-294f-4f69-8290-d300cd1645c9,18773,MARCO,MARCO,NSE,INE0QP001012,NSE_EQ,76,t,2026-08-11 11:53:09.450055+05:30,2026-08-13 10:18:23.307503+05:30,https://dhanarthi-stockguru.s3.amazonaws.com/company_logos_webp/MARCO.webp,f,
57de54d0-dd3e-4004-8e45-c5814acb5f4f,10440,LUPIN,Lupin Limited,NSE,INE326A01037,NSE_EQ,90701.52,t,2026-08-11 11:53:08.804555+05:30,2026-08-13 10:18:23.307503+05:30,https://dhanarthi-stockguru.s3.amazonaws.com/company_logos_webp/LUPIN.webp,t,4.55 x
584a822e-12da-440e-acb4-7113f78730b9,10634,ASAL,Automotive Stampings and Assemblies Limited,NSE,INE900C01027,NSE_EQ,830,t,2026-08-11 11:53:08.133117+05:30,2026-08-13 10:18:23.307503+05:30,https://dhanarthi-stockguru.s3.amazonaws.com/company_logos_webp/ASAL.webp,t,2 x
586693ca-9f56-40b5-a315-bd4f7f636def,14418,ASTRAL,Astral Limited,NSE,INE006I01046,NSE_EQ,38629.75,t,2026-08-11 11:53:07.322446+05:30,2026-08-13 10:18:23.307503+05:30,https://dhanarthi-stockguru.s3.amazonaws.com/company_logos_webp/ASTRAL.webp,t,4.35 x
5871cb5f-691d-4d87-a085-885f44f14e5e,4201,SOMATEX,Soma Textiles & Industries Limited,NSE,INE314C01013,NSE_EQ,315.96,t,2026-08-11 11:53:08.266298+05:30,2026-08-13 10:18:23.307503+05:30,https://dhanarthi-stockguru.s3.amazonaws.com/company_logos_webp/SOMATEX.webp,f,
589e5673-2281-40dc-bdac-d678a4a7287f,31017,THOMASCOTT,Thomas Scott (India) Limited,NSE,INE480M01011,NSE_EQ,473.42,t,2026-08-11 11:53:08.499213+05:30,2026-08-13 10:18:23.307503+05:30,https://dhanarthi-stockguru.s3.amazonaws.com/company_logos_webp/THOMASCOTT.webp,t,1 x
58a1a372-61e5-4cf0-b158-35939bed7080,760073,JAYKAY,Jaykay Enterprises Limited,NSE,INE903A01025,NSE_EQ,2610,t,2026-08-11 11:53:08.509009+05:30,2026-08-13 10:18:23.307503+05:30,,t,2.37 x
58a5f2cd-b95d-42a4-8ff8-f14638c4b4b6,4745,BANKINDIA,Bank of India,NSE,INE084A01016,NSE_EQ,57811.37,t,2026-08-11 11:53:07.355441+05:30,2026-08-13 10:18:23.307503+05:30,https://dhanarthi-stockguru.s3.amazonaws.com/company_logos_webp/BANKINDIA.webp,t,4 x
58ae2747-6e7f-4947-a378-fe459600f8c8,8110,AWL,AWL Agri Business Limited,NSE,INE699H01024,NSE_EQ,33882.47,t,2026-08-11 11:53:08.909904+05:30,2026-08-13 10:18:23.307503+05:30,https://dhanarthi-stockguru.s3.amazonaws.com/company_logos_webp/AWL.webp,t,3.26 x
a969cff9-78e5-45c6-b651-835aee770ae5,"",SGLTL,SGLTL,NSE,"",NSE_EQ,3448.56,t,2026-08-11 11:53:09.116677+05:30,2026-08-11 11:53:09.116677+05:30,,f,
1073d58f-0ed7-40cd-a0d5-e3661430c459,761420,SINGERIND,Singer India Limited,NSE,INE638A01035,NSE_EQ,,t,2026-08-11 11:53:08.741671+05:30,2026-08-13 10:18:23.070417+05:30,,f,
1d5eb918-d44e-4549-aef2-cca0d63010b4,760188,SRTL,Shree Ram Twistex Limited,NSE,INE19GK01015,NSE_EQ,,t,2026-08-11 11:53:08.765956+05:30,2026-08-13 10:18:23.117308+05:30,,t,1.67 x
20b21c95-2811-4574-b775-bbb4581eaa6f,28714,TRANSRAILL,Transrail Lighting Limited,NSE,INE454P01035,NSE_EQ,9513.51,t,2026-08-11 11:53:08.729927+05:30,2026-08-13 10:18:23.117308+05:30,,t,2.99 x
2297404f-63de-4a39-bd6f-3399a40b7b83,30030,BALAJIPHOS,BALAJIPHOS,NSE,INE0PQ601019,NSE_EQ,345.6,t,2026-08-11 11:53:08.731927+05:30,2026-08-13 10:18:23.132931+05:30,,f,
ffa1e6dd-885a-4187-bc95-d687827572db,24278,MASON,MASON,NSE,"",NSE_EQ,352.09,t,2026-08-11 11:53:08.730926+05:30,2026-08-11 11:53:08.730926+05:30,,f,
5b0ec4a5-80ea-451a-875c-4cefa3aba76f,"",SHAH-RE1,Shah Metacorp Ltd-RE,NSE,"",NSE_EQ,,t,2026-08-11 11:53:08.731927+05:30,2026-08-11 11:53:08.731927+05:30,,f,
37ef8cd4-e166-4055-a0a8-d879faf63f4e,758865,LAXMIINDIA,Laxmi India Finance Limited,NSE,INE06WU01026,NSE_EQ,752.53,t,2026-08-11 11:53:08.738164+05:30,2026-08-13 10:18:23.195926+05:30,,f,
3ca6ec08-dd18-4899-9921-cfe30ae752f7,762919,SONAL,Sonal Mercantile Limited,NSE,INE321M01017,NSE_EQ,,t,2026-08-11 11:53:08.756631+05:30,2026-08-13 10:18:23.211542+05:30,,f,
58c2c222-c278-40a7-9b4f-46a79240e094,23175,KRYSTAL,Krystal Integrated Services Limited,NSE,INE0QN801017,NSE_EQ,843.72,t,2026-08-11 11:53:08.691433+05:30,2026-08-13 10:18:23.307503+05:30,https://dhanarthi-stockguru.s3.amazonaws.com/company_logos_webp/KRYSTAL.webp,t,2 x
58d08144-bff1-43a3-b07d-43edbf2b5770,1675,ITI,ITI Limited,NSE,INE248A01017,NSE_EQ,30013.15,t,2026-08-11 11:53:08.483046+05:30,2026-08-13 10:18:23.307503+05:30,https://dhanarthi-stockguru.s3.amazonaws.com/company_logos_webp/ITI.webp,t,2.79 x
58d67df8-69ad-43c7-8d5a-dc9319a0dd76,13337,GALLANTT,Gallantt Ispat Limited,NSE,INE297H01019,NSE_EQ,14937.67,t,2026-08-11 11:53:08.950386+05:30,2026-08-13 10:18:23.307503+05:30,https://dhanarthi-stockguru.s3.amazonaws.com/company_logos_webp/GALLANTT.webp,t,1 x
58dfc92a-4459-426f-b5ee-b6f10dad60d4,18506,SAROJA,SAROJA,NSE,INE0PCL01011,NSE_EQ,17.1,t,2026-08-11 11:53:09.566749+05:30,2026-08-13 10:18:23.307503+05:30,https://dhanarthi-stockguru.s3.amazonaws.com/company_logos_webp/SAROJA.webp,f,
58fa88fe-4171-480f-989d-7ef2145a6b5f,2885,RELIANCE,Reliance Industries Limited,NSE,INE002A01018,NSE_EQ,1970787.69,t,2026-08-11 11:53:07.926341+05:30,2026-08-13 10:18:23.307503+05:30,https://dhanarthi-stockguru.s3.amazonaws.com/company_logos_webp/RELIANCE.webp,t,4.55 x
593c24ea-776d-4f97-80db-1d339f1c839a,14063,WANBURY,Wanbury Limited,NSE,INE107F01022,NSE_EQ,833.92,t,2026-08-11 11:53:09.166605+05:30,2026-08-13 10:18:23.307503+05:30,https://dhanarthi-stockguru.s3.amazonaws.com/company_logos_webp/WANBURY.webp,f,
59583d17-bf2e-4578-a09f-b1b57ca8387c,20167,ROXHITECH,ROXHITECH,NSE,INE0PDJ01013,NSE_EQ,105.05,t,2026-08-11 11:53:09.417075+05:30,2026-08-13 10:18:23.307503+05:30,https://dhanarthi-stockguru.s3.amazonaws.com/company_logos_webp/ROXHITECH.webp,f,
5985cc72-1aea-4a26-b4ba-5f4c840eeb9f,2715,MTARTECH,Mtar Technologies Limited,NSE,INE864I01014,NSE_EQ,6012.95,t,2026-08-11 11:53:09.016559+05:30,2026-08-13 10:18:23.307503+05:30,https://dhanarthi-stockguru.s3.amazonaws.com/company_logos_webp/MTARTECH.webp,f,
598ce9d3-fa76-46f1-9afa-2352553a3573,5865,LAGNAM,Lagnam Spintex Limited,NSE,INE548Z01017,NSE_EQ,149.91,t,2026-08-11 11:53:08.712476+05:30,2026-08-13 10:18:23.307503+05:30,https://dhanarthi-stockguru.s3.amazonaws.com/company_logos_webp/LAGNAM.webp,f,
59ab7725-a16e-4729-8a9c-dd0c77b5e76f,25857,AFFORDABLE,Affordable Robotic & Automation Limited,NSE,INE692Z01013,NSE_EQ,338.02,t,2026-08-11 11:53:08.06671+05:30,2026-08-13 10:18:23.307503+05:30,https://dhanarthi-stockguru.s3.amazonaws.com/company_logos_webp/AFFORDABLE.webp,f,
59adb964-64f6-4f92-9aea-348820a85ad6,28906,MAYURUNIQ,Mayur Uniquoters Ltd,NSE,INE040D01038,NSE_EQ,2286.99,t,2026-08-11 11:53:08.883235+05:30,2026-08-13 10:18:23.307503+05:30,https://dhanarthi-stockguru.s3.amazonaws.com/company_logos_webp/MAYURUNIQ.webp,t,2.86 x
59c4ea84-41d0-4c2e-8357-0f7c016ffde8,193,ARVIND,Arvind Limited,NSE,INE034A01011,NSE_EQ,8381.54,t,2026-08-11 11:53:08.906169+05:30,2026-08-13 10:18:23.307503+05:30,https://dhanarthi-stockguru.s3.amazonaws.com/company_logos_webp/ARVIND.webp,t,2.94 x
59cf2e18-882f-4df1-9d87-7838a5a1fa57,27052,SAGILITY,SAGILITY LIMITED,NSE,INE0W2G01015,NSE_EQ,21899.29,t,2026-08-11 11:53:07.966199+05:30,2026-08-13 10:18:23.307503+05:30,,t,2.86 x
59db870e-cda1-4e1f-b1c2-60be90f2a81e,21427,THEINVEST,The Investment Trust Of India Limited,NSE,INE924D01017,NSE_EQ,741.49,t,2026-08-11 11:53:08.652985+05:30,2026-08-13 10:18:23.307503+05:30,https://dhanarthi-stockguru.s3.amazonaws.com/company_logos_webp/THEINVEST.webp,f,
8103be44-e5d3-4c57-aaf1-b91f9d076066,29657,MAXVOLT,MAXVOLT,NSE,"",NSE_EQ,340.2,t,2026-08-11 11:53:08.756631+05:30,2026-08-11 11:53:08.756631+05:30,,f,
d1a6ec65-b49c-43c0-8d88-7520cf0fed22,758427,AMCL,AMCL,NSE,"",NSE_EQ,333,t,2026-08-11 11:53:08.756631+05:30,2026-08-11 11:53:08.756631+05:30,,f,
16051ec2-f19d-4576-8c9f-a4f9ebc84f5f,762929,TAALTECH,Taal Tech Limited,NSE,INE524T01011,NSE_EQ,,t,2026-08-11 11:53:08.783106+05:30,2026-08-13 10:18:23.086052+05:30,,f,
30088604-dd00-463b-ab91-1c8554d33eba,28960,UNIMECH,Unimech Aerospace and Manufacturing Limited,NSE,INE0U3I01011,NSE_EQ,5333.8,t,2026-08-11 11:53:08.799799+05:30,2026-08-13 10:18:23.180302+05:30,,t,2 x
35880de0-fcef-49ee-935a-33d7d900fb9d,3127,UFBL,United Foodbrands Limited,NSE,INE382M01027,NSE_EQ,924.65,t,2026-08-11 11:53:08.766558+05:30,2026-08-13 10:18:23.195926+05:30,,f,
35a458fb-8356-40bb-b754-732cd7011ab9,758217,PARTH,PARTH,NSE,INE1H7V01011,NSE_EQ,329.27,t,2026-08-11 11:53:08.799799+05:30,2026-08-13 10:18:23.195926+05:30,,f,
3d360bfa-59de-46bf-89d0-ae6b74f3262a,8998,UMIYA-MRO,UMIYA BUILDCON LIMITED,NSE,INE398B01018,NSE_EQ,162.32,t,2026-08-11 11:53:08.783106+05:30,2026-08-13 10:18:23.211542+05:30,,f,
5a24b758-19e7-49c4-8118-cd8f3231369c,2421,NILKAMAL,Nilkamal Limited,NSE,INE310A01015,NSE_EQ,2321.33,t,2026-08-11 11:53:07.743226+05:30,2026-08-13 10:18:23.307503+05:30,https://dhanarthi-stockguru.s3.amazonaws.com/company_logos_webp/NILKAMAL.webp,t,2 x
5a2fdcf3-d33f-40d5-b0e5-208d30a3b3cc,10099,GODREJCP,Godrej Consumer Products Limited,NSE,INE102D01028,NSE_EQ,121701.32,t,2026-08-11 11:53:07.549834+05:30,2026-08-13 10:18:23.307503+05:30,https://dhanarthi-stockguru.s3.amazonaws.com/company_logos_webp/GODREJCP.webp,t,4.55 x
5a456c7f-8568-4568-a4b0-cbc0b5ec3965,14450,EMBDL,Embassy Developments Limited,NSE,INE069I01010,NSE_EQ,12445.45,t,2026-08-11 11:53:08.950386+05:30,2026-08-13 10:18:23.307503+05:30,https://dhanarthi-stockguru.s3.amazonaws.com/company_logos_webp/EMBDL.webp,t,2 x
5a50c986-7543-4c49-a7e6-bc08f075e2c1,18908,PNBHOUSING,PNB Housing Finance Limited,NSE,INE572E01012,NSE_EQ,23486.13,t,2026-08-11 11:53:07.88335+05:30,2026-08-13 10:18:23.307503+05:30,https://dhanarthi-stockguru.s3.amazonaws.com/company_logos_webp/PNBHOUSING.webp,t,3.95 x
5a52a40b-01b6-4bba-973b-8b1cff956cc6,2307,MUNJALSHOW,Munjal Showa Limited,NSE,INE577A01027,NSE_EQ,539.26,t,2026-08-11 11:53:07.69612+05:30,2026-08-13 10:18:23.307503+05:30,https://dhanarthi-stockguru.s3.amazonaws.com/company_logos_webp/MUNJALSHOW.webp,t,1 x
5a6f6835-b544-4beb-8938-ab81791cd41a,13349,UMA,UMA,NSE,INE067901012,NSE_EQ,47.32,t,2026-08-11 11:53:09.501618+05:30,2026-08-13 10:18:23.307503+05:30,https://dhanarthi-stockguru.s3.amazonaws.com/company_logos_webp/UMA.webp,f,
5a816a45-6428-4b0d-8ceb-c612909807c2,2439,NKIND,NK Industries Limited,NSE,INE542C01019,NSE_EQ,40.96,t,2026-08-11 11:53:07.749853+05:30,2026-08-13 10:18:23.307503+05:30,https://dhanarthi-stockguru.s3.amazonaws.com/company_logos_webp/NKIND.webp,f,
5ab20f63-4251-45b1-88e4-4a2b1cea6143,5239,MAHAPEXLTD,Maha Rashtra Apex Corporation Limited,NSE,INE843B01013,NSE_EQ,142.36,t,2026-08-11 11:53:08.815973+05:30,2026-08-13 10:18:23.307503+05:30,https://dhanarthi-stockguru.s3.amazonaws.com/company_logos_webp/MAHAPEXLTD.webp,f,
5ad22b4a-350c-411f-a830-b3636b94628d,3048,SCI,Shipping Corporation Of India Limited,NSE,INE109A01011,NSE_EQ,10562.2,t,2026-08-11 11:53:08.021031+05:30,2026-08-13 10:18:23.307503+05:30,,t,2.7 x
5af4d182-1301-47f2-8148-90e1a6423981,13856,VENUSREM,Venus Remedies Limited,NSE,INE411B01019,NSE_EQ,724.08,t,2026-08-11 11:53:08.883235+05:30,2026-08-13 10:18:23.307503+05:30,https://dhanarthi-stockguru.s3.amazonaws.com/company_logos_webp/VENUSREM.webp,f,
5b09153e-9cb8-48eb-a03a-9940834f54c2,11829,SSWL,Steel Strips Wheels Limited,NSE,INE802C01033,NSE_EQ,3459.42,t,2026-08-11 11:53:08.333105+05:30,2026-08-13 10:18:23.307503+05:30,https://dhanarthi-stockguru.s3.amazonaws.com/company_logos_webp/SSWL.webp,t,3.06 x
5b1e0ce9-c6f2-4d8d-b9cd-1f08cf653b92,757862,EBGNG,GNG Electronics Limited,NSE,INE18JU01028,NSE_EQ,3783.35,t,2026-08-11 11:53:07.468569+05:30,2026-08-13 10:18:23.307503+05:30,,t,2.77 x
5b321e2f-ac7a-40fa-865f-65db9759dcc7,12412,ZIMLAB,Zim Laboratories Limited,NSE,INE518E01015,NSE_EQ,394.38,t,2026-08-11 11:53:09.202139+05:30,2026-08-13 10:18:23.307503+05:30,https://dhanarthi-stockguru.s3.amazonaws.com/company_logos_webp/ZIMLAB.webp,f,
5b4042d7-4138-41d1-989d-379fc98072a6,19646,MAXESTATES,Max Estates Limited,NSE,INE03EI01018,NSE_EQ,7576.32,t,2026-08-11 11:53:08.87527+05:30,2026-08-13 10:18:23.323135+05:30,https://dhanarthi-stockguru.s3.amazonaws.com/company_logos_webp/MAXESTATES.webp,t,2.91 x
5b6235c8-027e-4af0-9ae2-6d3cedc99189,18040,YUDIZ,YUDIZ,NSE,INE09FA01019,NSE_EQ,31.76,t,2026-08-11 11:53:09.533354+05:30,2026-08-13 10:18:23.323135+05:30,https://dhanarthi-stockguru.s3.amazonaws.com/company_logos_webp/YUDIZ.webp,f,
5b6dc7f6-3569-44d5-9596-a1ca16c0c417,5460,PARIN,PARIN,NSE,INE00U801010,NSE_EQ,548.09,t,2026-08-11 11:53:09.232236+05:30,2026-08-13 10:18:23.323135+05:30,https://dhanarthi-stockguru.s3.amazonaws.com/company_logos_webp/PARIN.webp,f,
5b736e66-e868-4f3e-830e-7befecdc295e,15179,ECLERX,eClerx Services Limited,NSE,INE738I01010,NSE_EQ,20101.35,t,2026-08-11 11:53:07.468569+05:30,2026-08-13 10:18:23.323135+05:30,https://dhanarthi-stockguru.s3.amazonaws.com/company_logos_webp/ECLERX.webp,t,1.56 x
5b79a32c-ebae-4aaf-a733-760d92e3e05f,19779,PARAGON,PARAGON,NSE,INE0N4G01012,NSE_EQ,105.41,t,2026-08-11 11:53:09.402111+05:30,2026-08-13 10:18:23.323135+05:30,https://dhanarthi-stockguru.s3.amazonaws.com/company_logos_webp/PARAGON.webp,f,
5b7b028b-c84e-4f4b-b4f2-10af467106fc,21077,SURANASOL,Surana Solar Limited,NSE,INE272L01022,NSE_EQ,154.51,t,2026-08-11 11:53:08.499691+05:30,2026-08-13 10:18:23.323135+05:30,https://dhanarthi-stockguru.s3.amazonaws.com/company_logos_webp/SURANASOL.webp,f,
5b7c0895-d411-4812-800d-a1beaa8e1f74,18738,MADHUSUDAN,MADHUSUDAN,NSE,INE0P6701019,NSE_EQ,197.68,t,2026-08-11 11:53:09.307924+05:30,2026-08-13 10:18:23.323135+05:30,https://dhanarthi-stockguru.s3.amazonaws.com/company_logos_webp/MADHUSUDAN.webp,f,
5b85df04-402b-4338-b147-2d1ea0d4ac44,312,TIINDIA,Tube Investments of India Limited,NSE,INE974X01010,NSE_EQ,57620.24,t,2026-08-11 11:53:08.666851+05:30,2026-08-13 10:18:23.323135+05:30,https://dhanarthi-stockguru.s3.amazonaws.com/company_logos_webp/TIINDIA.webp,t,4.03 x
13696da0-1a2c-48dd-8ddb-bfa1c924d525,761814,TCC,TCC Concept Limited,NSE,INE887D01016,NSE_EQ,,t,2026-08-11 11:53:08.804555+05:30,2026-08-13 10:18:23.086052+05:30,,t,2 x
3e1718c1-09b9-4fea-a0d6-799e14afeb00,11287,UPL,UPL Limited,NSE,INE628A01036,NSE_EQ,56883.31,t,2026-08-11 11:53:08.833281+05:30,2026-08-13 10:18:23.211542+05:30,,t,4.17 x
5b97a9c2-b537-4724-a2a2-0d3b2b6b1ef0,144,GODREJAGRO,Godrej Agrovet Limited,NSE,INE850D01014,NSE_EQ,13318.14,t,2026-08-11 11:53:08.960894+05:30,2026-08-13 10:18:23.323135+05:30,https://dhanarthi-stockguru.s3.amazonaws.com/company_logos_webp/GODREJAGRO.webp,t,3.33 x
5bd5ba3f-a667-4793-9ed5-4bce6d97f8af,15303,BANG,Bang Overseas Limited,NSE,INE863I01016,NSE_EQ,71.7,t,2026-08-11 11:53:07.349583+05:30,2026-08-13 10:18:23.323135+05:30,https://dhanarthi-stockguru.s3.amazonaws.com/company_logos_webp/BANG.webp,f,
5c1aa848-c38d-4a91-bc81-a96f7b22bb05,433,KHADIM,Khadim India Limited,NSE,INE834I01025,NSE_EQ,439.29,t,2026-08-11 11:53:08.616446+05:30,2026-08-13 10:18:23.323135+05:30,https://dhanarthi-stockguru.s3.amazonaws.com/company_logos_webp/KHADIM.webp,f,
5c406d28-5bdd-4105-8f84-bdd7433a16ad,4306,SHRIRAMFIN,Shriram Finance Limited,NSE,INE721A01047,NSE_EQ,134229.53,t,2026-08-11 11:53:08.021031+05:30,2026-08-13 10:18:23.323135+05:30,https://dhanarthi-stockguru.s3.amazonaws.com/company_logos_webp/SHRIRAMFIN.webp,t,3.96 x
5cb9f61a-2e2e-4300-855c-3901ae790e42,18693,AVSL,AVSL,NSE,INE522V01011,NSE_EQ,65.9,t,2026-08-11 11:53:09.478253+05:30,2026-08-13 10:18:23.323135+05:30,https://dhanarthi-stockguru.s3.amazonaws.com/company_logos_webp/AVSL.webp,f,
5cccc69b-3491-4a05-a83b-18b18e941e6c,25737,SRD,Shankar Lal Rampal Dye-Chem Limited,NSE,INE01NE01012,NSE_EQ,466.59,t,2026-08-11 11:53:08.316303+05:30,2026-08-13 10:18:23.323135+05:30,https://dhanarthi-stockguru.s3.amazonaws.com/company_logos_webp/SRD.webp,f,
5ce665b6-dcc3-440f-8ca8-435243653e64,6592,NIDAN,NIDAN,NSE,INE0J6L01013,NSE_EQ,26.97,t,2026-08-11 11:53:09.550065+05:30,2026-08-13 10:18:23.323135+05:30,https://dhanarthi-stockguru.s3.amazonaws.com/company_logos_webp/NIDAN.webp,f,
5ce8e48e-1644-49f8-8ef4-a96d8e57176b,24313,DTL,DTL,NSE,INE0JRD01019,NSE_EQ,122.98,t,2026-08-11 11:53:09.392936+05:30,2026-08-13 10:18:23.323135+05:30,https://dhanarthi-stockguru.s3.amazonaws.com/company_logos_webp/DTL.webp,f,
5cedb56b-223a-4651-aedc-4d620691bfcd,6048,PASUPTAC,Pasupati Acrylon Limited,NSE,INE818B01023,NSE_EQ,439.2,t,2026-08-11 11:53:07.832918+05:30,2026-08-13 10:18:23.323135+05:30,https://dhanarthi-stockguru.s3.amazonaws.com/company_logos_webp/PASUPTAC.webp,f,
5cf04854-94b1-4e1d-af99-94670aeec7b8,18794,HIGREEN,HIGREEN,NSE,INE0PIC01017,NSE_EQ,486.85,t,2026-08-11 11:53:09.233275+05:30,2026-08-13 10:18:23.323135+05:30,https://dhanarthi-stockguru.s3.amazonaws.com/company_logos_webp/HIGREEN.webp,f,
5d2451ac-3d8a-4ed2-9e72-6c47d8c97d1c,24595,RUSHIL,Rushil Decor Limited,NSE,INE573K01025,NSE_EQ,751.5,t,2026-08-11 11:53:09.099406+05:30,2026-08-13 10:18:23.323135+05:30,https://dhanarthi-stockguru.s3.amazonaws.com/company_logos_webp/RUSHIL.webp,f,
5d3ba763-697c-4038-b8e4-210ff46f7f56,13236,SADBHAV,Sadbhav Engineering Limited,NSE,INE226H01026,NSE_EQ,213.26,t,2026-08-11 11:53:07.949549+05:30,2026-08-13 10:18:23.323135+05:30,https://dhanarthi-stockguru.s3.amazonaws.com/company_logos_webp/SADBHAV.webp,f,
5d4f6465-f585-4760-9a90-d923594d7555,10793,SYRMA,Syrma SGS Technology Limited,NSE,INE0DYJ01015,NSE_EQ,14441.78,t,2026-08-11 11:53:08.548696+05:30,2026-08-13 10:18:23.323135+05:30,https://dhanarthi-stockguru.s3.amazonaws.com/company_logos_webp/SYRMA.webp,t,2.79 x
5d81878f-6401-435f-b665-54856ee0164f,3273,SRF,SRF Limited,NSE,INE647A01010,NSE_EQ,88555.48,t,2026-08-11 11:53:08.333105+05:30,2026-08-13 10:18:23.323135+05:30,https://dhanarthi-stockguru.s3.amazonaws.com/company_logos_webp/SRF.webp,t,4.33 x
5dae9ef1-bdbc-4c84-9d45-ab84006e9582,338,BALMLAWRIE,Balmer Lawrie & Company Limited,NSE,INE164A01016,NSE_EQ,3502,t,2026-08-11 11:53:08.166796+05:30,2026-08-13 10:18:23.323135+05:30,https://dhanarthi-stockguru.s3.amazonaws.com/company_logos_webp/BALMLAWRIE.webp,t,2.5 x
5db6ee81-a005-4132-85fe-6eaa9689daa8,7627,SHREERAMA,Shree Rama Multi-Tech Limited,NSE,INE879A01019,NSE_EQ,704.04,t,2026-08-11 11:53:08.006368+05:30,2026-08-13 10:18:23.323135+05:30,https://dhanarthi-stockguru.s3.amazonaws.com/company_logos_webp/SHREERAMA.webp,f,
5de4a53f-54a6-4ff9-b6ec-9bcbcb7ab57b,21770,ICICIGI,ICICI Lombard General Insurance Company Limited,NSE,INE765G01017,NSE_EQ,96700.86,t,2026-08-11 11:53:07.599427+05:30,2026-08-13 10:18:23.323135+05:30,https://dhanarthi-stockguru.s3.amazonaws.com/company_logos_webp/ICICIGI.webp,t,4.55 x
5e571587-3ce1-49ec-b91e-63a804017c9d,13890,HIRECT,Hind Rectifiers Limited,NSE,INE835D01023,NSE_EQ,2737.35,t,2026-08-11 11:53:08.399736+05:30,2026-08-13 10:18:23.323135+05:30,https://dhanarthi-stockguru.s3.amazonaws.com/company_logos_webp/HIRECT.webp,t,2 x
5e6f5ab8-7728-43d3-a59b-662f8fc995f5,9805,KANORICHEM,Kanoria Chemicals & Industries Limited,NSE,INE138C01024,NSE_EQ,359.4,t,2026-08-11 11:53:08.595309+05:30,2026-08-13 10:18:23.323135+05:30,https://dhanarthi-stockguru.s3.amazonaws.com/company_logos_webp/KANORICHEM.webp,f,
5e789d16-136c-4f1b-b1ff-ba65718e7f34,11377,MAHABANK,Bank of Maharashtra,NSE,INE457A01014,NSE_EQ,43640.66,t,2026-08-11 11:53:08.804555+05:30,2026-08-13 10:18:23.323135+05:30,https://dhanarthi-stockguru.s3.amazonaws.com/company_logos_webp/MAHABANK.webp,t,3.08 x
5e82f3cc-6689-4ae0-a712-3998897d98ad,18252,SPAL,S. P. Apparels Limited,NSE,INE212I01016,NSE_EQ,1892.48,t,2026-08-11 11:53:08.285762+05:30,2026-08-13 10:18:23.323135+05:30,https://dhanarthi-stockguru.s3.amazonaws.com/company_logos_webp/SPAL.webp,t,1.56 x
5e9276cf-5d7d-4f47-9fae-1123bc9acac9,21383,PALASHSECU,Palash Securities Limited,NSE,INE471W01019,NSE_EQ,118.15,t,2026-08-11 11:53:07.832918+05:30,2026-08-13 10:18:23.323135+05:30,https://dhanarthi-stockguru.s3.amazonaws.com/company_logos_webp/PALASHSECU.webp,f,
5e9877fa-04e7-475d-aaea-e8010c879859,8845,UMAEXPORTS,Uma Exports Limited,NSE,INE0GIU01018,NSE_EQ,157.43,t,2026-08-11 11:53:08.783106+05:30,2026-08-13 10:18:23.323135+05:30,https://dhanarthi-stockguru.s3.amazonaws.com/company_logos_webp/UMAEXPORTS.webp,f,
5e9b0faf-c48d-4d68-b1b4-53126fe75d2e,1922,KOTAKBANK,Kotak Mahindra Bank Limited,NSE,INE237A01036,NSE_EQ,415412.27,t,2026-08-11 11:53:08.659038+05:30,2026-08-13 10:18:23.323135+05:30,https://dhanarthi-stockguru.s3.amazonaws.com/company_logos_webp/KOTAKBANK.webp,t,4.55 x
5e9bbf96-c446-45e5-8305-fa2607aca31b,18146,EMMBI,Emmbi Industries Limited,NSE,INE753K01015,NSE_EQ,196.8,t,2026-08-11 11:53:07.486795+05:30,2026-08-13 10:18:23.323135+05:30,https://dhanarthi-stockguru.s3.amazonaws.com/company_logos_webp/EMMBI.webp,f,
61b4d008-207a-4d80-b8bb-8123bcb146a0,3531,TRANSPEK,Transpek Industry Limited,NSE,INE687A01016,NSE_EQ,,t,2026-08-11 11:53:08.816457+05:30,2026-08-13 10:18:23.338747+05:30,,f,
dfe7e15b-ce1b-4365-bcb1-b2fda41611b5,10366,UNIVAFOODS,Univa Foods Limited,NSE,"",NSE_EQ,18.47,t,2026-08-11 11:53:08.823566+05:30,2026-08-11 11:53:08.823566+05:30,,f,
04a675ba-597f-4206-8c94-7f235224b594,762971,WELSPLSOL,Welspun Specialty Solutions Limited,NSE,INE731F01037,NSE_EQ,,t,2026-08-11 11:53:08.87527+05:30,2026-08-13 10:18:23.023985+05:30,,f,
08989681-b620-448d-9852-1a080c798635,25626,UYFINCORP,U. Y. Fincorp Limited,NSE,INE152C01025,NSE_EQ,294.38,t,2026-08-11 11:53:08.851822+05:30,2026-08-13 10:18:23.054106+05:30,,f,
53246e86-855f-48d6-aebf-2e30a1e44256,762969,VELJAN,Veljan Denison Limited,NSE,INE232E01013,NSE_EQ,,t,2026-08-11 11:53:08.849813+05:30,2026-08-13 10:18:23.29187+05:30,,f,
5c02fe48-35bb-4de7-9267-66649b495b17,199,MASFIN,MAS Financial Services Limited,NSE,INE348L01012,NSE_EQ,5663.89,t,2026-08-11 11:53:08.866736+05:30,2026-08-13 10:18:23.323135+05:30,,t,3.39 x
5eaf2e0e-4f02-4795-8dbe-1a1cbd3ad93d,2142,MFSL,Max Financial Services Limited,NSE,INE180A01020,NSE_EQ,55407.22,t,2026-08-11 11:53:07.649447+05:30,2026-08-13 10:18:23.323135+05:30,https://dhanarthi-stockguru.s3.amazonaws.com/company_logos_webp/MFSL.webp,t,4.55 x
5ee74085-24ae-46ac-9251-21e5d50f5c0d,6843,SMLT,Sarthak Metals Limited,NSE,INE017W01010,NSE_EQ,144.48,t,2026-08-11 11:53:08.249896+05:30,2026-08-13 10:18:23.323135+05:30,https://dhanarthi-stockguru.s3.amazonaws.com/company_logos_webp/SMLT.webp,f,
5fad855f-35f5-4d4a-afbe-53c8152b32e8,15295,VIRINCHI,Virinchi Limited,NSE,INE539B01017,NSE_EQ,274.77,t,2026-08-11 11:53:09.150053+05:30,2026-08-13 10:18:23.323135+05:30,https://dhanarthi-stockguru.s3.amazonaws.com/company_logos_webp/VIRINCHI.webp,f,
60070b84-4308-4a63-bea4-af91b8adec4b,15119,EDELWEISS,Edelweiss Financial Services Limited,NSE,INE532F01054,NSE_EQ,10410.88,t,2026-08-11 11:53:08.933682+05:30,2026-08-13 10:18:23.323135+05:30,https://dhanarthi-stockguru.s3.amazonaws.com/company_logos_webp/EDELWEISS.webp,t,2.81 x
6011f82b-e4dd-4776-819d-8598986689ae,10253,EMKAYTOOLS,EMKAYTOOLS,NSE,INE332S01011,NSE_EQ,172.33,t,2026-08-11 11:53:09.333826+05:30,2026-08-13 10:18:23.323135+05:30,https://dhanarthi-stockguru.s3.amazonaws.com/company_logos_webp/EMKAYTOOLS.webp,f,
60152194-d39a-4dae-addc-6dbf4df20055,23474,ALUWIND,ALUWIND,NSE,INE0STM01017,NSE_EQ,201.54,t,2026-08-11 11:53:09.307924+05:30,2026-08-13 10:18:23.323135+05:30,https://dhanarthi-stockguru.s3.amazonaws.com/company_logos_webp/ALUWIND.webp,f,
60180e00-8b28-40cc-8b7b-48d42ee2cea1,21828,TEXRAIL,Texmaco Rail & Engineering Limited,NSE,INE621L01012,NSE_EQ,5626.29,t,2026-08-11 11:53:08.639972+05:30,2026-08-13 10:18:23.323135+05:30,https://dhanarthi-stockguru.s3.amazonaws.com/company_logos_webp/TEXRAIL.webp,t,2.69 x
601d38dd-2fcb-408e-a8b7-7eacf82d21d8,24528,KATARIA,KATARIA,NSE,INE0SVY01018,NSE_EQ,217.42,t,2026-08-11 11:53:09.307924+05:30,2026-08-13 10:18:23.323135+05:30,https://dhanarthi-stockguru.s3.amazonaws.com/company_logos_webp/KATARIA.webp,f,
6026b8e2-e033-4eaa-aaff-92215ad21a7b,23150,SIGNORIA,SIGNORIA,NSE,INE0RDE01010,NSE_EQ,44.4,t,2026-08-11 11:53:09.516964+05:30,2026-08-13 10:18:23.323135+05:30,https://dhanarthi-stockguru.s3.amazonaws.com/company_logos_webp/SIGNORIA.webp,f,
602ba2e3-c710-415d-ae3f-a3003a8ed4de,13035,SAFARI,Safari Industries (India) Limited,NSE,INE429E01023,NSE_EQ,10740.36,t,2026-08-11 11:53:07.965711+05:30,2026-08-13 10:18:23.323135+05:30,https://dhanarthi-stockguru.s3.amazonaws.com/company_logos_webp/SAFARI.webp,t,3.11 x
6045cce4-babd-4a9f-8cdc-2742209bf210,14894,CENTRALBK,Central Bank of India,NSE,INE483A01010,NSE_EQ,33878.68,t,2026-08-11 11:53:07.399737+05:30,2026-08-13 10:18:23.323135+05:30,https://dhanarthi-stockguru.s3.amazonaws.com/company_logos_webp/CENTRALBK.webp,t,3.18 x
605dbc2f-805f-42d6-986d-10fc4102b45a,12686,MBAPL,Madhya Bharat Agro Products Limited,NSE,INE900L01028,NSE_EQ,3668.3,t,2026-08-11 11:53:07.632766+05:30,2026-08-13 10:18:23.323135+05:30,,t,2.92 x
608bf070-76d7-4913-930b-dd26b9504972,759130,ABCOTS,A B Cotspin India Limited,NSE,INE08PH01015,NSE_EQ,922.15,t,2026-08-11 11:53:08.049697+05:30,2026-08-13 10:18:23.323135+05:30,https://dhanarthi-stockguru.s3.amazonaws.com/company_logos_webp/ABCOTS.webp,t,2 x
609ebb12-b670-4de4-a0aa-4e217653d3c5,12072,SCPL,Sheetal Cool Products Limited,NSE,INE501Y01019,NSE_EQ,271.48,t,2026-08-11 11:53:08.021031+05:30,2026-08-13 10:18:23.338747+05:30,https://dhanarthi-stockguru.s3.amazonaws.com/company_logos_webp/SCPL.webp,f,
609f2853-814a-431b-9ca5-64ceb40e09a5,7413,MANAKCOAT,Manaksia Coated Metals & Industries Limited,NSE,INE830Q01018,NSE_EQ,1407.64,t,2026-08-11 11:53:08.823566+05:30,2026-08-13 10:18:23.338747+05:30,https://dhanarthi-stockguru.s3.amazonaws.com/company_logos_webp/MANAKCOAT.webp,t,2 x
60a9cce3-12c0-4acd-a698-77b76bd87e37,27274,C2C,C2C,NSE,INE0U7V01015,NSE_EQ,1092.05,t,2026-08-11 11:53:08.87527+05:30,2026-08-13 10:18:23.338747+05:30,,f,
60b24b4e-9e28-4ed1-bebf-00025b5343f9,2316,HEIDELBERG,HeidelbergCement India Limited,NSE,INE578A01017,NSE_EQ,4516.86,t,2026-08-11 11:53:08.390006+05:30,2026-08-13 10:18:23.338747+05:30,https://dhanarthi-stockguru.s3.amazonaws.com/company_logos_webp/HEIDELBERG.webp,t,3.7 x
60b90d8f-2c5e-4194-874e-a60449ed2db3,881,DRREDDY,Dr. Reddy's Laboratories Limited,NSE,INE089A01031,NSE_EQ,105170.3,t,2026-08-11 11:53:07.449913+05:30,2026-08-13 10:18:23.338747+05:30,https://dhanarthi-stockguru.s3.amazonaws.com/company_logos_webp/DRREDDY.webp,t,4.55 x
60d21841-7677-41d1-a45e-c9e85fad6345,3345,SUNDRMFAST,Sundram Fasteners Limited,NSE,INE387A01021,NSE_EQ,20688.06,t,2026-08-11 11:53:08.466626+05:30,2026-08-13 10:18:23.338747+05:30,https://dhanarthi-stockguru.s3.amazonaws.com/company_logos_webp/SUNDRMFAST.webp,t,3.65 x
60fdad53-9d67-48d7-acbd-e2b4bcc3109a,13461,KAMDHENU,Kamdhenu Limited,NSE,INE390H01020,NSE_EQ,785.57,t,2026-08-11 11:53:08.595309+05:30,2026-08-13 10:18:23.338747+05:30,https://dhanarthi-stockguru.s3.amazonaws.com/company_logos_webp/KAMDHENU.webp,f,
610a1d55-f23f-437e-bf8c-29464673307b,23553,AIIL,Authum Investment & Infrastructure Limited,NSE,INE206F01022,NSE_EQ,49318.29,t,2026-08-11 11:53:07.282898+05:30,2026-08-13 10:18:23.338747+05:30,https://dhanarthi-stockguru.s3.amazonaws.com/company_logos_webp/AIIL.webp,t,2.5 x
6bf36f4f-ebee-4f94-b086-75837f0f3386,762978,WPIL,WPIL Limited,NSE,INE765D01022,NSE_EQ,,t,2026-08-11 11:53:08.87527+05:30,2026-08-13 10:18:23.370006+05:30,,f,
00e71c8b-d179-49b3-b7dc-ee9842d79b79,2829,ANURAS,Anupam Rasayan India Limited,NSE,INE930P01018,NSE_EQ,12878.62,t,2026-08-11 11:53:08.903167+05:30,2026-08-13 10:18:23.008337+05:30,,t,3.59 x
1bdd0112-e859-413d-a7ca-7c61e4404a08,7886,MHLXMIRU,Mahalaxmi Rubtech Limited,NSE,INE112D01035,NSE_EQ,232.48,t,2026-08-11 11:53:08.916528+05:30,2026-08-13 10:18:23.101677+05:30,,f,
1c6fa647-e07b-4417-ab25-6263db5b9039,762985,ZSARACOM,Saraswati Commercial India Limited,NSE,INE967G01019,NSE_EQ,,t,2026-08-11 11:53:08.883235+05:30,2026-08-13 10:18:23.101677+05:30,,f,
4e6c1dc9-b707-4a65-b865-4815f3c80786,757885,ANTHEM,Anthem Biosciences Limited,NSE,INE0CZ201020,NSE_EQ,41550.97,t,2026-08-11 11:53:08.902166+05:30,2026-08-13 10:18:23.276258+05:30,,t,3.66 x
53a8fb53-972a-4e78-b560-3a70bc8e0490,760234,AEQUS,Aequs Limited,NSE,INE947N01017,NSE_EQ,9686.74,t,2026-08-11 11:53:08.883235+05:30,2026-08-13 10:18:23.29187+05:30,,t,1 x
5473c4f3-299a-4e93-9ed0-f4f27d7db349,28847,VENTIVE,Ventive Hospitality Limited,NSE,INE781S01027,NSE_EQ,17267.08,t,2026-08-11 11:53:08.883235+05:30,2026-08-13 10:18:23.29187+05:30,,t,2.86 x
595aec12-0f40-4d3f-a936-6615fcf6d94d,757645,ATHERENERG,Ather Energy Limited,NSE,INE0LEZ01016,NSE_EQ,20750.02,t,2026-08-11 11:53:08.909904+05:30,2026-08-13 10:18:23.307503+05:30,,t,2.9 x
612be8f9-c252-4e29-bcaa-ad7d6d77b82f,14912,KPRMILL,K.P.R. Mill Limited,NSE,INE930H01031,NSE_EQ,36176.6,t,2026-08-11 11:53:08.999929+05:30,2026-08-13 10:18:23.338747+05:30,https://dhanarthi-stockguru.s3.amazonaws.com/company_logos_webp/KPRMILL.webp,t,2.87 x
6142c58d-1885-400c-9b48-c2ec2c1ea3d1,9683,KPITTECH,KPIT Technologies Limited,NSE,INE04I401011,NSE_EQ,33301.38,t,2026-08-11 11:53:08.666851+05:30,2026-08-13 10:18:23.338747+05:30,https://dhanarthi-stockguru.s3.amazonaws.com/company_logos_webp/KPITTECH.webp,t,3.67 x
616fc93b-c20f-40be-9816-3f20b6e6b32c,937,ELGIEQUIP,Elgi Equipments Limited,NSE,INE285A01027,NSE_EQ,15911.79,t,2026-08-11 11:53:07.477425+05:30,2026-08-13 10:18:23.338747+05:30,https://dhanarthi-stockguru.s3.amazonaws.com/company_logos_webp/ELGIEQUIP.webp,t,3.12 x
6171ed5f-f219-494d-8037-910d0e3f8c52,2844,RANEHOLDIN,Rane Holdings Limited,NSE,INE384A01010,NSE_EQ,2138.97,t,2026-08-11 11:53:07.926341+05:30,2026-08-13 10:18:23.338747+05:30,https://dhanarthi-stockguru.s3.amazonaws.com/company_logos_webp/RANEHOLDIN.webp,t,2.5 x
61c5cb03-89b7-4eb9-9eaa-2b46505ee555,22730,VSTL,Vibhor Steel Tubes Limited,NSE,INE0QTF01015,NSE_EQ,286.73,t,2026-08-11 11:53:09.150053+05:30,2026-08-13 10:18:23.338747+05:30,https://dhanarthi-stockguru.s3.amazonaws.com/company_logos_webp/VSTL.webp,t,1 x
61d4edf9-016d-4e32-9f68-2eef214cf7d6,25328,APLLTD,Alembic Pharmaceuticals Limited,NSE,INE901L01018,NSE_EQ,18406.97,t,2026-08-11 11:53:07.282898+05:30,2026-08-13 10:18:23.338747+05:30,https://dhanarthi-stockguru.s3.amazonaws.com/company_logos_webp/APLLTD.webp,t,3.32 x
61f7f3f3-1b21-4b9c-af0e-99306975c981,762864,RRIL,RRIL Limited,NSE,INE951M01037,NSE_EQ,,t,2026-08-11 11:53:07.384171+05:30,2026-08-13 10:18:23.338747+05:30,,f,
61fafcb8-3696-4509-8249-a4c29d3ac08a,24156,DEEDEV,DEE Development Engineers Limited,NSE,INE841L01016,NSE_EQ,1810.46,t,2026-08-11 11:53:07.435203+05:30,2026-08-13 10:18:23.338747+05:30,https://dhanarthi-stockguru.s3.amazonaws.com/company_logos_webp/DEEDEV.webp,f,
621665d6-5b5c-4d0e-b0fb-f46358c5e910,12000,FAZE3Q,Faze Three Limited,NSE,INE963C01033,NSE_EQ,1264.42,t,2026-08-11 11:53:07.486795+05:30,2026-08-13 10:18:23.338747+05:30,https://dhanarthi-stockguru.s3.amazonaws.com/company_logos_webp/FAZE3Q.webp,f,
62596ab1-7f7c-4777-b6af-8e1c933caaec,21501,SIS,SIS LIMITED,NSE,INE285J01028,NSE_EQ,4987.4,t,2026-08-11 11:53:08.133117+05:30,2026-08-13 10:18:23.338747+05:30,https://dhanarthi-stockguru.s3.amazonaws.com/company_logos_webp/SIS.webp,t,3.33 x
625c33cd-09e9-4610-82a5-a345d8de7a4a,2481,ONWARDTEC,Onward Technologies Limited,NSE,INE229A01017,NSE_EQ,705.19,t,2026-08-11 11:53:07.799711+05:30,2026-08-13 10:18:23.338747+05:30,https://dhanarthi-stockguru.s3.amazonaws.com/company_logos_webp/ONWARDTEC.webp,t,2 x
626d8dd6-d91a-4cc6-bb12-e9e3c849a747,762700,GRAVISSHO,Graviss Hospitality Limited,NSE,INE214F01026,NSE_EQ,,t,2026-08-11 11:53:08.370496+05:30,2026-08-13 10:18:23.338747+05:30,,f,
627d564b-d121-4f4b-8b98-6c498bc28d37,4160,NORBTEAEXP,Norben Tea & Exports Limited,NSE,INE369C01017,NSE_EQ,71.91,t,2026-08-11 11:53:07.749853+05:30,2026-08-13 10:18:23.338747+05:30,,f,
62c7c801-1e7c-47ab-8ef5-0f763741223b,9931,VIKASLIFE,Vikas Lifecare Limited,NSE,INE161L01027,NSE_EQ,401.33,t,2026-08-11 11:53:09.133227+05:30,2026-08-13 10:18:23.338747+05:30,https://dhanarthi-stockguru.s3.amazonaws.com/company_logos_webp/VIKASLIFE.webp,f,
62e4a98d-d8ef-4863-855f-da3e80fcf587,15239,BIRLAMONEY,Aditya Birla Money Limited,NSE,INE865C01022,NSE_EQ,950.16,t,2026-08-11 11:53:07.372137+05:30,2026-08-13 10:18:23.338747+05:30,https://dhanarthi-stockguru.s3.amazonaws.com/company_logos_webp/BIRLAMONEY.webp,f,
6300069e-b772-4e07-8981-cc193c3e7aed,15360,NAHARCAP,Nahar Capital and Financial Services Limited,NSE,INE049I01012,NSE_EQ,481.75,t,2026-08-11 11:53:07.699563+05:30,2026-08-13 10:18:23.338747+05:30,https://dhanarthi-stockguru.s3.amazonaws.com/company_logos_webp/NAHARCAP.webp,f,
63088304-f584-4394-8513-fe70a09f7292,2664,PIDILITIND,Pidilite Industries Limited,NSE,INE318A01026,NSE_EQ,152306.18,t,2026-08-11 11:53:07.866247+05:30,2026-08-13 10:18:23.338747+05:30,https://dhanarthi-stockguru.s3.amazonaws.com/company_logos_webp/PIDILITIND.webp,t,4.55 x
63102d00-3f67-48b2-ac8c-ef89ab523683,18822,ENDURANCE,Endurance Technologies Limited,NSE,INE913H01037,NSE_EQ,38671.91,t,2026-08-11 11:53:07.699563+05:30,2026-08-13 10:18:23.338747+05:30,https://dhanarthi-stockguru.s3.amazonaws.com/company_logos_webp/ENDURANCE.webp,t,3.29 x
631977f7-76df-442c-9176-6d5490e01648,9049,ROTO,Roto Pumps Limited,NSE,INE535D01037,NSE_EQ,1466.23,t,2026-08-11 11:53:08.691433+05:30,2026-08-13 10:18:23.338747+05:30,https://dhanarthi-stockguru.s3.amazonaws.com/company_logos_webp/ROTO.webp,t,2.5 x
6322409f-7ff4-4520-85de-ebdb1fa66d2b,20415,SHEETAL,SHEETAL,NSE,INE04VX01019,NSE_EQ,157.11,t,2026-08-11 11:53:09.350167+05:30,2026-08-13 10:18:23.338747+05:30,https://dhanarthi-stockguru.s3.amazonaws.com/company_logos_webp/SHEETAL.webp,f,
6325c617-5cb5-4552-af3f-ba383aabdf34,20974,VSCL,VSCL,NSE,INE551Q01028,NSE_EQ,33.31,t,2026-08-11 11:53:09.533354+05:30,2026-08-13 10:18:23.338747+05:30,https://dhanarthi-stockguru.s3.amazonaws.com/company_logos_webp/VSCL.webp,f,
81ddf37f-fd65-4ae4-823e-95ebe22def3d,759007,ATLANTAELE,Atlanta Electricals Limited,NSE,INE0Z4F01028,NSE_EQ,7260.83,t,2026-08-11 11:53:08.909904+05:30,2026-08-13 10:18:23.43774+05:30,,t,1 x
1234ad61-ef9c-438d-b70e-37bdac38f912,758563,ELLEN,Ellenbarrie Industrial Gases Limited,NSE,INE236E01022,NSE_EQ,6711.64,t,2026-08-11 11:53:08.950386+05:30,2026-08-13 10:18:23.086052+05:30,,t,2.5 x
150f6933-e2f9-4921-be72-ce9ba3f56be1,757102,BELRISE,Belrise Industries Limited,NSE,INE894V01022,NSE_EQ,13107.34,t,2026-08-11 11:53:08.916528+05:30,2026-08-13 10:18:23.086052+05:30,,t,3.2 x
6333415a-d124-4d5c-9abb-bb6cc3635993,2385,NAVNETEDUL,Navneet Education Limited,NSE,INE060A01024,NSE_EQ,3411.85,t,2026-08-11 11:53:08.566457+05:30,2026-08-13 10:18:23.338747+05:30,https://dhanarthi-stockguru.s3.amazonaws.com/company_logos_webp/NAVNETEDUL.webp,t,2.86 x
63dfc16f-7115-4790-a468-e880a8248b39,762879,SAYAJIHOTL,Sayaji Hotels Limited,NSE,INE318C01014,NSE_EQ,,t,2026-08-11 11:53:08.710468+05:30,2026-08-13 10:18:23.338747+05:30,https://dhanarthi-stockguru.s3.amazonaws.com/company_logos_webp/SAYAJIHOTL.webp,f,
63ed6484-3733-4510-9955-16fcb81eb5ef,1805,KABRAEXTRU,Kabra Extrusion Technik Limited,NSE,INE900B01029,NSE_EQ,903.57,t,2026-08-11 11:53:08.566457+05:30,2026-08-13 10:18:23.338747+05:30,https://dhanarthi-stockguru.s3.amazonaws.com/company_logos_webp/KABRAEXTRU.webp,f,
63fc748d-74d7-42c0-9a32-c997172523b6,17859,REDTAPE,Redtape Limited,NSE,INE0LXT01019,NSE_EQ,7348.33,t,2026-08-11 11:53:09.066591+05:30,2026-08-13 10:18:23.338747+05:30,https://dhanarthi-stockguru.s3.amazonaws.com/company_logos_webp/REDTAPE.webp,t,3.02 x
63fce77b-84e2-4076-8c49-2186f2e66803,18979,UNIVASTU,Univastu India Limited,NSE,INE562X01013,NSE_EQ,284.36,t,2026-08-11 11:53:08.833281+05:30,2026-08-13 10:18:23.338747+05:30,https://dhanarthi-stockguru.s3.amazonaws.com/company_logos_webp/UNIVASTU.webp,f,
642bd00c-8e59-4b9f-b1cd-e7e04dfa2d6b,1979,LMW,LMW Limited,NSE,INE269B01029,NSE_EQ,16315.09,t,2026-08-11 11:53:08.783106+05:30,2026-08-13 10:18:23.338747+05:30,https://dhanarthi-stockguru.s3.amazonaws.com/company_logos_webp/LMW.webp,t,3.33 x
64373abd-eb9c-448f-ba0c-65f6e81d6778,1030,AARON,Aaron Industries Limited,NSE,INE721Z01010,NSE_EQ,411.14,t,2026-08-11 11:53:08.049697+05:30,2026-08-13 10:18:23.338747+05:30,https://dhanarthi-stockguru.s3.amazonaws.com/company_logos_webp/AARON.webp,t,1 x
645fc831-e8d9-44d0-87c8-801a4e0b4adc,13439,LOKESHMACH,Lokesh Machines Limited,NSE,INE397H01017,NSE_EQ,373.46,t,2026-08-11 11:53:08.783106+05:30,2026-08-13 10:18:23.338747+05:30,https://dhanarthi-stockguru.s3.amazonaws.com/company_logos_webp/LOKESHMACH.webp,f,
646324dc-cff6-4a71-aa50-5d8099cf636e,759842,BETA,Beta Drugs Limited,NSE,INE351Y01019,NSE_EQ,1766.4,t,2026-08-11 11:53:08.173906+05:30,2026-08-13 10:18:23.338747+05:30,https://dhanarthi-stockguru.s3.amazonaws.com/company_logos_webp/BETA.webp,t,2 x
647d0616-6bbc-43da-8785-eebf7e9efe15,29624,AJAXENGG,Ajax Engineering Limited,NSE,INE274Y01021,NSE_EQ,7405.36,t,2026-08-11 11:53:07.282898+05:30,2026-08-13 10:18:23.338747+05:30,,t,3.15 x
647e9400-3c95-47a3-ac2a-eeb1e8d50bd0,21868,TIRUPATI,TIRUPATI,NSE,INE238Y01018,NSE_EQ,638.95,t,2026-08-11 11:53:09.21661+05:30,2026-08-13 10:18:23.338747+05:30,https://dhanarthi-stockguru.s3.amazonaws.com/company_logos_webp/TIRUPATI.webp,f,
647ff218-a67c-4b46-9252-039e0922b15c,761270,ALGOQUANT,Algoquant Fintech Limited,NSE,INE598D01035,NSE_EQ,,t,2026-08-11 11:53:08.086537+05:30,2026-08-13 10:18:23.338747+05:30,,t,2 x
64a659ab-8990-4d22-a7ff-8a08f69ad01d,13305,CENTURYPLY,Century Plyboards (India) Limited,NSE,INE348B01021,NSE_EQ,17180.06,t,2026-08-11 11:53:08.930454+05:30,2026-08-13 10:18:23.338747+05:30,https://dhanarthi-stockguru.s3.amazonaws.com/company_logos_webp/CENTURYPLY.webp,t,3.44 x
64bb45ca-f479-41d6-905d-da6ab09a8e37,23451,YASHOPTICS,YASHOPTICS,NSE,INE0TO601017,NSE_EQ,290.87,t,2026-08-11 11:53:09.25798+05:30,2026-08-13 10:18:23.338747+05:30,https://dhanarthi-stockguru.s3.amazonaws.com/company_logos_webp/YASHOPTICS.webp,f,
64c55801-aeec-42b0-87ae-0e76ce619c80,22560,MEGATHERM,MEGATHERM,NSE,INE531R01010,NSE_EQ,526.33,t,2026-08-11 11:53:09.233275+05:30,2026-08-13 10:18:23.338747+05:30,https://dhanarthi-stockguru.s3.amazonaws.com/company_logos_webp/MEGATHERM.webp,f,
64c6c42a-fffd-4c48-a1fb-3cd6bb9dc4a6,18086,DBL,Dilip Buildcon Limited,NSE,INE917M01012,NSE_EQ,7617.72,t,2026-08-11 11:53:07.430242+05:30,2026-08-13 10:18:23.338747+05:30,https://dhanarthi-stockguru.s3.amazonaws.com/company_logos_webp/DBL.webp,t,3.08 x
64d462eb-9de8-4ffc-bbfe-a80742d7e676,628,CESC,CESC Limited,NSE,INE486A01021,NSE_EQ,22520.55,t,2026-08-11 11:53:07.399737+05:30,2026-08-13 10:18:23.338747+05:30,https://dhanarthi-stockguru.s3.amazonaws.com/company_logos_webp/CESC.webp,t,3.34 x
64f9ed9e-b975-42d4-ab7a-d775d35bc8cb,17818,LTM,LTM Limited,NSE,INE214T01019,NSE_EQ,,t,2026-08-11 11:53:07.516067+05:30,2026-08-13 10:18:23.338747+05:30,,t,4.28 x
65024095-2da6-44b3-8c05-6cb962118949,14952,INDOWIND,Indowind Energy Limited,NSE,INE227G01018,NSE_EQ,227.87,t,2026-08-11 11:53:08.433272+05:30,2026-08-13 10:18:23.338747+05:30,https://dhanarthi-stockguru.s3.amazonaws.com/company_logos_webp/INDOWIND.webp,f,
652d6666-14b9-4d97-ba0b-ae2643f6743a,3972,PARASPETRO,Paras Petrofils Limited,NSE,INE162C01024,NSE_EQ,76.03,t,2026-08-11 11:53:07.832918+05:30,2026-08-13 10:18:23.338747+05:30,https://dhanarthi-stockguru.s3.amazonaws.com/company_logos_webp/PARASPETRO.webp,f,
652ef628-0a8f-4185-a3cd-4bc2c1e7fba9,2645,DRCSYSTEMS,DRC Systems India Limited,NSE,INE03RS01027,NSE_EQ,255.7,t,2026-08-11 11:53:08.268362+05:30,2026-08-13 10:18:23.338747+05:30,https://dhanarthi-stockguru.s3.amazonaws.com/company_logos_webp/DRCSYSTEMS.webp,f,
6538e369-dfdd-46cf-bc84-1ea90feef87e,17351,SALONA,Salona Cotspin Limited,NSE,INE498E01010,NSE_EQ,136.09,t,2026-08-11 11:53:07.970286+05:30,2026-08-13 10:18:23.338747+05:30,https://dhanarthi-stockguru.s3.amazonaws.com/company_logos_webp/SALONA.webp,f,
656cebaf-14e8-4dc4-9be3-9f1da520c501,14574,MCON,MCON,NSE,INE0O4M01019,NSE_EQ,55.59,t,2026-08-11 11:53:09.48377+05:30,2026-08-13 10:18:23.338747+05:30,https://dhanarthi-stockguru.s3.amazonaws.com/company_logos_webp/MCON.webp,f,
65868e17-4588-4c82-a59c-735240dc0c99,19300,VISHNUINFR,VISHNUINFR,NSE,INE0PQ001012,NSE_EQ,415.56,t,2026-08-11 11:53:09.249972+05:30,2026-08-13 10:18:23.338747+05:30,https://dhanarthi-stockguru.s3.amazonaws.com/company_logos_webp/VISHNUINFR.webp,f,
18f3a2f7-897a-40bb-8d9a-173df0c15ca4,1336,HEG,HEG Limited,NSE,INE545A01024,NSE_EQ,10079.19,t,2026-08-11 11:53:08.966518+05:30,2026-08-13 10:18:23.101677+05:30,,t,2.83 x
211a6ad1-dea4-47d1-b412-96db487d9285,28125,IKS,Inventurus Knowledge Solutions Limited,NSE,INE115Q01022,NSE_EQ,27305.85,t,2026-08-11 11:53:08.982144+05:30,2026-08-13 10:18:23.117308+05:30,,t,3.19 x
2ae147a1-06af-4649-8b21-51137368b494,759244,JAINREC,Jain Resource Recycling Limited,NSE,INE0YD401026,NSE_EQ,13339.89,t,2026-08-11 11:53:08.98326+05:30,2026-08-13 10:18:23.148557+05:30,,t,2.5 x
41a63b50-025c-47af-9849-8ae206c96a44,5204,GMDCLTD,Gujarat Mineral Development Corporation Limited,NSE,INE131A01031,NSE_EQ,16123.8,t,2026-08-11 11:53:08.960894+05:30,2026-08-13 10:18:23.22717+05:30,,t,2.62 x
4ebbfea6-3007-43e0-bd89-bedae6a3806e,1467,JSWDULUX,JSW Dulux Limited,NSE,INE133A01011,NSE_EQ,,t,2026-08-11 11:53:08.991121+05:30,2026-08-13 10:18:23.276258+05:30,,t,3.31 x
658f4ebe-fae2-4bc4-9ebb-28a7cce2d01c,27079,KPEL,K.P. Energy Limited,NSE,INE127T01021,NSE_EQ,2840.23,t,2026-08-11 11:53:08.659038+05:30,2026-08-13 10:18:23.354384+05:30,,t,2.74 x
65dc6cd8-594b-44b6-8a65-5474de2fbaeb,18889,KSL,Kalyani Steels Limited,NSE,INE907A01026,NSE_EQ,3614.85,t,2026-08-11 11:53:08.708605+05:30,2026-08-13 10:18:23.354384+05:30,https://dhanarthi-stockguru.s3.amazonaws.com/company_logos_webp/KSL.webp,t,2.5 x
65fabf22-fe22-42ba-95d4-ec14ebdce969,758986,GCSL,Gretex Corporate Services Limited,NSE,INE199P01028,NSE_EQ,674.77,t,2026-08-11 11:53:07.522076+05:30,2026-08-13 10:18:23.354384+05:30,,f,
66128726-3241-44b5-9f2f-3735570347a6,25306,SPPPOLY,SPPPOLY,NSE,INE0QR801013,NSE_EQ,26.26,t,2026-08-11 11:53:09.550065+05:30,2026-08-13 10:18:23.354384+05:30,https://dhanarthi-stockguru.s3.amazonaws.com/company_logos_webp/SPPPOLY.webp,f,
661af07b-d1f0-4c26-9108-51ab0e13ea4d,10227,MANORAMA,Manorama Industries Limited,NSE,INE00VM01036,NSE_EQ,8394.7,t,2026-08-11 11:53:08.999929+05:30,2026-08-13 10:18:23.354384+05:30,https://dhanarthi-stockguru.s3.amazonaws.com/company_logos_webp/MANORAMA.webp,t,2.73 x
662f4d51-9dd0-4dc6-a1e3-3fe45b1d3987,13657,ANLON,ANLON,NSE,INE0LR101013,NSE_EQ,261.57,t,2026-08-11 11:53:09.280147+05:30,2026-08-13 10:18:23.354384+05:30,https://dhanarthi-stockguru.s3.amazonaws.com/company_logos_webp/ANLON.webp,f,
66a30f6a-f43d-4413-9e7f-ec19ab3c3c8d,761494,BCPL,BCPL Railway Infrastructure Limited,NSE,INE00SW01015,NSE_EQ,,t,2026-08-11 11:53:08.166796+05:30,2026-08-13 10:18:23.354384+05:30,,f,
66bd62df-886c-49b4-98e9-52361b6cd6ff,2475,ONGC,Oil & Natural Gas Corporation Limited,NSE,INE213A01029,NSE_EQ,303876.34,t,2026-08-11 11:53:07.799711+05:30,2026-08-13 10:18:23.354384+05:30,https://dhanarthi-stockguru.s3.amazonaws.com/company_logos_webp/ONGC.webp,t,4.55 x
66cfcbf7-306d-44b1-bc06-1d073bdaa279,14993,SOTAC,SOTAC,NSE,INE0O2D01012,NSE_EQ,140.08,t,2026-08-11 11:53:09.367101+05:30,2026-08-13 10:18:23.354384+05:30,https://dhanarthi-stockguru.s3.amazonaws.com/company_logos_webp/SOTAC.webp,f,
66dbc0bf-dd35-4323-875c-65806328a2f7,8109,OILCOUNTUB,Oil Country Tubular Limited,NSE,INE591A01010,NSE_EQ,388.34,t,2026-08-11 11:53:07.76627+05:30,2026-08-13 10:18:23.354384+05:30,https://dhanarthi-stockguru.s3.amazonaws.com/company_logos_webp/OILCOUNTUB.webp,f,
66fb90e8-ece1-4207-bd62-46e28533bc83,21824,CADSYS,CADSYS,NSE,INE090Y01013,NSE_EQ,60.53,t,2026-08-11 11:53:09.48377+05:30,2026-08-13 10:18:23.354384+05:30,https://dhanarthi-stockguru.s3.amazonaws.com/company_logos_webp/CADSYS.webp,f,
673a72ea-b1b0-4998-add9-10b460ccf716,18870,MAZDA,Mazda Limited,NSE,INE885E01042,NSE_EQ,536.1,t,2026-08-11 11:53:08.883235+05:30,2026-08-13 10:18:23.354384+05:30,https://dhanarthi-stockguru.s3.amazonaws.com/company_logos_webp/MAZDA.webp,f,
674b45c4-7740-4d2a-974d-35e8582f1d5e,3518,TORNTPHARM,Torrent Pharmaceuticals Limited,NSE,INE685A01028,NSE_EQ,122688.08,t,2026-08-11 11:53:08.704605+05:30,2026-08-13 10:18:23.354384+05:30,https://dhanarthi-stockguru.s3.amazonaws.com/company_logos_webp/TORNTPHARM.webp,t,4.55 x
674e6294-85a0-4e84-a3fe-f038ae24e70d,1153,GLAXO,GlaxoSmithKline Pharmaceuticals Limited,NSE,INE159A01016,NSE_EQ,46786.06,t,2026-08-11 11:53:07.533088+05:30,2026-08-13 10:18:23.354384+05:30,https://dhanarthi-stockguru.s3.amazonaws.com/company_logos_webp/GLAXO.webp,t,3.33 x
67954bc8-a9d3-4062-b96b-d00896665561,11584,GULFPETRO,GP Petroleums Limited,NSE,INE586G01017,NSE_EQ,205.18,t,2026-08-11 11:53:08.370496+05:30,2026-08-13 10:18:23.354384+05:30,https://dhanarthi-stockguru.s3.amazonaws.com/company_logos_webp/GULFPETRO.webp,f,
67a182d6-d637-4258-8d64-f304f9a3fa94,25894,DBEIL,Deepak Builders & Engineers India Limited,NSE,INE0OPA01027,NSE_EQ,658.13,t,2026-08-11 11:53:08.249896+05:30,2026-08-13 10:18:23.354384+05:30,https://dhanarthi-stockguru.s3.amazonaws.com/company_logos_webp/DBEIL.webp,f,
67b723e1-3503-4a93-98e5-5a0b998dc683,27067,VSSL,Vardhman Special Steels Limited,NSE,INE050M01012,NSE_EQ,2584.78,t,2026-08-11 11:53:09.150053+05:30,2026-08-13 10:18:23.354384+05:30,https://dhanarthi-stockguru.s3.amazonaws.com/company_logos_webp/VSSL.webp,t,2.5 x
67c4bb7e-74a2-49c7-aa8c-198641de4aae,7200,SHRIRAMPPS,Shriram Properties Limited,NSE,INE217L01019,NSE_EQ,1546.92,t,2026-08-11 11:53:08.021031+05:30,2026-08-13 10:18:23.354384+05:30,https://dhanarthi-stockguru.s3.amazonaws.com/company_logos_webp/SHRIRAMPPS.webp,t,2.5 x
67c8f987-2176-474f-a5dd-381a26c1192f,19691,JITFINFRA,JITF Infralogistics Limited,NSE,INE863T01013,NSE_EQ,844.71,t,2026-08-11 11:53:08.533071+05:30,2026-08-13 10:18:23.354384+05:30,https://dhanarthi-stockguru.s3.amazonaws.com/company_logos_webp/JITFINFRA.webp,f,
67d0d0f3-0668-4416-a4c8-cbff99506aa2,15124,KOLTEPATIL,Kolte - Patil Developers Limited,NSE,INE094I01018,NSE_EQ,3687.56,t,2026-08-11 11:53:08.659038+05:30,2026-08-13 10:18:23.354384+05:30,https://dhanarthi-stockguru.s3.amazonaws.com/company_logos_webp/KOLTEPATIL.webp,t,2.5 x
67f96283-ec34-49a7-8961-809c80c9a23b,422,BHARATFORG,Bharat Forge Limited,NSE,INE465A01025,NSE_EQ,61069.83,t,2026-08-11 11:53:07.367129+05:30,2026-08-13 10:18:23.354384+05:30,https://dhanarthi-stockguru.s3.amazonaws.com/company_logos_webp/BHARATFORG.webp,t,4.17 x
6876ff9b-b841-41aa-a3e2-6018fe932c8f,29487,NIBE,NIBE Limited,NSE,INE149O01018,NSE_EQ,1882.13,t,2026-08-11 11:53:07.742717+05:30,2026-08-13 10:18:23.354384+05:30,,t,1 x
6896f309-3a8c-40a2-a91f-9faf0d360272,4911,MADRASFERT,Madras Fertilizers Limited,NSE,INE414A01015,NSE_EQ,1368.12,t,2026-08-11 11:53:07.632766+05:30,2026-08-13 10:18:23.354384+05:30,https://dhanarthi-stockguru.s3.amazonaws.com/company_logos_webp/MADRASFERT.webp,t,2 x
68d5bfdb-4724-4ecb-ac19-6ac6e19e6a73,758853,SGFIN,SG Finserve Limited,NSE,INE618R01015,NSE_EQ,2165.05,t,2026-08-11 11:53:07.73233+05:30,2026-08-13 10:18:23.354384+05:30,,t,2.5 x
70798aa0-e0b2-4032-ac10-d945bae23d39,24511,PRIZOR,PRIZOR,NSE,"",NSE_EQ,310.04,t,2026-08-11 11:53:08.999929+05:30,2026-08-11 11:53:08.999929+05:30,,f,
15b96f1a-1ccf-4df3-bbe7-46296ade964f,759820,PINELABS,Pine Labs Limited,NSE,INE15B701018,NSE_EQ,27482.5,t,2026-08-11 11:53:09.024045+05:30,2026-08-13 10:18:23.086052+05:30,,t,3.13 x
1ea59d30-3aa1-46b3-8d00-df320f5ce11e,759569,ORKLAINDIA,Orkla India Limited,NSE,INE16NZ01023,NSE_EQ,8782.31,t,2026-08-11 11:53:09.024045+05:30,2026-08-13 10:18:23.117308+05:30,,t,3.77 x
22cbc3bd-52c1-49c4-967f-5f731bfe776f,757754,PICCADIL,Piccadily Agro Industries Limited,NSE,INE546C01010,NSE_EQ,5923.77,t,2026-08-11 11:53:09.024045+05:30,2026-08-13 10:18:23.132931+05:30,,t,2.8 x
4aab7828-ca1c-4be2-b7d9-f5ad40e32eb7,25897,MINDACORP,Minda Corporation Limited,NSE,INE842C01021,NSE_EQ,13122.02,t,2026-08-11 11:53:08.999929+05:30,2026-08-13 10:18:23.260619+05:30,,t,3.2 x
68dade78-dd78-4e25-9fb2-3e8a0e69b433,13804,SUTLEJTEX,Sutlej Textiles and Industries Limited,NSE,INE645H01027,NSE_EQ,607.57,t,2026-08-11 11:53:08.516446+05:30,2026-08-13 10:18:23.354384+05:30,https://dhanarthi-stockguru.s3.amazonaws.com/company_logos_webp/SUTLEJTEX.webp,f,
68de22a5-9ad5-43e4-ab23-5be5e99b2993,17424,GLOBUSSPR,Globus Spirits Limited,NSE,INE615I01010,NSE_EQ,3161.35,t,2026-08-11 11:53:08.349673+05:30,2026-08-13 10:18:23.354384+05:30,https://dhanarthi-stockguru.s3.amazonaws.com/company_logos_webp/GLOBUSSPR.webp,t,2.5 x
68e6d059-db6b-4c2a-8738-91ef4aa6b331,4598,HERITGFOOD,Heritage Foods Limited,NSE,INE978A01027,NSE_EQ,4444.48,t,2026-08-11 11:53:08.966518+05:30,2026-08-13 10:18:23.354384+05:30,https://dhanarthi-stockguru.s3.amazonaws.com/company_logos_webp/HERITGFOOD.webp,t,3.13 x
68ff8a24-df86-4ca1-8134-aa9e9b4ad380,12989,BAHETI,BAHETI,NSE,INE029Q01017,NSE_EQ,592.32,t,2026-08-11 11:53:09.21661+05:30,2026-08-13 10:18:23.354384+05:30,https://dhanarthi-stockguru.s3.amazonaws.com/company_logos_webp/BAHETI.webp,f,
694d341a-cad2-4e55-aaa7-ca66d464a894,305,BAJAJHLDNG,Bajaj Holdings & Investment Limited,NSE,INE118A01012,NSE_EQ,141544.23,t,2026-08-11 11:53:07.349583+05:30,2026-08-13 10:18:23.354384+05:30,https://dhanarthi-stockguru.s3.amazonaws.com/company_logos_webp/BAJAJHLDNG.webp,t,4 x
6967feb1-21fa-4da2-adb8-a0477aa86403,21808,SBILIFE,SBI Life Insurance Company Limited,NSE,INE123W01016,NSE_EQ,189234.15,t,2026-08-11 11:53:08.016442+05:30,2026-08-13 10:18:23.354384+05:30,https://dhanarthi-stockguru.s3.amazonaws.com/company_logos_webp/SBILIFE.webp,t,4.55 x
696b0f8e-0935-4ca2-9da0-ae6b035e268f,19627,WOMANCART,WOMANCART,NSE,INE0Q9601016,NSE_EQ,162.61,t,2026-08-11 11:53:09.349567+05:30,2026-08-13 10:18:23.354384+05:30,https://dhanarthi-stockguru.s3.amazonaws.com/company_logos_webp/WOMANCART.webp,f,
69761711-9807-4688-b77c-ec2572b17808,2783,JUBLINGREA,Jubilant Ingrevia Limited,NSE,INE0BY001018,NSE_EQ,11412.11,t,2026-08-11 11:53:08.996627+05:30,2026-08-13 10:18:23.354384+05:30,https://dhanarthi-stockguru.s3.amazonaws.com/company_logos_webp/JUBLINGREA.webp,t,2.99 x
697b1607-6f71-4228-a51a-3594ef59581d,4,21STCENMGM,21st Century Management Services Limited,NSE,INE253B01015,NSE_EQ,53.62,t,2026-08-11 11:53:08.033343+05:30,2026-08-13 10:18:23.354384+05:30,https://dhanarthi-stockguru.s3.amazonaws.com/company_logos_webp/21STCENMGM.webp,f,
698619e9-1a18-48e0-9d5d-775e89306b08,19269,BLISSGVS,Bliss GVS Pharma Limited,NSE,INE416D01022,NSE_EQ,1675.85,t,2026-08-11 11:53:07.372137+05:30,2026-08-13 10:18:23.354384+05:30,https://dhanarthi-stockguru.s3.amazonaws.com/company_logos_webp/BLISSGVS.webp,f,
69dd941e-6923-4824-b8fa-dd11e62157a7,17905,VINSYS,VINSYS,NSE,INE0OSJ01014,NSE_EQ,571.77,t,2026-08-11 11:53:09.21661+05:30,2026-08-13 10:18:23.354384+05:30,https://dhanarthi-stockguru.s3.amazonaws.com/company_logos_webp/VINSYS.webp,f,
69df893e-a333-442b-873d-b2667cf2cccd,2331,JAYNECOIND,Jayaswal Neco Industries Limited,NSE,INE854B01010,NSE_EQ,6254.94,t,2026-08-11 11:53:08.990605+05:30,2026-08-13 10:18:23.354384+05:30,https://dhanarthi-stockguru.s3.amazonaws.com/company_logos_webp/JAYNECOIND.webp,t,1.12 x
6a372a0a-e136-4e6d-be78-1182c231946b,762648,DRAGARWQ,Dr Agarwals Eye Hospital Limited,NSE,INE934C01018,NSE_EQ,,t,2026-08-11 11:53:08.268362+05:30,2026-08-13 10:18:23.354384+05:30,,f,
6a3e4b0e-ae54-4742-9935-4e70ded20938,11050,SIRCA,Sirca Paints India Limited,NSE,INE792Z01011,NSE_EQ,2594.59,t,2026-08-11 11:53:08.133117+05:30,2026-08-13 10:18:23.354384+05:30,https://dhanarthi-stockguru.s3.amazonaws.com/company_logos_webp/SIRCA.webp,t,2.5 x
6a4ccc5b-ff09-478a-8eb0-786e1fcf68f4,19223,TCIEXP,TCI Express Limited,NSE,INE586V01016,NSE_EQ,2573.09,t,2026-08-11 11:53:08.599841+05:30,2026-08-13 10:18:23.354384+05:30,https://dhanarthi-stockguru.s3.amazonaws.com/company_logos_webp/TCIEXP.webp,t,2.5 x
6a536f45-77f4-4bb3-b75d-ba4a74be78f3,6232,3IINFOLTD,3i Infotech Limited,NSE,INE748C01038,NSE_EQ,387.38,t,2026-08-11 11:53:08.033343+05:30,2026-08-13 10:18:23.370006+05:30,https://dhanarthi-stockguru.s3.amazonaws.com/company_logos_webp/3IINFOLTD.webp,f,
6a759df3-479c-4108-9237-5cde62fb0d05,19801,TRANSTEEL,TRANSTEEL,NSE,INE0NVI01020,NSE_EQ,283.39,t,2026-08-11 11:53:09.25798+05:30,2026-08-13 10:18:23.370006+05:30,https://dhanarthi-stockguru.s3.amazonaws.com/company_logos_webp/TRANSTEEL.webp,f,
6a7ac0dd-1059-4f48-b469-2a38fbf7e632,23512,TARACHAND,Tara Chand InfraLogistic Solutions Limited,NSE,INE555Z01020,NSE_EQ,599.16,t,2026-08-11 11:53:08.555275+05:30,2026-08-13 10:18:23.370006+05:30,https://dhanarthi-stockguru.s3.amazonaws.com/company_logos_webp/TARACHAND.webp,f,
6a9cf8f2-3664-4128-88a5-b8220a5eadf6,15184,BRIGADE,Brigade Enterprises Limited,NSE,INE791I01019,NSE_EQ,23423.85,t,2026-08-11 11:53:07.384171+05:30,2026-08-13 10:18:23.370006+05:30,https://dhanarthi-stockguru.s3.amazonaws.com/company_logos_webp/BRIGADE.webp,t,3.08 x
6aa17a67-c74b-4061-91cd-fde747e77fc6,13218,SULA,Sula Vineyards Limited,NSE,INE142Q01026,NSE_EQ,2183.35,t,2026-08-11 11:53:08.440281+05:30,2026-08-13 10:18:23.370006+05:30,https://dhanarthi-stockguru.s3.amazonaws.com/company_logos_webp/SULA.webp,t,2.5 x
6aa618d6-6c03-4a1a-8260-954c9a7cab9f,13092,ARHAM,ARHAM,NSE,INE0L2Y01011,NSE_EQ,185.13,t,2026-08-11 11:53:09.316798+05:30,2026-08-13 10:18:23.370006+05:30,https://dhanarthi-stockguru.s3.amazonaws.com/company_logos_webp/ARHAM.webp,f,
6ac594de-188e-4e4d-8e53-29b2f5c0f7b1,4010,PVP,PVP Ventures Limited,NSE,INE362A01016,NSE_EQ,740.16,t,2026-08-11 11:53:09.04541+05:30,2026-08-13 10:18:23.370006+05:30,https://dhanarthi-stockguru.s3.amazonaws.com/company_logos_webp/PVP.webp,f,
6b0d2f55-2b3c-4219-b975-968161c96139,23607,BALUFORGE,Balu Forge Industries Limited,NSE,INE011E01029,NSE_EQ,7201.87,t,2026-08-11 11:53:07.649447+05:30,2026-08-13 10:18:23.370006+05:30,https://dhanarthi-stockguru.s3.amazonaws.com/company_logos_webp/BALUFORGE.webp,t,2.5 x
6b193ad3-a885-46a4-97ed-9fc4c848d3b9,11483,LT,Larsen & Toubro Limited,NSE,INE018A01030,NSE_EQ,518763.28,t,2026-08-11 11:53:08.802546+05:30,2026-08-13 10:18:23.370006+05:30,https://dhanarthi-stockguru.s3.amazonaws.com/company_logos_webp/LT.webp,t,4.44 x
a85f7ecd-f2d4-4ca7-9176-526617fbca2e,29472,PROTEAN,Protean eGov Technologies Limited,NSE,INE004A01022,NSE_EQ,3365.92,t,2026-08-11 11:53:09.033437+05:30,2026-08-13 10:18:23.562743+05:30,,t,2.5 x
155e8b5d-4787-4cb2-88f6-b2a75a28b37b,20877,PSPPROJECT,PSP Projects Limited,NSE,INE488V01015,NSE_EQ,3214.42,t,2026-08-11 11:53:09.041508+05:30,2026-08-13 10:18:23.086052+05:30,,t,2.5 x
524c4a76-0976-490e-a437-d1b9478d7471,759723,PWL,Physicswallah Limited,NSE,INE0LP301011,NSE_EQ,38478.55,t,2026-08-11 11:53:09.04541+05:30,2026-08-13 10:18:23.29187+05:30,,t,2.93 x
6692a38b-14b1-4218-b68a-ca8f8be4d6e9,758551,RAYMONDREL,Raymond Realty Limited,NSE,INE1SY401010,NSE_EQ,4168.86,t,2026-08-11 11:53:09.066591+05:30,2026-08-13 10:18:23.354384+05:30,,t,2.5 x
6b21ad42-ac93-4452-adb9-4d64ab355377,11226,BAGFILMS,B.A.G Films and Media Limited,NSE,INE116D01028,NSE_EQ,133.17,t,2026-08-11 11:53:08.152119+05:30,2026-08-13 10:18:23.370006+05:30,https://dhanarthi-stockguru.s3.amazonaws.com/company_logos_webp/BAGFILMS.webp,f,
6b6ee42f-ea42-4a95-851b-e897a8b90332,7936,AVANTIFEED,Avanti Feeds Limited,NSE,INE871C01038,NSE_EQ,9879.12,t,2026-08-11 11:53:08.909904+05:30,2026-08-13 10:18:23.370006+05:30,https://dhanarthi-stockguru.s3.amazonaws.com/company_logos_webp/AVANTIFEED.webp,t,2.5 x
6b72e34f-017d-42e0-925a-8513cc365475,21339,STEELXIND,STEEL EXCHANGE INDIA LIMITED,NSE,INE503B01021,NSE_EQ,1185.64,t,2026-08-11 11:53:08.333105+05:30,2026-08-13 10:18:23.370006+05:30,https://dhanarthi-stockguru.s3.amazonaws.com/company_logos_webp/STEELXIND.webp,t,1.12 x
6bb3a128-3fb1-4779-963c-f9389b2a7b77,20261,IREDA,Indian Renewable Energy Development Agency Limited,NSE,INE202E01016,NSE_EQ,41748.52,t,2026-08-11 11:53:08.98326+05:30,2026-08-13 10:18:23.370006+05:30,https://dhanarthi-stockguru.s3.amazonaws.com/company_logos_webp/IREDA.webp,t,3.96 x
6bb85b03-dfb6-424d-b9df-01f231036a9d,1424,HINDZINC,Hindustan Zinc Limited,NSE,INE267A01025,NSE_EQ,200313.15,t,2026-08-11 11:53:07.58278+05:30,2026-08-13 10:18:23.370006+05:30,https://dhanarthi-stockguru.s3.amazonaws.com/company_logos_webp/HINDZINC.webp,t,3.77 x
6bbdd8af-d761-4b3d-af93-72c52fa07fd5,13710,FIEMIND,Fiem Industries Limited,NSE,INE737H01014,NSE_EQ,5482.17,t,2026-08-11 11:53:08.950386+05:30,2026-08-13 10:18:23.370006+05:30,https://dhanarthi-stockguru.s3.amazonaws.com/company_logos_webp/FIEMIND.webp,t,3.17 x
6bcd7979-15e0-4bf6-a1e0-1488b4105ad8,3456,TMPV,Tata Motors Passenger Vehicles Limited,NSE,INE155A01022,NSE_EQ,203403.41,t,2026-08-11 11:53:08.691433+05:30,2026-08-13 10:18:23.370006+05:30,,t,4.28 x
6c1af0c4-875d-429a-a27a-deedfbabe6e5,18967,KAPSTON,Kapston Services Limited,NSE,INE542Z01028,NSE_EQ,544.37,t,2026-08-11 11:53:08.599841+05:30,2026-08-13 10:18:23.370006+05:30,https://dhanarthi-stockguru.s3.amazonaws.com/company_logos_webp/KAPSTON.webp,f,
6c1e18b8-e925-4407-8cad-ac1855a22d81,17271,SENCO,Senco Gold Limited,NSE,INE602W01027,NSE_EQ,5559.29,t,2026-08-11 11:53:07.594289+05:30,2026-08-13 10:18:23.370006+05:30,https://dhanarthi-stockguru.s3.amazonaws.com/company_logos_webp/SENCO.webp,t,2.85 x
6c3bb11f-2433-41b2-8526-45199632fa36,8083,CROWN,Crown Lifters Limited,NSE,INE491V01019,NSE_EQ,170.97,t,2026-08-11 11:53:07.62527+05:30,2026-08-13 10:18:23.370006+05:30,https://dhanarthi-stockguru.s3.amazonaws.com/company_logos_webp/CROWN.webp,f,
6c66264e-0285-4a5c-8c95-6c6b6064fc24,20152,ASKAUTOLTD,ASK Automotive Limited,NSE,INE491J01022,NSE_EQ,9831.24,t,2026-08-11 11:53:08.909904+05:30,2026-08-13 10:18:23.370006+05:30,https://dhanarthi-stockguru.s3.amazonaws.com/company_logos_webp/ASKAUTOLTD.webp,t,3.27 x
6c804e20-333e-470b-b1c7-c7ff901fedaf,10415,MUTHOOTCAP,Muthoot Capital Services Limited,NSE,INE296G01013,NSE_EQ,470.87,t,2026-08-11 11:53:07.69663+05:30,2026-08-13 10:18:23.370006+05:30,https://dhanarthi-stockguru.s3.amazonaws.com/company_logos_webp/MUTHOOTCAP.webp,t,1 x
6cd3cd81-0be2-470b-901a-6c8e39ebb10d,5352,EXXARO,Exxaro Tiles Limited,NSE,INE0GFE01026,NSE_EQ,368.55,t,2026-08-11 11:53:07.486795+05:30,2026-08-13 10:18:23.370006+05:30,https://dhanarthi-stockguru.s3.amazonaws.com/company_logos_webp/EXXARO.webp,f,
6cda9f68-f46c-4eb8-821d-5f74235a8af9,757850,CRIZAC,Crizac Limited,NSE,INE0S4R01014,NSE_EQ,5442.22,t,2026-08-11 11:53:07.419446+05:30,2026-08-13 10:18:23.370006+05:30,,t,3.04 x
6ce350dc-311f-4af9-ba74-b140f7ae529f,759012,GANESHCP,Ganesh Consumer Products Limited,NSE,INE652V01016,NSE_EQ,1077,t,2026-08-11 11:53:07.516067+05:30,2026-08-13 10:18:23.370006+05:30,,t,2 x
6cf55a2b-6892-4bc9-afbc-7685da7f799a,20799,BHAGYANGR,Bhagyanagar India Limited,NSE,INE458B01036,NSE_EQ,351.29,t,2026-08-11 11:53:08.183371+05:30,2026-08-13 10:18:23.370006+05:30,https://dhanarthi-stockguru.s3.amazonaws.com/company_logos_webp/BHAGYANGR.webp,f,
6cfd5565-4197-4358-bb44-3c870158bdf3,18359,SANDUMA,Sandur Manganese & Iron Ores Limited,NSE,INE149K01016,NSE_EQ,8926.57,t,2026-08-11 11:53:09.100075+05:30,2026-08-13 10:18:23.370006+05:30,https://dhanarthi-stockguru.s3.amazonaws.com/company_logos_webp/SANDUMA.webp,t,2.64 x
6d0ea115-5854-4a00-a465-41491bf2461e,19438,AHLEAST,Asian Hotels (East) Limited,NSE,INE926K01017,NSE_EQ,257.77,t,2026-08-11 11:53:07.26652+05:30,2026-08-13 10:18:23.370006+05:30,https://dhanarthi-stockguru.s3.amazonaws.com/company_logos_webp/AHLEAST.webp,f,
6d16bafa-41f5-4bfb-9b59-da567b49a29a,13816,LTFOODS,LT Foods Limited,NSE,INE818H01020,NSE_EQ,15104.14,t,2026-08-11 11:53:08.999929+05:30,2026-08-13 10:18:23.370006+05:30,https://dhanarthi-stockguru.s3.amazonaws.com/company_logos_webp/LTFOODS.webp,t,2.94 x
6d3b79e5-1b23-4038-9408-d28414081dc2,19809,MAITREYA,MAITREYA,NSE,INE0PLQ01011,NSE_EQ,168.57,t,2026-08-11 11:53:09.333826+05:30,2026-08-13 10:18:23.370006+05:30,https://dhanarthi-stockguru.s3.amazonaws.com/company_logos_webp/MAITREYA.webp,f,
6d84adc4-2553-47f4-a897-3c563482bb00,762346,RMC,RMC Switchgears Limited,NSE,INE655V01019,NSE_EQ,,t,2026-08-11 11:53:08.666851+05:30,2026-08-13 10:18:23.370006+05:30,,f,
6d951435-5807-4094-b2f9-095eaf57bb50,10406,STEELCITY,Steel City Securities Limited,NSE,INE395H01011,NSE_EQ,153.21,t,2026-08-11 11:53:08.333105+05:30,2026-08-13 10:18:23.370006+05:30,https://dhanarthi-stockguru.s3.amazonaws.com/company_logos_webp/STEELCITY.webp,f,
6dc50457-67af-40d1-a129-c23d1684a3aa,21195,GTPL,GTPL Hathway Limited,NSE,INE869I01013,NSE_EQ,1238.01,t,2026-08-11 11:53:07.549834+05:30,2026-08-13 10:18:23.370006+05:30,https://dhanarthi-stockguru.s3.amazonaws.com/company_logos_webp/GTPL.webp,t,2 x
6dde7003-d907-4863-9ecd-fd53318d2db8,11076,AGRITECH,Agri-Tech (India) Limited,NSE,INE449G01018,NSE_EQ,82.83,t,2026-08-11 11:53:07.616094+05:30,2026-08-13 10:18:23.370006+05:30,https://dhanarthi-stockguru.s3.amazonaws.com/company_logos_webp/AGRITECH.webp,f,
6defd5c3-82bd-4a2b-934e-68a4f14e0aa4,16669,BAJAJ-AUTO,Bajaj Auto Limited,NSE,INE917I01010,NSE_EQ,245143.41,t,2026-08-11 11:53:07.333244+05:30,2026-08-13 10:18:23.370006+05:30,https://dhanarthi-stockguru.s3.amazonaws.com/company_logos_webp/NESTLEIND.webp,t,4.55 x
6df70f8d-7d94-4b51-a951-b0730c872c1c,1619,FAIRCHEMOR,Fairchem Organics Limited,NSE,INE0DNW01011,NSE_EQ,1027.09,t,2026-08-11 11:53:07.486795+05:30,2026-08-13 10:18:23.370006+05:30,,f,
70737d9c-4254-40db-96e2-ab36c3ae51a1,757052,RAJOOENG,Rajoo Engineers Limited,NSE,INE535F01024,NSE_EQ,1622.19,t,2026-08-11 11:53:09.05507+05:30,2026-08-13 10:18:23.385621+05:30,,f,
f6ffc6a4-457c-403e-a60c-b21ee935a496,761202,SOCL,SOCL,NSE,"",NSE_EQ,85.42,t,2026-08-11 11:53:09.05507+05:30,2026-08-11 11:53:09.05507+05:30,,f,
203f7cc4-cef1-42b8-a409-5fb0b1326a72,759062,RHETAN,Rhetan TMT Limited,NSE,INE0KKN01029,NSE_EQ,1839.08,t,2026-08-11 11:53:09.083277+05:30,2026-08-13 10:18:23.117308+05:30,,t,2 x
2366212a-2055-44d0-9936-dd1ceab928d3,31163,RHIM,RHI MAGNESITA INDIA LIMITED,NSE,INE743M01012,NSE_EQ,9722.96,t,2026-08-11 11:53:09.083277+05:30,2026-08-13 10:18:23.132931+05:30,,t,2.95 x
39321790-eff9-46c4-a790-02c0dcd92596,750368,VOGL,Vedanta Oil and Gas Limited,NSE,INE704J01044,NSE_EQ,,t,2026-08-11 11:53:09.100075+05:30,2026-08-13 10:18:23.211542+05:30,,f,
5b62d9ed-a3b6-4cd5-af9f-e54829fb0fa3,760392,RUDRA,Rudra Global Infra Products Limited,NSE,INE027T01023,NSE_EQ,260.23,t,2026-08-11 11:53:09.095169+05:30,2026-08-13 10:18:23.323135+05:30,,f,
6dfecc16-b24f-40aa-8463-fa72caf7ee54,30125,SAMMAANCAP,Sammaan Capital Limited,NSE,INE148I01020,NSE_EQ,12088.2,t,2026-08-11 11:53:09.100075+05:30,2026-08-13 10:18:23.370006+05:30,https://dhanarthi-stockguru.s3.amazonaws.com/company_logos_webp/SAMMAANCAP.webp,t,2.85 x
6e038d79-a8bf-4944-8771-1caf965796f6,14672,NAVINFLUOR,Navin Fluorine International Limited,NSE,INE048G01026,NSE_EQ,26395.21,t,2026-08-11 11:53:07.718134+05:30,2026-08-13 10:18:23.370006+05:30,https://dhanarthi-stockguru.s3.amazonaws.com/company_logos_webp/NAVINFLUOR.webp,t,3.28 x
6e0ad5cf-ca6d-4ec2-aeff-cd394f7e25a6,10457,ARVSMART,Arvind SmartSpaces Limited,NSE,INE034S01021,NSE_EQ,2846.75,t,2026-08-11 11:53:08.133117+05:30,2026-08-13 10:18:23.370006+05:30,https://dhanarthi-stockguru.s3.amazonaws.com/company_logos_webp/ARVSMART.webp,t,2.5 x
6e10b4b2-249f-44e4-9b67-e5956ebb27bc,17603,MAHEPC,Mahindra EPC Irrigation Limited,NSE,INE215D01010,NSE_EQ,400.5,t,2026-08-11 11:53:08.816457+05:30,2026-08-13 10:18:23.370006+05:30,https://dhanarthi-stockguru.s3.amazonaws.com/company_logos_webp/MAHEPC.webp,t,1 x
6e331e6e-4bf9-415d-bb08-94529566ad4b,14597,ALPHAGEO,Alphageo (India) Limited,NSE,INE137C01018,NSE_EQ,159.38,t,2026-08-11 11:53:08.104534+05:30,2026-08-13 10:18:23.370006+05:30,https://dhanarthi-stockguru.s3.amazonaws.com/company_logos_webp/ALPHAGEO.webp,f,
6e41c416-72bf-4450-a902-1302aef37c67,2431,RAILTEL,Railtel Corporation Of India Limited,NSE,INE0DD101019,NSE_EQ,11783.2,t,2026-08-11 11:53:09.051565+05:30,2026-08-13 10:18:23.370006+05:30,https://dhanarthi-stockguru.s3.amazonaws.com/company_logos_webp/RAILTEL.webp,t,2.79 x
6e484826-1ab5-48b7-9d0d-4d3c7f29d496,11214,NOIDATOLL,Noida Toll Bridge Company Limited,NSE,INE781B01015,NSE_EQ,79.16,t,2026-08-11 11:53:08.98326+05:30,2026-08-13 10:18:23.370006+05:30,https://dhanarthi-stockguru.s3.amazonaws.com/company_logos_webp/NOIDATOLL.webp,f,
6e4fedd3-955e-4a2c-8859-d5363fd8ddef,762432,OMPOWER,Om Power Transmission Limited,NSE,INE25E901019,NSE_EQ,,t,2026-08-11 11:53:08.595309+05:30,2026-08-13 10:18:23.370006+05:30,,f,
6e62681a-17fd-43ca-be2b-0b5f16f7295e,583,CANFINHOME,Can Fin Homes Limited,NSE,INE477A01020,NSE_EQ,10933.63,t,2026-08-11 11:53:07.393178+05:30,2026-08-13 10:18:23.370006+05:30,https://dhanarthi-stockguru.s3.amazonaws.com/company_logos_webp/CANFINHOME.webp,t,3.44 x
6e638bb7-1034-4dba-bae6-6995642623c9,13342,VAKRANGEE,Vakrangee Limited,NSE,INE051B01021,NSE_EQ,939.5,t,2026-08-11 11:53:08.851822+05:30,2026-08-13 10:18:23.370006+05:30,https://dhanarthi-stockguru.s3.amazonaws.com/company_logos_webp/VAKRANGEE.webp,t,2 x
6e671bc1-27eb-4687-9516-152eadc62a3b,8833,BCG,Brightcom Group Limited,NSE,INE425B01027,NSE_EQ,2815.74,t,2026-08-11 11:53:07.357961+05:30,2026-08-13 10:18:23.385621+05:30,https://dhanarthi-stockguru.s3.amazonaws.com/company_logos_webp/BCG.webp,f,
6e7c4956-86d3-4a50-b0bd-f4960992e169,28046,MOBIKWIK,One Mobikwik Systems Limited,NSE,INE0HLU01028,NSE_EQ,1985.69,t,2026-08-11 11:53:07.666109+05:30,2026-08-13 10:18:23.385621+05:30,,t,2.63 x
6ec7a891-36fa-47e0-8936-ea17154192b0,17313,LLOYDSME,Lloyds Metals And Energy Limited,NSE,INE281B01032,NSE_EQ,70799.22,t,2026-08-11 11:53:08.783106+05:30,2026-08-13 10:18:23.385621+05:30,https://dhanarthi-stockguru.s3.amazonaws.com/company_logos_webp/LLOYDSME.webp,t,3.02 x
6ed19e3e-e41b-4bcf-b947-d685587e9ef4,24777,OLAELEC,Ola Electric Mobility Limited,NSE,INE0LXG01040,NSE_EQ,20390.01,t,2026-08-11 11:53:09.024045+05:30,2026-08-13 10:18:23.385621+05:30,https://dhanarthi-stockguru.s3.amazonaws.com/company_logos_webp/OLAELEC.webp,t,1 x
6ee1cc24-9c37-468f-ba11-42552d17ac9c,14582,SRHHYPOLTD,Sree Rayalaseema Hi-Strength Hypo Limited,NSE,INE917H01012,NSE_EQ,997.09,t,2026-08-11 11:53:08.333105+05:30,2026-08-13 10:18:23.385621+05:30,https://dhanarthi-stockguru.s3.amazonaws.com/company_logos_webp/SRHHYPOLTD.webp,t,1 x
6eef5043-dc58-4010-b6f1-bd4b1f130a4e,3579,UNICHEMLAB,Unichem Laboratories Limited,NSE,INE351A01035,NSE_EQ,3560.01,t,2026-08-11 11:53:08.783106+05:30,2026-08-13 10:18:23.385621+05:30,https://dhanarthi-stockguru.s3.amazonaws.com/company_logos_webp/UNICHEMLAB.webp,t,2.5 x
6f09ebcd-ec72-407d-b6df-1512297667bd,2705,PRAJIND,Praj Industries Limited,NSE,INE074A01025,NSE_EQ,7071.78,t,2026-08-11 11:53:07.899672+05:30,2026-08-13 10:18:23.385621+05:30,https://dhanarthi-stockguru.s3.amazonaws.com/company_logos_webp/PRAJIND.webp,t,2.95 x
6f0dd83a-3eda-4bac-a14c-fcfbdcda80d6,756958,MONOLITH,MONOLITH,NSE,INE1DV401010,NSE_EQ,1011.49,t,2026-08-11 11:53:07.854273+05:30,2026-08-13 10:18:23.385621+05:30,,f,
6f1342e6-0a64-4fd7-8534-579823fbc236,762824,NITTAGELA,Nitta Gelatin India Limited,NSE,INE265B01019,NSE_EQ,,t,2026-08-11 11:53:08.583546+05:30,2026-08-13 10:18:23.385621+05:30,,f,
6f318298-3fef-4ba2-afcb-594ac4293778,13528,GMRAIRPORT,GMR AIRPORTS LIMITED,NSE,INE776C01039,NSE_EQ,98997.44,t,2026-08-11 11:53:07.533088+05:30,2026-08-13 10:18:23.385621+05:30,https://dhanarthi-stockguru.s3.amazonaws.com/company_logos_webp/GMRAIRPORT.webp,t,4 x
6f4d325a-d2b8-403e-aa5e-c94bd3ca9452,23718,REFRACTORY,REFRACTORY,NSE,INE0TNX01015,NSE_EQ,116,t,2026-08-11 11:53:09.402111+05:30,2026-08-13 10:18:23.385621+05:30,https://dhanarthi-stockguru.s3.amazonaws.com/company_logos_webp/REFRACTORY.webp,f,
6f780067-5063-41f9-9d22-610607ecc6ab,24729,UTSSAV,UTSSAV,NSE,INE06IJ01010,NSE_EQ,510.87,t,2026-08-11 11:53:09.233275+05:30,2026-08-13 10:18:23.385621+05:30,https://dhanarthi-stockguru.s3.amazonaws.com/company_logos_webp/UTSSAV.webp,f,
6f98093f-2f49-4786-98ef-6c8c504205f9,3348,SUNFLAG,Sunflag Iron And Steel Company Limited,NSE,INE947A01014,NSE_EQ,4918.93,t,2026-08-11 11:53:08.466626+05:30,2026-08-13 10:18:23.385621+05:30,https://dhanarthi-stockguru.s3.amazonaws.com/company_logos_webp/SUNFLAG.webp,t,1 x
6f9d5a99-56f5-4a6c-b9b0-e11a9880dcb8,17084,ESFL,ESFL,NSE,INE0ITO01014,NSE_EQ,765.98,t,2026-08-11 11:53:09.21661+05:30,2026-08-13 10:18:23.385621+05:30,https://dhanarthi-stockguru.s3.amazonaws.com/company_logos_webp/ESFL.webp,f,
6fa03e7b-c2e8-4383-9ea2-4e6303c7fbe1,15883,HINDWAREAP,Hindware Home Innovation Limited,NSE,INE05AN01011,NSE_EQ,2613.91,t,2026-08-11 11:53:07.58278+05:30,2026-08-13 10:18:23.385621+05:30,,t,2.5 x
6fbaa6f6-8e7f-4561-8fe2-c0e411233b37,762887,SCANSTL,Scan Steels Limited,NSE,INE099G01011,NSE_EQ,,t,2026-08-11 11:53:08.713476+05:30,2026-08-13 10:18:23.385621+05:30,,f,
6fe75025-c6f6-4262-9dfc-ad15c6860834,11596,LINCOLN,Lincoln Pharmaceuticals Limited,NSE,INE405C01035,NSE_EQ,1064.8,t,2026-08-11 11:53:08.783106+05:30,2026-08-13 10:18:23.385621+05:30,https://dhanarthi-stockguru.s3.amazonaws.com/company_logos_webp/LINCOLN.webp,t,2 x
6fed52d0-e2f5-4b12-9eea-b874c6a15680,759041,IVALUE,Ivalue Infosolutions Limited,NSE,INE056801025,NSE_EQ,1546.78,t,2026-08-11 11:53:08.483046+05:30,2026-08-13 10:18:23.385621+05:30,,t,2 x
02a1b5c7-602c-49f2-a1dc-3b5e1c05e3d0,"",VISASTEEL,VISASTEEL,NSE,"",NSE_EQ,536.03,t,2026-08-11 11:53:09.116677+05:30,2026-08-11 11:53:09.116677+05:30,,f,
6ff6fadc-274d-409e-959a-1b5de849db8a,3718,VOLTAS,Voltas Limited,NSE,INE226A01021,NSE_EQ,45331.92,t,2026-08-11 11:53:09.150053+05:30,2026-08-13 10:18:23.385621+05:30,https://dhanarthi-stockguru.s3.amazonaws.com/company_logos_webp/VOLTAS.webp,t,4.17 x
d672886d-3154-4115-81a6-5a549039336e,"",ARSSINFRA,ARSSINFRA,NSE,"",NSE_EQ,111.31,t,2026-08-11 11:53:09.116677+05:30,2026-08-11 11:53:09.116677+05:30,,f,
70278dbe-9b16-4065-aad4-9f1f402eef58,20321,SHANKARA,Shankara Building Products Limited,NSE,INE274V01019,NSE_EQ,1352.13,t,2026-08-11 11:53:07.986943+05:30,2026-08-13 10:18:23.385621+05:30,https://dhanarthi-stockguru.s3.amazonaws.com/company_logos_webp/SHANKARA.webp,f,
704e0254-6bef-4a9c-8e0e-843996a6e8bc,761528,INNOVISION,Innovision Limited,NSE,INE0ADB01012,NSE_EQ,,t,2026-08-11 11:53:08.433272+05:30,2026-08-13 10:18:23.385621+05:30,,f,
705a1f7c-15e4-4a6d-8a82-ac7903e2731b,7254,MEDPLUS,Medplus Health Services Limited,NSE,INE804L01022,NSE_EQ,9823.77,t,2026-08-11 11:53:07.64895+05:30,2026-08-13 10:18:23.385621+05:30,https://dhanarthi-stockguru.s3.amazonaws.com/company_logos_webp/MEDPLUS.webp,t,3.27 x
7074225d-3920-4fdb-b688-9d52ed23d472,163,APOLLOTYRE,Apollo Tyres Limited,NSE,INE438A01022,NSE_EQ,30841.41,t,2026-08-11 11:53:08.904168+05:30,2026-08-13 10:18:23.385621+05:30,https://dhanarthi-stockguru.s3.amazonaws.com/company_logos_webp/APOLLOTYRE.webp,t,3.44 x
7075e9a7-8c6f-41eb-b528-9fb98c1d8d57,3482,CLSEL,Chaman Lal Setia Exports Limited,NSE,INE419D01026,NSE_EQ,1418.21,t,2026-08-11 11:53:08.224447+05:30,2026-08-13 10:18:23.385621+05:30,https://dhanarthi-stockguru.s3.amazonaws.com/company_logos_webp/CLSEL.webp,t,2 x
70845d91-eab8-49ac-844d-3b782619569a,6839,FOCUS,Focus Lighting and Fixtures Limited,NSE,INE0DXR01010,NSE_EQ,603.88,t,2026-08-11 11:53:08.326227+05:30,2026-08-13 10:18:23.385621+05:30,https://dhanarthi-stockguru.s3.amazonaws.com/company_logos_webp/FOCUS.webp,f,
7095686d-a2e8-4220-b98c-540af50b3167,16795,ARCHIDPLY,Archidply Industries Limited,NSE,INE877I01016,NSE_EQ,197.74,t,2026-08-11 11:53:08.11632+05:30,2026-08-13 10:18:23.385621+05:30,https://dhanarthi-stockguru.s3.amazonaws.com/company_logos_webp/ARCHIDPLY.webp,f,
7096bf0d-86a3-4f2c-bc58-af3f2a7034dc,25,ADANIENT,Adani Enterprises Limited,NSE,INE423A01024,NSE_EQ,279044.81,t,2026-08-11 11:53:07.26652+05:30,2026-08-13 10:18:23.385621+05:30,https://dhanarthi-stockguru.s3.amazonaws.com/company_logos_webp/ADANIENT.webp,t,3.81 x
69978190-a09a-41ae-9901-66c29c71dcca,"",OMKARCHEM,OMKARCHEM,NSE,"",NSE_EQ,11.89,t,2026-08-11 11:53:09.116677+05:30,2026-08-11 11:53:09.116677+05:30,,f,
70aea620-bffe-477b-aeec-7a2f4e3e7dfa,757583,SAFEENTP,SAFEENTP,NSE,INE17D601016,NSE_EQ,1033.74,t,2026-08-11 11:53:07.749853+05:30,2026-08-13 10:18:23.385621+05:30,,f,
70b89d84-6cb8-4768-baf2-70dce3775ef0,15380,MANKIND,Mankind Pharma Limited,NSE,INE634S01028,NSE_EQ,99923.49,t,2026-08-11 11:53:08.833281+05:30,2026-08-13 10:18:23.385621+05:30,https://dhanarthi-stockguru.s3.amazonaws.com/company_logos_webp/MANKIND.webp,t,4.35 x
70e581dc-feb7-47c5-a5ca-1a5bded15d93,2263,BANDHANBNK,Bandhan Bank Limited,NSE,INE545U01014,NSE_EQ,26210.29,t,2026-08-11 11:53:07.349583+05:30,2026-08-13 10:18:23.385621+05:30,https://dhanarthi-stockguru.s3.amazonaws.com/company_logos_webp/BANDHANBNK.webp,t,3.5 x
70e762d3-54ea-493e-af75-fba52c39ca98,9939,ONEPOINT,One Point One Solutions Limited,NSE,INE840Y01029,NSE_EQ,1286.3,t,2026-08-11 11:53:07.799711+05:30,2026-08-13 10:18:23.385621+05:30,,t,2 x
70f6feb7-4ee4-4fb4-ae3f-972d9f1c6a50,15404,ATAM,Atam Valves Limited,NSE,INE09KD01013,NSE_EQ,105.72,t,2026-08-11 11:53:07.333244+05:30,2026-08-13 10:18:23.385621+05:30,https://dhanarthi-stockguru.s3.amazonaws.com/company_logos_webp/ATAM.webp,f,
71187b96-8f9a-4ed2-8737-295517aef646,759806,GROWW,Billionbrains Garage Ventures Limited,NSE,INE0HOQ01053,NSE_EQ,95890.42,t,2026-08-11 11:53:08.966518+05:30,2026-08-13 10:18:23.385621+05:30,,t,2.97 x
71216f00-ee11-41c2-8842-db96d77075f1,13734,INSPIRISYS,Inspirisys Solutions Limited,NSE,INE020G01017,NSE_EQ,384.79,t,2026-08-11 11:53:08.449906+05:30,2026-08-13 10:18:23.385621+05:30,https://dhanarthi-stockguru.s3.amazonaws.com/company_logos_webp/INSPIRISYS.webp,f,
713bffde-3962-46e8-a4e0-14640c455670,758448,ALLTIME,All Time Plastics Limited,NSE,INE0GV601021,NSE_EQ,1847.75,t,2026-08-11 11:53:08.100027+05:30,2026-08-13 10:18:23.385621+05:30,,t,2.5 x
7194ab28-3c7e-4f68-9783-305edd47aaf2,11082,LIBAS,Libas Consumer Products Limited,NSE,INE908V01012,NSE_EQ,32.04,t,2026-08-11 11:53:08.756631+05:30,2026-08-13 10:18:23.385621+05:30,https://dhanarthi-stockguru.s3.amazonaws.com/company_logos_webp/LIBAS.webp,f,
71a370c4-7251-411e-b56e-53d2b6bbe7c9,13616,GOLDKART,GOLDKART,NSE,INE06MH01016,NSE_EQ,400.33,t,2026-08-11 11:53:09.249972+05:30,2026-08-13 10:18:23.385621+05:30,https://dhanarthi-stockguru.s3.amazonaws.com/company_logos_webp/GOLDKART.webp,f,
71d5b02b-507b-4fff-a7d1-b997e72da0b6,25898,PREMIUM,PREMIUM,NSE,INE0M1F01011,NSE_EQ,69.01,t,2026-08-11 11:53:09.46984+05:30,2026-08-13 10:18:23.385621+05:30,https://dhanarthi-stockguru.s3.amazonaws.com/company_logos_webp/PREMIUM.webp,f,
71e37bdf-12d7-45b8-909f-6b4d76c31b29,857,DHAMPURSUG,Dhampur Sugar Mills Limited,NSE,INE041A01016,NSE_EQ,880.61,t,2026-08-11 11:53:07.435203+05:30,2026-08-13 10:18:23.385621+05:30,https://dhanarthi-stockguru.s3.amazonaws.com/company_logos_webp/DHAMPURSUG.webp,t,2 x
720d585f-fdcd-46de-8720-90e98cbcd854,8806,SONAMLTD,SONAM LIMITED,NSE,INE00LM01029,NSE_EQ,181.61,t,2026-08-11 11:53:08.268362+05:30,2026-08-13 10:18:23.385621+05:30,https://dhanarthi-stockguru.s3.amazonaws.com/company_logos_webp/SONAMLTD.webp,f,
7214667a-2653-4423-8fce-04efabeed5a3,11445,PILANIINVS,Pilani Investment and Industries Corporation Limited,NSE,INE417C01014,NSE_EQ,5812.45,t,2026-08-11 11:53:07.866247+05:30,2026-08-13 10:18:23.385621+05:30,https://dhanarthi-stockguru.s3.amazonaws.com/company_logos_webp/PILANIINVS.webp,t,2.86 x
804667c6-bc04-452f-8cf0-ef40cea03df1,27969,VMM,Vishal Mega Mart Limited,NSE,INE01EA01019,NSE_EQ,66089.66,t,2026-08-11 11:53:09.150053+05:30,2026-08-13 10:18:23.43774+05:30,,t,4 x
fa7db9af-4d12-42a9-b620-a36880413825,11968,VIVIMEDLAB,Vivimed Labs Limited,NSE,"",NSE_EQ,181.3,t,2026-08-11 11:53:09.150053+05:30,2026-08-11 11:53:09.150053+05:30,,f,
207697d8-132b-4b5b-a304-9022eb6d3f0c,11253,WELSPUNLIV,Welspun Living Limited,NSE,INE192B01031,NSE_EQ,12331.19,t,2026-08-11 11:53:09.166605+05:30,2026-08-13 10:18:23.117308+05:30,,t,2.75 x
361fd91e-141b-4fb2-be0a-f582710bae01,3736,WALCHANNAG,Walchandnagar Industries Limited,NSE,INE711A01022,NSE_EQ,1261.27,t,2026-08-11 11:53:09.166605+05:30,2026-08-13 10:18:23.195926+05:30,,t,1 x
5e4d3b7d-1830-4ef4-bbbb-3b3beb60b9a6,19955,WAAREEINDO,Indosolar Limited,NSE,INE866K01023,NSE_EQ,1981.9,t,2026-08-11 11:53:09.166605+05:30,2026-08-13 10:18:23.323135+05:30,,f,
722656e6-2720-4670-877a-4f4a969f9f2b,18118,THANGAMAYL,Thangamayil Jewellery Limited,NSE,INE085J01014,NSE_EQ,7506.64,t,2026-08-11 11:53:08.650668+05:30,2026-08-13 10:18:23.385621+05:30,https://dhanarthi-stockguru.s3.amazonaws.com/company_logos_webp/THANGAMAYL.webp,t,2.47 x
722710e1-9878-4170-b6da-f1721d6c4012,24715,AKUMS,Akums Drugs and Pharmaceuticals Limited,NSE,INE09XN01023,NSE_EQ,7432.5,t,2026-08-11 11:53:08.898859+05:30,2026-08-13 10:18:23.385621+05:30,https://dhanarthi-stockguru.s3.amazonaws.com/company_logos_webp/AKUMS.webp,t,3.19 x
726050d3-9352-4e0e-9cdd-430fc366dc2f,11060,KSOLVES,Ksolves India Limited,NSE,INE0D6I01023,NSE_EQ,753.26,t,2026-08-11 11:53:08.709604+05:30,2026-08-13 10:18:23.385621+05:30,https://dhanarthi-stockguru.s3.amazonaws.com/company_logos_webp/KSOLVES.webp,t,2 x
7262a039-612c-492b-bb20-4674eb48a2ea,13,ABB,ABB India Limited,NSE,INE117A01022,NSE_EQ,111557.9,t,2026-08-11 11:53:07.26652+05:30,2026-08-13 10:18:23.385621+05:30,https://dhanarthi-stockguru.s3.amazonaws.com/company_logos_webp/ABB.webp,t,4.26 x
72a1014c-dcde-49e9-8678-c4ec168464cb,24856,SSDL,Saraswati Saree Depot Limited,NSE,INE0PQ101010,NSE_EQ,347.58,t,2026-08-11 11:53:08.333105+05:30,2026-08-13 10:18:23.385621+05:30,https://dhanarthi-stockguru.s3.amazonaws.com/company_logos_webp/SSDL.webp,t,1 x
72c3c55f-a35e-4fb1-ad38-25a23496a9cf,23793,QUESTLAB,QUESTLAB,NSE,INE0TNW01017,NSE_EQ,154.06,t,2026-08-11 11:53:09.360532+05:30,2026-08-13 10:18:23.385621+05:30,https://dhanarthi-stockguru.s3.amazonaws.com/company_logos_webp/QUESTLAB.webp,f,
72cafef4-ec07-4698-8633-3fa51640f4fd,13409,GPIL,Godawari Power And Ispat limited,NSE,INE177H01039,NSE_EQ,15675.54,t,2026-08-11 11:53:08.966518+05:30,2026-08-13 10:18:23.385621+05:30,https://dhanarthi-stockguru.s3.amazonaws.com/company_logos_webp/GPIL.webp,t,3.06 x
73385815-1afd-4137-ac77-96a31e8b906a,759477,CANHLIFE,Canara HSBC Life Insurance Company Limited,NSE,INE01TY01017,NSE_EQ,11802.04,t,2026-08-11 11:53:07.393178+05:30,2026-08-13 10:18:23.385621+05:30,,t,3.71 x
7373e787-2709-401e-b98e-e56d7da61406,759084,URBANCO,Urban Company Limited,NSE,INE0CAZ01013,NSE_EQ,21100.7,t,2026-08-11 11:53:08.833281+05:30,2026-08-13 10:18:23.385621+05:30,,t,3.18 x
7392e613-d8ff-4e24-8856-38eab19538ce,10579,MARKSANS,Marksans Pharma Limited,NSE,INE750C01026,NSE_EQ,8844.33,t,2026-08-11 11:53:08.999929+05:30,2026-08-13 10:18:23.385621+05:30,https://dhanarthi-stockguru.s3.amazonaws.com/company_logos_webp/MARKSANS.webp,t,2.79 x
73aad42d-f3fa-4e8b-a6e6-39732c64bc33,25033,IPHL,IPHL,NSE,INE0DHF01018,NSE_EQ,142.91,t,2026-08-11 11:53:09.367101+05:30,2026-08-13 10:18:23.401261+05:30,https://dhanarthi-stockguru.s3.amazonaws.com/company_logos_webp/IPHL.webp,f,
73d08ee4-55b4-43ae-b934-c34ecb5f4c17,1879,CARYSIL,CARYSIL LIMITED,NSE,INE482D01024,NSE_EQ,2577.81,t,2026-08-11 11:53:08.202533+05:30,2026-08-13 10:18:23.401261+05:30,,t,2.69 x
73d35b1f-37e9-47de-bc8d-1c23df2c57a2,14174,IZMO,IZMO Limited,NSE,INE848A01014,NSE_EQ,1116.69,t,2026-08-11 11:53:07.631594+05:30,2026-08-13 10:18:23.401261+05:30,https://dhanarthi-stockguru.s3.amazonaws.com/company_logos_webp/IZMO.webp,f,
73da3955-9a78-4c7c-b68f-6a09699eb59d,13844,MMFL,MM Forgings Limited,NSE,INE227C01017,NSE_EQ,1599.49,t,2026-08-11 11:53:07.666109+05:30,2026-08-13 10:18:23.401261+05:30,https://dhanarthi-stockguru.s3.amazonaws.com/company_logos_webp/MMFL.webp,t,2.5 x
73e10e2e-040b-405e-bc0b-c1c0ed12962e,21749,CAPACITE,Capacit'e Infraprojects Limited,NSE,INE264T01014,NSE_EQ,2455.17,t,2026-08-11 11:53:08.202533+05:30,2026-08-13 10:18:23.401261+05:30,https://dhanarthi-stockguru.s3.amazonaws.com/company_logos_webp/CAPACITE.webp,t,2.5 x
73e6a375-72eb-4dfa-b4ee-f4127bf514c1,4040,EIMCOELECO,Eimco Elecon (India) Limited,NSE,INE158B01016,NSE_EQ,1153.49,t,2026-08-11 11:53:07.468569+05:30,2026-08-13 10:18:23.401261+05:30,https://dhanarthi-stockguru.s3.amazonaws.com/company_logos_webp/EIMCOELECO.webp,t,2 x
7418c2dc-0147-43d6-8521-1423838d6b8c,7780,BCONCEPTS,Brand Concepts Limited,NSE,INE977Y01011,NSE_EQ,392.23,t,2026-08-11 11:53:07.357961+05:30,2026-08-13 10:18:23.401261+05:30,https://dhanarthi-stockguru.s3.amazonaws.com/company_logos_webp/BCONCEPTS.webp,f,
74286b6d-660f-4945-85bc-60e06c960ec5,18921,VBL,Varun Beverages Limited,NSE,INE200M01039,NSE_EQ,160506.28,t,2026-08-11 11:53:08.87527+05:30,2026-08-13 10:18:23.401261+05:30,https://dhanarthi-stockguru.s3.amazonaws.com/company_logos_webp/VBL.webp,t,4.35 x
743485f0-8c78-4086-aef1-a2a8c534b079,10836,SEYAIND,Seya Industries Limited,NSE,INE573R01012,NSE_EQ,48.73,t,2026-08-11 11:53:07.699563+05:30,2026-08-13 10:18:23.401261+05:30,https://dhanarthi-stockguru.s3.amazonaws.com/company_logos_webp/SEYAIND.webp,f,
743637e3-67f4-4ae1-8fab-2a795e31a497,17661,UNIVPHOTO,Universus Photo Imagings Limited,NSE,INE03V001013,NSE_EQ,284.62,t,2026-08-11 11:53:08.833281+05:30,2026-08-13 10:18:23.401261+05:30,https://dhanarthi-stockguru.s3.amazonaws.com/company_logos_webp/UNIVPHOTO.webp,f,
74419f24-0834-4a42-8d99-ff6fce32ecd7,18545,DIACABS,Diamond Power Infrastructure Limited,NSE,INE989C01038,NSE_EQ,7904.18,t,2026-08-11 11:53:08.933682+05:30,2026-08-13 10:18:23.401261+05:30,https://dhanarthi-stockguru.s3.amazonaws.com/company_logos_webp/DIACABS.webp,t,2.62 x
745f5b92-1106-47b6-a689-0183bd92ea71,4920,HINDCON,Hindcon Chemicals Limited,NSE,INE642Y01029,NSE_EQ,163.47,t,2026-08-11 11:53:07.58278+05:30,2026-08-13 10:18:23.401261+05:30,https://dhanarthi-stockguru.s3.amazonaws.com/company_logos_webp/HINDCON.webp,f,
747f54cf-1171-473d-81de-3b8eb9765165,757,CRISIL,Crisil Limited,NSE,INE007A01025,NSE_EQ,36290.59,t,2026-08-11 11:53:08.933682+05:30,2026-08-13 10:18:23.401261+05:30,https://dhanarthi-stockguru.s3.amazonaws.com/company_logos_webp/CRISIL.webp,t,3.41 x
7489bce1-c2ae-4cde-9b31-00ebeca9db6a,4934,IPL,India Pesticides Limited,NSE,INE0D6701023,NSE_EQ,2315.15,t,2026-08-11 11:53:08.457215+05:30,2026-08-13 10:18:23.401261+05:30,https://dhanarthi-stockguru.s3.amazonaws.com/company_logos_webp/IPL.webp,t,2.5 x
749f93c2-c2f8-44ba-ac59-52b309734961,13966,HBLENGINE,HBL Engineering Limited,NSE,INE292B01021,NSE_EQ,22519.55,t,2026-08-11 11:53:07.566237+05:30,2026-08-13 10:18:23.401261+05:30,,t,2.74 x
74ace40e-41c7-48e6-8877-88a73f2f56a1,759876,UTLSOLAR,Fujiyama Power Systems Limited,NSE,INE12UR01024,NSE_EQ,6341.65,t,2026-08-11 11:53:08.851822+05:30,2026-08-13 10:18:23.401261+05:30,,t,1 x
75875117-62b5-4b5d-8b23-7f7d7c9e28b2,760259,WAKEFIT,Wakefit Innovations Limited,NSE,INE0E7301029,NSE_EQ,6151.43,t,2026-08-11 11:53:09.166605+05:30,2026-08-13 10:18:23.401261+05:30,,t,3.01 x
0920e95e-196c-4ea5-87b0-b3b68f6536cb,7929,ZYDUSLIFE,Zydus Lifesciences Limited,NSE,INE010B01027,NSE_EQ,97840.48,t,2026-08-11 11:53:09.202139+05:30,2026-08-13 10:18:23.054106+05:30,,t,4.55 x
09ac8cc6-e7ee-48e7-b8c5-9798be5749c1,756409,SHRIAHIMSA,SHRIAHIMSA,NSE,INE0DM401012,NSE_EQ,516.38,t,2026-08-11 11:53:09.233275+05:30,2026-08-13 10:18:23.054106+05:30,,f,
3be9714f-a86c-4b43-a6b6-d751998b0383,758208,FLYSBS,FLYSBS,NSE,INE0VCK01011,NSE_EQ,974.44,t,2026-08-11 11:53:09.202139+05:30,2026-08-13 10:18:23.211542+05:30,,f,
450029a9-b9df-4bfc-ac56-3965fd0b7f95,18811,CELLECOR,CELLECOR,NSE,INE0OMO01025,NSE_EQ,705.5,t,2026-08-11 11:53:09.21661+05:30,2026-08-13 10:18:23.244995+05:30,,f,
4563b959-d908-478f-ac53-3b924e2c9b86,24589,RNFI,RNFI,NSE,INE0SA001017,NSE_EQ,801.88,t,2026-08-11 11:53:09.21661+05:30,2026-08-13 10:18:23.244995+05:30,,f,
5b6a9495-bcaf-4596-94d0-49343d745ca1,758591,ETL,ETL,NSE,INE0PXC01024,NSE_EQ,973.57,t,2026-08-11 11:53:09.202139+05:30,2026-08-13 10:18:23.323135+05:30,,f,
74cbd31b-c2ac-4a39-bb6c-3ac01dcf772e,10733,SPORTKING,Sportking India Limited,NSE,INE885H01029,NSE_EQ,1392.67,t,2026-08-11 11:53:08.316303+05:30,2026-08-13 10:18:23.401261+05:30,https://dhanarthi-stockguru.s3.amazonaws.com/company_logos_webp/SPORTKING.webp,t,2 x
74e5d719-284c-4174-91c0-cbc58267b322,762742,KIRANVYPAR,Kiran Vyapar Limited,NSE,INE555P01013,NSE_EQ,,t,2026-08-11 11:53:08.466626+05:30,2026-08-13 10:18:23.401261+05:30,,f,
75190fb5-e0fa-48c4-a6dd-59fab80dded1,17197,PAKKA,PAKKA LIMITED,NSE,INE551D01018,NSE_EQ,682.88,t,2026-08-11 11:53:08.999929+05:30,2026-08-13 10:18:23.401261+05:30,https://dhanarthi-stockguru.s3.amazonaws.com/company_logos_webp/PAKKA.webp,t,1 x
4097dd7f-e908-48e2-8ef6-8156f974f293,758740,ANONDITA,ANONDITA,NSE,"",NSE_EQ,999.95,t,2026-08-11 11:53:09.202139+05:30,2026-08-11 11:53:09.202139+05:30,,f,
753845d6-bf4a-4ac7-aba2-b85a8f628628,760461,RAJESHEXPO,Rajesh Exports Limited,NSE,INE343B01030,NSE_EQ,5609.36,t,2026-08-11 11:53:09.05507+05:30,2026-08-13 10:18:23.401261+05:30,https://dhanarthi-stockguru.s3.amazonaws.com/company_logos_webp/RAJESHEXPO.webp,f,
755f3090-ffda-4875-a7b6-d743912e7219,761723,NIMBSPROJ,Nimbus Projects Limited,NSE,INE875B01015,NSE_EQ,,t,2026-08-11 11:53:08.582082+05:30,2026-08-13 10:18:23.401261+05:30,,f,
75abc00b-3cd2-4ccf-814e-1ed3dd9ebf3f,758981,RNBDENIMS,R&B Denims Limited,NSE,INE012Q01039,NSE_EQ,1101.33,t,2026-08-11 11:53:07.9329+05:30,2026-08-13 10:18:23.401261+05:30,,f,
75fec48f-4cd9-4b1e-81cc-f017360407d4,760865,OMNI,Omnitech Engineering Limited,NSE,INE0UH301010,NSE_EQ,,t,2026-08-11 11:53:08.595309+05:30,2026-08-13 10:18:23.401261+05:30,,t,2.85 x
761286ed-8609-4998-b226-7bdcec871a08,11218,MAKS,MAKS,NSE,INE0CDK01019,NSE_EQ,21.76,t,2026-08-11 11:53:09.550065+05:30,2026-08-13 10:18:23.401261+05:30,https://dhanarthi-stockguru.s3.amazonaws.com/company_logos_webp/MAKS.webp,f,
7640028b-3e47-4f59-9fc2-100d75537165,25645,KRN,KRN Heat Exchanger and Refrigeration Limited,NSE,INE0Q3J01015,NSE_EQ,5183.74,t,2026-08-11 11:53:08.999929+05:30,2026-08-13 10:18:23.401261+05:30,https://dhanarthi-stockguru.s3.amazonaws.com/company_logos_webp/KRN.webp,f,
7646a697-f96e-40af-9970-1018b72f9da8,16902,DPWIRES,D P Wires Limited,NSE,INE864X01013,NSE_EQ,352.54,t,2026-08-11 11:53:08.268362+05:30,2026-08-13 10:18:23.401261+05:30,https://dhanarthi-stockguru.s3.amazonaws.com/company_logos_webp/DPWIRES.webp,f,
766aa741-10e0-4c7b-8ce7-de71182319c2,17263,ARMANFIN,Arman Financial Services Limited,NSE,INE109C01017,NSE_EQ,1644.06,t,2026-08-11 11:53:08.121787+05:30,2026-08-13 10:18:23.401261+05:30,https://dhanarthi-stockguru.s3.amazonaws.com/company_logos_webp/ARMANFIN.webp,t,2 x
766e4eff-3ca6-400d-a082-159584d80293,5948,SOUTHBANK,The South Indian Bank Limited,NSE,INE683A01023,NSE_EQ,8750.54,t,2026-08-11 11:53:08.285762+05:30,2026-08-13 10:18:23.401261+05:30,https://dhanarthi-stockguru.s3.amazonaws.com/company_logos_webp/SOUTHBANK.webp,t,2.96 x
768dbca4-0856-43b8-b788-031aca695a49,5264,PDSL,PDS Limited,NSE,INE111Q01021,NSE_EQ,4962.11,t,2026-08-11 11:53:07.854273+05:30,2026-08-13 10:18:23.401261+05:30,https://dhanarthi-stockguru.s3.amazonaws.com/company_logos_webp/PDSL.webp,t,2.95 x
76944213-0a76-4d52-ba2b-2dd4446e8aaf,17875,GODREJPROP,Godrej Properties Limited,NSE,INE484J01027,NSE_EQ,63668.98,t,2026-08-11 11:53:07.549834+05:30,2026-08-13 10:18:23.401261+05:30,https://dhanarthi-stockguru.s3.amazonaws.com/company_logos_webp/GODREJPROP.webp,t,3.91 x
76c410af-6d6b-42c3-af5d-46ac66bec618,24403,ASHIANA,Ashiana Housing Limited,NSE,INE365D01021,NSE_EQ,3066.77,t,2026-08-11 11:53:08.133117+05:30,2026-08-13 10:18:23.401261+05:30,https://dhanarthi-stockguru.s3.amazonaws.com/company_logos_webp/ASHIANA.webp,t,2.5 x
76c74ec8-f489-4dce-9df9-d7d0c400430e,15399,EIHAHOTELS,EIH Associated Hotels Limited,NSE,INE276C01014,NSE_EQ,2318.13,t,2026-08-11 11:53:07.468569+05:30,2026-08-13 10:18:23.401261+05:30,,t,2.5 x
76e1a646-4e6d-4012-a25e-6db10c27e58e,8937,E2E,E2E Networks Limited,NSE,INE255Z01027,NSE_EQ,5239.78,t,2026-08-11 11:53:07.466597+05:30,2026-08-13 10:18:23.401261+05:30,https://dhanarthi-stockguru.s3.amazonaws.com/company_logos_webp/E2E.webp,f,
76fe265f-f149-48f4-aed9-3b47124a5541,14385,POCL,Pondy Oxides & Chemicals Limited,NSE,INE063E01061,NSE_EQ,3578.96,t,2026-08-11 11:53:07.88335+05:30,2026-08-13 10:18:23.401261+05:30,https://dhanarthi-stockguru.s3.amazonaws.com/company_logos_webp/POCL.webp,t,2.5 x
770992ea-f174-440a-9de8-a36df473caa8,1289,GFLLIMITED,GFL Limited,NSE,INE538A01037,NSE_EQ,680.68,t,2026-08-11 11:53:07.533088+05:30,2026-08-13 10:18:23.401261+05:30,https://dhanarthi-stockguru.s3.amazonaws.com/company_logos_webp/GFLLIMITED.webp,f,
778e4393-38cf-497b-842c-cb9944bea62f,6082,DYNAMIC,DYNAMIC,NSE,INE0DZ701010,NSE_EQ,173.98,t,2026-08-11 11:53:09.333826+05:30,2026-08-13 10:18:23.401261+05:30,https://dhanarthi-stockguru.s3.amazonaws.com/company_logos_webp/DYNAMIC.webp,f,
77a30509-0a6d-4925-bb5c-e67fd95f2b91,13290,BLKASHYAP,B. L. Kashyap and Sons Limited,NSE,INE350H01032,NSE_EQ,1396.76,t,2026-08-11 11:53:07.372137+05:30,2026-08-13 10:18:23.401261+05:30,https://dhanarthi-stockguru.s3.amazonaws.com/company_logos_webp/BLKASHYAP.webp,t,1.12 x
77d391e5-b013-4c8b-bb7f-d336c80ebb13,13776,GESHIP,The Great Eastern Shipping Company Limited,NSE,INE017A01032,NSE_EQ,14730.55,t,2026-08-11 11:53:07.533088+05:30,2026-08-13 10:18:23.401261+05:30,https://dhanarthi-stockguru.s3.amazonaws.com/company_logos_webp/GESHIP.webp,t,3.09 x
b7756378-b50c-4ab2-bc8f-a014dae0af34,759141,TECHD,TECHD,NSE,"",NSE_EQ,494.91,t,2026-08-11 11:53:09.233275+05:30,2026-08-11 11:53:09.233275+05:30,,f,
0bee700b-327d-4819-a949-2fa0f7a39f36,28044,PURPLEUTED,PURPLEUTED,NSE,INE0P5R01014,NSE_EQ,422.25,t,2026-08-11 11:53:09.249972+05:30,2026-08-13 10:18:23.054106+05:30,,f,
167ce444-c01b-46f7-afae-1a1024839697,756966,PATILAUTOM,PATILAUTOM,NSE,INE17GV01016,NSE_EQ,430.69,t,2026-08-11 11:53:09.233275+05:30,2026-08-13 10:18:23.086052+05:30,,f,
1959e21a-a0e7-4b71-a943-dac280cd11d3,25408,PELATRO,PELATRO,NSE,INE0VG601013,NSE_EQ,404.37,t,2026-08-11 11:53:09.249972+05:30,2026-08-13 10:18:23.101677+05:30,,f,
1f331afe-ef6f-4215-80ad-a6f2a40d6126,29151,SATKARTAR,SATKARTAR,NSE,INE0NB801022,NSE_EQ,269.12,t,2026-08-11 11:53:09.266611+05:30,2026-08-13 10:18:23.117308+05:30,,f,
2a4ba580-496a-48ed-b279-925cad7d65a9,23565,RBS,RBS,NSE,INE0RJH01010,NSE_EQ,273.26,t,2026-08-11 11:53:09.266611+05:30,2026-08-13 10:18:23.148557+05:30,,f,
309adf55-2c73-40bd-8a29-2891192f06e1,758178,NIKITA,NIKITA,NSE,INE0FLF01015,NSE_EQ,294.77,t,2026-08-11 11:53:09.25798+05:30,2026-08-13 10:18:23.180302+05:30,,f,
35d15acc-9a39-40bc-87d4-5bbdaa4ac534,758156,CUDML,CUDML,NSE,INE0WL201014,NSE_EQ,259.75,t,2026-08-11 11:53:09.280147+05:30,2026-08-13 10:18:23.195926+05:30,,f,
405cab66-55a8-4c61-979e-b71d46ea6f8f,757602,INFLUX,INFLUX,NSE,INE0MYZ01012,NSE_EQ,426.14,t,2026-08-11 11:53:09.248901+05:30,2026-08-13 10:18:23.22717+05:30,,f,
6c6ee336-1a6d-44a0-bd97-a947b7757193,28983,ANYA,ANYA,NSE,INE0SI601032,NSE_EQ,288.68,t,2026-08-11 11:53:09.25798+05:30,2026-08-13 10:18:23.370006+05:30,,f,
74cb4acd-584d-4395-99f8-4c8ad7eca7c0,758346,EEPL,EEPL,NSE,INE11HF01010,NSE_EQ,256.22,t,2026-08-11 11:53:09.283727+05:30,2026-08-13 10:18:23.401261+05:30,,f,
77e46117-7c8e-4587-a64f-42b0eaf0bf4a,25065,AERON,AERON,NSE,INE0WL801011,NSE_EQ,188.05,t,2026-08-11 11:53:09.316798+05:30,2026-08-13 10:18:23.401261+05:30,https://dhanarthi-stockguru.s3.amazonaws.com/company_logos_webp/AERON.webp,f,
77f18fcc-43a7-46e2-b92d-95c9490b3151,916,EIDPARRY,EID Parry India Limited,NSE,INE126A01031,NSE_EQ,19278.49,t,2026-08-11 11:53:07.468569+05:30,2026-08-13 10:18:23.401261+05:30,,t,3.33 x
77fe6154-e90a-4f70-9c56-14db3569c17f,13175,NITINSPIN,Nitin Spinners Limited,NSE,INE229H01012,NSE_EQ,1920.04,t,2026-08-11 11:53:07.749853+05:30,2026-08-13 10:18:23.401261+05:30,https://dhanarthi-stockguru.s3.amazonaws.com/company_logos_webp/NITINSPIN.webp,t,2.5 x
78118317-ff4f-47d3-9078-73ffe6e101d7,19025,KIRLOSIND,Kirloskar Industries Limited,NSE,INE250A01039,NSE_EQ,4007.13,t,2026-08-11 11:53:08.639972+05:30,2026-08-13 10:18:23.401261+05:30,https://dhanarthi-stockguru.s3.amazonaws.com/company_logos_webp/KIRLOSIND.webp,t,2.5 x
7816c343-766e-47ae-9030-e8113b79f595,13565,RAMANEWS,Shree Rama Newsprint Limited,NSE,INE278B01020,NSE_EQ,462.9,t,2026-08-11 11:53:09.05507+05:30,2026-08-13 10:18:23.401261+05:30,,f,
782ab961-6485-4d27-a364-018c06554b74,4626,AILIMITED,AILIMITED,NSE,INE0CAJ01017,NSE_EQ,28.49,t,2026-08-11 11:53:09.533354+05:30,2026-08-13 10:18:23.401261+05:30,https://dhanarthi-stockguru.s3.amazonaws.com/company_logos_webp/AILIMITED.webp,f,
0ca844e6-f961-413a-8658-94bf1deb1733,760321,ENCOMPAS,ENCOMPAS,NSE,"",NSE_EQ,294.8,t,2026-08-11 11:53:09.25798+05:30,2026-08-11 11:53:09.25798+05:30,,f,
7845f53e-b435-4cbe-bacf-413f217d5471,15129,RGL,Renaissance Global Limited,NSE,INE722H01024,NSE_EQ,1313.8,t,2026-08-11 11:53:09.083277+05:30,2026-08-13 10:18:23.401261+05:30,https://dhanarthi-stockguru.s3.amazonaws.com/company_logos_webp/RGL.webp,t,2.5 x
3ccd7c60-d4c2-4782-b9b7-7d17aeff4fba,23888,GSMFOILS,GSMFOILS,NSE,"",NSE_EQ,289.99,t,2026-08-11 11:53:09.25798+05:30,2026-08-11 11:53:09.25798+05:30,,f,
7861f2f7-3dbf-4b40-914a-97a56fb550f9,762961,ULTRAMAR,Ultramarine & Pigments Limited,NSE,INE405A01021,NSE_EQ,,t,2026-08-11 11:53:08.823566+05:30,2026-08-13 10:18:23.401261+05:30,,f,
f659a443-4086-4dda-a3df-60c009dec409,761213,SHYAMDHANI,SHYAMDHANI,NSE,"",NSE_EQ,281.28,t,2026-08-11 11:53:09.25798+05:30,2026-08-11 11:53:09.25798+05:30,,f,
18ad6165-139f-4022-9c3b-27f825293325,759964,ECOLINE,ECOLINE,NSE,"",NSE_EQ,278.53,t,2026-08-11 11:53:09.266611+05:30,2026-08-11 11:53:09.266611+05:30,,f,
2f534688-e600-4391-9cea-ad6f4bcf785a,760143,CSSL,CSSL,NSE,"",NSE_EQ,276.73,t,2026-08-11 11:53:09.266611+05:30,2026-08-11 11:53:09.266611+05:30,,f,
e4a7af6e-7c86-4ebb-8fae-8d7ab0b1fcb8,758964,CURRENT,CURRENT,NSE,"",NSE_EQ,276.66,t,2026-08-11 11:53:09.266611+05:30,2026-08-11 11:53:09.266611+05:30,,f,
48818146-3cf2-4b8d-af2f-f213bc5ecff7,759416,MUNISH,MUNISH,NSE,"",NSE_EQ,275.88,t,2026-08-11 11:53:09.266611+05:30,2026-08-11 11:53:09.266611+05:30,,f,
786d35d5-dca6-425d-a51e-a668b4eda51e,25608,INDOTHAI,Indo Thai Securities Limited,NSE,INE337M01021,NSE_EQ,3404.92,t,2026-08-11 11:53:08.433272+05:30,2026-08-13 10:18:23.401261+05:30,https://dhanarthi-stockguru.s3.amazonaws.com/company_logos_webp/INDOTHAI.webp,f,
789fdd2c-c086-4c57-98d7-cc69368a4bcf,22284,TIRUPATIFL,Tirupati Forge Limited,NSE,INE319Y01024,NSE_EQ,453.52,t,2026-08-11 11:53:08.666851+05:30,2026-08-13 10:18:23.401261+05:30,https://dhanarthi-stockguru.s3.amazonaws.com/company_logos_webp/TIRUPATIFL.webp,f,
78a6fa88-0c08-48be-af7b-22c7835bedfe,1797,AWHCL,Antony Waste Handling Cell Limited,NSE,INE01BK01022,NSE_EQ,1564.97,t,2026-08-11 11:53:08.152119+05:30,2026-08-13 10:18:23.416884+05:30,https://dhanarthi-stockguru.s3.amazonaws.com/company_logos_webp/AWHCL.webp,t,2.77 x
94f9d150-ad2d-40d4-899f-642dd584fd98,29875,HPTL,HPTL,NSE,INE0VA601019,NSE_EQ,290.94,t,2026-08-11 11:53:09.25798+05:30,2026-08-13 10:18:23.515881+05:30,,f,
c4a873b7-0a99-4e2a-a6c2-119ddfaa69f1,759776,FINBUD,FINBUD,NSE,"",NSE_EQ,267.45,t,2026-08-11 11:53:09.266611+05:30,2026-08-11 11:53:09.266611+05:30,,f,
669c8b68-0c7f-42c5-bb6f-7e3c7a7802e9,756338,TANKUP,TANKUP,NSE,"",NSE_EQ,259.11,t,2026-08-11 11:53:09.283727+05:30,2026-08-11 11:53:09.283727+05:30,,f,
7d023619-22c5-4659-8158-dae228ccbc86,759420,BAGDIGITAL,BAGDIGITAL,NSE,"",NSE_EQ,255.77,t,2026-08-11 11:53:09.286267+05:30,2026-08-11 11:53:09.286267+05:30,,f,
dc26815c-63a4-4aac-9852-36862ee0f617,759756,TAURIAN,TAURIAN,NSE,"",NSE_EQ,252.92,t,2026-08-11 11:53:09.286776+05:30,2026-08-11 11:53:09.286776+05:30,,f,
0fd67db9-fcc4-44f6-8e8b-db6b01fe2785,758444,SAWALIYA,SAWALIYA,NSE,INE10VS01016,NSE_EQ,249.86,t,2026-08-11 11:53:09.286776+05:30,2026-08-13 10:18:23.070417+05:30,,f,
c3d5fd74-62c8-4d26-ae1e-5c2dfce295d4,760422,EXIMROUTES,EXIMROUTES,NSE,"",NSE_EQ,249.54,t,2026-08-11 11:53:09.286776+05:30,2026-08-11 11:53:09.286776+05:30,,f,
60636822-a0ab-4fab-9337-1d9307803661,759805,SHETHJI,SHETHJI,NSE,"",NSE_EQ,248.71,t,2026-08-11 11:53:09.286776+05:30,2026-08-11 11:53:09.286776+05:30,,f,
407b458b-96f2-45f8-a3a9-c47d31720ca7,29176,BARFLEX,BARFLEX,NSE,INE0QX401014,NSE_EQ,185.13,t,2026-08-11 11:53:09.316798+05:30,2026-08-13 10:18:23.22717+05:30,,f,
a4623117-31f0-411b-85ab-5ae8025b32e9,758744,SHIVASHRIT,SHIVASHRIT,NSE,"",NSE_EQ,242.32,t,2026-08-11 11:53:09.286776+05:30,2026-08-11 11:53:09.286776+05:30,,f,
4fe0c886-fb53-4979-83db-854f9984cb48,757622,SMARTEN,SMARTEN,NSE,INE14GK01016,NSE_EQ,177.74,t,2026-08-11 11:53:09.329823+05:30,2026-08-13 10:18:23.276258+05:30,,f,
51707964-ac08-48b9-a9c7-1984e8788963,760492,DHARARAIL,DHARARAIL,NSE,"",NSE_EQ,237.57,t,2026-08-11 11:53:09.286776+05:30,2026-08-11 11:53:09.286776+05:30,,f,
5651ca01-620f-4ab1-9441-18915cf5606c,8735,PROPEQUITY,PROPEQUITY,NSE,INE0KN801013,NSE_EQ,204.07,t,2026-08-11 11:53:09.307924+05:30,2026-08-13 10:18:23.29187+05:30,,f,
5c1b5678-1517-4ec8-8335-eb974da4df34,24864,POSITRON,POSITRON,NSE,INE0S3H01017,NSE_EQ,229.15,t,2026-08-11 11:53:09.286776+05:30,2026-08-13 10:18:23.323135+05:30,,f,
a4c43dde-2dd0-4019-9f0d-80833041f611,760331,FWSTC,FWSTC,NSE,"",NSE_EQ,231.35,t,2026-08-11 11:53:09.286776+05:30,2026-08-11 11:53:09.286776+05:30,,f,
6b1f3330-8cb9-4c85-99ee-84c81b5407d1,24917,FORCAS,FORCAS,NSE,INE0U2501017,NSE_EQ,200.67,t,2026-08-11 11:53:09.307924+05:30,2026-08-13 10:18:23.370006+05:30,,f,
78be91bb-c25f-4b1e-8e76-dfd75df029a2,8146,DEVIT,Dev Information Technology Limited,NSE,INE060X01034,NSE_EQ,237.23,t,2026-08-11 11:53:07.435203+05:30,2026-08-13 10:18:23.416884+05:30,,f,
78cefd91-e99b-4b5c-871a-f400562dcb0c,760,CGPOWER,CG Power and Industrial Solutions Limited,NSE,INE067A01029,NSE_EQ,109459.4,t,2026-08-11 11:53:07.399737+05:30,2026-08-13 10:18:23.416884+05:30,https://dhanarthi-stockguru.s3.amazonaws.com/company_logos_webp/CGPOWER.webp,t,4.06 x
78d5e302-1a44-4f1f-b6bf-51a1467cb5cf,919,EIHOTEL,EIH Limited,NSE,INE230A01023,NSE_EQ,23933.78,t,2026-08-11 11:53:07.468569+05:30,2026-08-13 10:18:23.416884+05:30,https://dhanarthi-stockguru.s3.amazonaws.com/company_logos_webp/EIHOTEL.webp,t,3.26 x
78ece5aa-bc07-4fe0-90fc-671cad4ff44f,762528,ABMKNO,ABM Knowledgeware Limited,NSE,INE850B01026,NSE_EQ,,t,2026-08-11 11:53:08.065206+05:30,2026-08-13 10:18:23.416884+05:30,,f,
78fcb061-43cc-417d-8eba-177a6d8c4663,445,5PAISA,5Paisa Capital Limited,NSE,INE618L01018,NSE_EQ,1093.88,t,2026-08-11 11:53:08.033343+05:30,2026-08-13 10:18:23.416884+05:30,https://dhanarthi-stockguru.s3.amazonaws.com/company_logos_webp/5PAISA.webp,t,2 x
791f78b2-7f9b-4769-9825-7894effb88f1,19752,SHANTHALA,SHANTHALA,NSE,INE0Q9Q01017,NSE_EQ,22.33,t,2026-08-11 11:53:09.550065+05:30,2026-08-13 10:18:23.416884+05:30,https://dhanarthi-stockguru.s3.amazonaws.com/company_logos_webp/SHANTHALA.webp,f,
7937bee4-0892-44dd-9d1b-25547e7e9489,24225,RELAXO,Relaxo Footwears Limited,NSE,INE131B01039,NSE_EQ,11144.87,t,2026-08-11 11:53:07.926341+05:30,2026-08-13 10:18:23.416884+05:30,https://dhanarthi-stockguru.s3.amazonaws.com/company_logos_webp/RELAXO.webp,t,2.8 x
7960de6c-88e7-4c37-b15c-91576c36cb53,25651,THESL,THESL,NSE,INE0SHE01019,NSE_EQ,39.83,t,2026-08-11 11:53:09.516964+05:30,2026-08-13 10:18:23.416884+05:30,https://dhanarthi-stockguru.s3.amazonaws.com/company_logos_webp/THESL.webp,f,
7965d089-bf98-4831-b9b2-1699e478970f,20302,PRESTIGE,Prestige Estates Projects Limited,NSE,INE811K01011,NSE_EQ,70859.12,t,2026-08-11 11:53:07.899672+05:30,2026-08-13 10:18:23.416884+05:30,https://dhanarthi-stockguru.s3.amazonaws.com/company_logos_webp/PRESTIGE.webp,t,3.95 x
79795307-ea2b-4a40-9ffb-795708938d05,6705,PAYTM,One 97 Communications Limited,NSE,INE982J01020,NSE_EQ,76862.92,t,2026-08-11 11:53:07.854273+05:30,2026-08-13 10:18:23.416884+05:30,https://dhanarthi-stockguru.s3.amazonaws.com/company_logos_webp/PAYTM.webp,t,3.59 x
411bb87a-e652-4cc4-abe1-d6adbde05d96,29658,VOLERCAR,VOLERCAR,NSE,"",NSE_EQ,214.54,t,2026-08-11 11:53:09.307924+05:30,2026-08-11 11:53:09.307924+05:30,,f,
af01871b-6149-4434-a609-5b6625ca6477,760418,ASHWINI,ASHWINI,NSE,"",NSE_EQ,206.19,t,2026-08-11 11:53:09.307924+05:30,2026-08-11 11:53:09.307924+05:30,,f,
798ac1c7-b249-4eb1-b5c3-1841325efa32,1756,JINDALPOLY,Jindal Poly Films Limited,NSE,INE197D01010,NSE_EQ,2436.18,t,2026-08-11 11:53:08.516446+05:30,2026-08-13 10:18:23.416884+05:30,https://dhanarthi-stockguru.s3.amazonaws.com/company_logos_webp/JINDALPOLY.webp,t,2.71 x
acb431b1-691a-423f-afc3-80a2586ff52d,758903,OPTIVALUE,OPTIVALUE,NSE,"",NSE_EQ,205.04,t,2026-08-11 11:53:09.307924+05:30,2026-08-11 11:53:09.307924+05:30,,f,
799bb6ff-039e-44f1-b9d7-ecec8d4a2f6f,22277,WORTHPERI,Worth Peripherals Limited,NSE,INE196Y01018,NSE_EQ,238.06,t,2026-08-11 11:53:09.183625+05:30,2026-08-13 10:18:23.416884+05:30,,f,
79a3a581-74c0-43cd-847c-72b885726038,756020,TINNARUBR,Tinna Rubber and Infrastructure Limited,NSE,INE015C01016,NSE_EQ,1582.24,t,2026-08-11 11:53:08.666851+05:30,2026-08-13 10:18:23.416884+05:30,,t,2.5 x
79dc88f6-77d9-4461-92bf-1ccc82386178,14263,AGARWALFT,AGARWALFT,NSE,INE0MLA01012,NSE_EQ,40.4,t,2026-08-11 11:53:09.516964+05:30,2026-08-13 10:18:23.416884+05:30,https://dhanarthi-stockguru.s3.amazonaws.com/company_logos_webp/AGARWALFT.webp,f,
79f75a24-7a3f-4b8d-8eab-19b2f49b27e9,4749,CONCOR,Container Corporation of India Limited,NSE,INE111A01025,NSE_EQ,41502.8,t,2026-08-11 11:53:07.417448+05:30,2026-08-13 10:18:23.416884+05:30,https://dhanarthi-stockguru.s3.amazonaws.com/company_logos_webp/CONCOR.webp,t,4.35 x
7a5950ec-dd5c-4abf-aae6-f7cd3b22adc1,495,BLUEDART,Blue Dart Express Limited,NSE,INE233B01017,NSE_EQ,14035.39,t,2026-08-11 11:53:07.384171+05:30,2026-08-13 10:18:23.416884+05:30,https://dhanarthi-stockguru.s3.amazonaws.com/company_logos_webp/BLUEDART.webp,t,3.44 x
7a61db70-0d55-4535-bec3-ee6bd2038d96,19267,EFACTOR,EFACTOR,NSE,INE0KFF01017,NSE_EQ,359.71,t,2026-08-11 11:53:08.566457+05:30,2026-08-13 10:18:23.416884+05:30,https://dhanarthi-stockguru.s3.amazonaws.com/company_logos_webp/EFACTOR.webp,f,
7a63dadd-2731-4ef0-a0c2-fb09b680f790,30089,ORIENTCEM,Orient Cement Limited,NSE,INE876N01018,NSE_EQ,4358.09,t,2026-08-11 11:53:07.81617+05:30,2026-08-13 10:18:23.416884+05:30,https://dhanarthi-stockguru.s3.amazonaws.com/company_logos_webp/ORIENTCEM.webp,t,2.5 x
8361c5a5-7a1d-47a7-8756-b424cd818831,22468,ADDICTIVE,ADDICTIVE,NSE,INE0RDH01021,NSE_EQ,220.98,t,2026-08-11 11:53:09.300416+05:30,2026-08-13 10:18:23.43774+05:30,,f,
10ec6f8c-5790-4d29-91c6-797031b4b1d9,759075,PRIMECAB,PRIMECAB,NSE,"",NSE_EQ,174.18,t,2026-08-11 11:53:09.333826+05:30,2026-08-11 11:53:09.333826+05:30,,f,
48b56223-3afd-428a-93be-731a7dcb738f,757806,PROFX,PROFX,NSE,INE0VJT01017,NSE_EQ,166.36,t,2026-08-11 11:53:09.333826+05:30,2026-08-13 10:18:23.244995+05:30,,f,
5302b9a2-ad94-43fc-b234-68ec1659d720,758868,KAYTEX,KAYTEX,NSE,INE13ZD01013,NSE_EQ,142.06,t,2026-08-11 11:53:09.367101+05:30,2026-08-13 10:18:23.29187+05:30,,f,
5c01ad93-4132-4ece-8cba-30e588250d13,23417,TRUST,TRUST,NSE,INE0SWN01019,NSE_EQ,136.65,t,2026-08-11 11:53:09.367101+05:30,2026-08-13 10:18:23.323135+05:30,,f,
6fcc81c4-5fdb-45c7-83e6-371c49466cfe,758228,BHADORA,BHADORA,NSE,INE0ZRC01017,NSE_EQ,169.2,t,2026-08-11 11:53:09.333826+05:30,2026-08-13 10:18:23.385621+05:30,,f,
7a6ae264-76be-4e80-8a10-44740b52d924,1100,GARFIBRES,Garware Technical Fibres Limited,NSE,INE276A01018,NSE_EQ,7780.36,t,2026-08-11 11:53:07.516067+05:30,2026-08-13 10:18:23.416884+05:30,https://dhanarthi-stockguru.s3.amazonaws.com/company_logos_webp/GARFIBRES.webp,t,3.02 x
7a8c915d-13d1-4ab3-a8bc-3ee8a5e6be8c,9710,TOKYOPLAST,Tokyo Plast International Limited,NSE,INE932C01012,NSE_EQ,116.88,t,2026-08-11 11:53:08.703606+05:30,2026-08-13 10:18:23.416884+05:30,https://dhanarthi-stockguru.s3.amazonaws.com/company_logos_webp/TOKYOPLAST.webp,f,
7aff7f60-f870-484e-b122-173d0888be9c,13423,ELIN,Elin Electronics Limited,NSE,INE050401020,NSE_EQ,941.81,t,2026-08-11 11:53:07.477425+05:30,2026-08-13 10:18:23.416884+05:30,https://dhanarthi-stockguru.s3.amazonaws.com/company_logos_webp/ELIN.webp,t,2 x
bb06fd72-b6b5-47fa-a5d0-4e937125deb7,760931,NEOCHEM,NEOCHEM,NSE,"",NSE_EQ,168.72,t,2026-08-11 11:53:09.333826+05:30,2026-08-11 11:53:09.333826+05:30,,f,
7b0d99d9-096c-4467-b988-8a114636dba2,25718,POLYMED,Poly Medicure Limited,NSE,INE205C01021,NSE_EQ,19948.66,t,2026-08-11 11:53:09.033437+05:30,2026-08-13 10:18:23.416884+05:30,https://dhanarthi-stockguru.s3.amazonaws.com/company_logos_webp/POLYMED.webp,t,2.82 x
7b0f3fcf-2142-4926-a671-52f9a76cd44c,11271,DREDGECORP,Dredging Corporation of India Limited,NSE,INE506A01018,NSE_EQ,2065.33,t,2026-08-11 11:53:08.2846+05:30,2026-08-13 10:18:23.416884+05:30,https://dhanarthi-stockguru.s3.amazonaws.com/company_logos_webp/DREDGECORP.webp,t,2.4 x
7bb42cbb-1964-4f3f-8a58-ccafcc4bea0e,11903,IPSL,IPSL,NSE,INE02EE01019,NSE_EQ,269.55,t,2026-08-11 11:53:09.266611+05:30,2026-08-13 10:18:23.416884+05:30,https://dhanarthi-stockguru.s3.amazonaws.com/company_logos_webp/IPSL.webp,f,
7bd0561c-05c3-4fdf-b27a-7ada84d6b71a,24948,LTF,L&T Finance Limited,NSE,INE498L01015,NSE_EQ,63048.52,t,2026-08-11 11:53:08.804555+05:30,2026-08-13 10:18:23.416884+05:30,https://dhanarthi-stockguru.s3.amazonaws.com/company_logos_webp/LTF.webp,t,4.07 x
7bd71faa-0ce6-446e-9d9f-b93ebc3d4881,15244,KAVDEFENCE,Kavveri Defence & Wireless Technologies Limited,NSE,INE641C01019,NSE_EQ,215.18,t,2026-08-11 11:53:08.599841+05:30,2026-08-13 10:18:23.416884+05:30,,f,
7c2fa3c6-c458-46af-903d-6e99f6c97f26,1162,GTL,GTL Limited,NSE,INE043A01012,NSE_EQ,144.05,t,2026-08-11 11:53:07.549834+05:30,2026-08-13 10:18:23.416884+05:30,https://dhanarthi-stockguru.s3.amazonaws.com/company_logos_webp/GTL.webp,f,
7c30bdfa-b40d-43f1-ab4b-4ddab175731c,18741,GRETEX,GRETEX,NSE,INE985P01012,NSE_EQ,313.42,t,2026-08-11 11:53:08.866736+05:30,2026-08-13 10:18:23.416884+05:30,https://dhanarthi-stockguru.s3.amazonaws.com/company_logos_webp/GRETEX.webp,f,
7c327190-05ad-4b4d-9a51-410acbaebd8b,25092,ASAHISONG,Asahi Songwon Colors Limited,NSE,INE228I01012,NSE_EQ,362.87,t,2026-08-11 11:53:08.133117+05:30,2026-08-13 10:18:23.416884+05:30,https://dhanarthi-stockguru.s3.amazonaws.com/company_logos_webp/ASAHISONG.webp,f,
7c4c733b-feb4-43ed-b83d-92d06b30c134,11868,63MOONS,63 moons technologies limited,NSE,INE111B01023,NSE_EQ,4050.73,t,2026-08-11 11:53:08.033343+05:30,2026-08-13 10:18:23.42701+05:30,https://dhanarthi-stockguru.s3.amazonaws.com/company_logos_webp/63MOONS.webp,t,2 x
7c4e9b03-3ce3-46dc-b873-c7d246d5ce74,3018,SAURASHCEM,Saurashtra Cement Limited,NSE,INE626A01014,NSE_EQ,937.67,t,2026-08-11 11:53:07.986943+05:30,2026-08-13 10:18:23.42701+05:30,https://dhanarthi-stockguru.s3.amazonaws.com/company_logos_webp/SAURASHCEM.webp,t,1 x
7c56565b-c2dd-4e5b-88c8-d662ad4fc6cc,11169,COFFEEDAY,Coffee Day Enterprises Limited,NSE,INE335K01011,NSE_EQ,827.66,t,2026-08-11 11:53:08.224447+05:30,2026-08-13 10:18:23.428002+05:30,https://dhanarthi-stockguru.s3.amazonaws.com/company_logos_webp/COFFEEDAY.webp,f,
50b721db-c2c5-4cfb-9e3c-4c8c56855a73,759410,SHEEL,SHEEL,NSE,"",NSE_EQ,157.82,t,2026-08-11 11:53:09.350167+05:30,2026-08-11 11:53:09.350167+05:30,,f,
7c651c3e-ae56-4bf0-8b29-0806a66e6171,8608,SWARAJ,SWARAJ,NSE,INE0GMR01016,NSE_EQ,445.23,t,2026-08-11 11:53:09.233275+05:30,2026-08-13 10:18:23.428002+05:30,https://dhanarthi-stockguru.s3.amazonaws.com/company_logos_webp/SWARAJ.webp,f,
7c6bf765-d894-4cc2-be90-aece427f9571,5313,UGROCAP,Ugro Capital Limited,NSE,INE583D01011,NSE_EQ,2050.47,t,2026-08-11 11:53:08.783106+05:30,2026-08-13 10:18:23.428002+05:30,https://dhanarthi-stockguru.s3.amazonaws.com/company_logos_webp/UGROCAP.webp,t,2.5 x
9d252dc8-5eb2-484c-b7c2-9475778186e4,758736,CLASSICEIL,CLASSICEIL,NSE,"",NSE_EQ,154.93,t,2026-08-11 11:53:09.357677+05:30,2026-08-11 11:53:09.357677+05:30,,f,
f6a52e06-5974-4686-ad6c-f4d0695d7be2,758960,SATTVAENGG,SATTVAENGG,NSE,"",NSE_EQ,146.81,t,2026-08-11 11:53:09.365224+05:30,2026-08-11 11:53:09.365224+05:30,,f,
94e86f3c-0224-4bd5-b481-8e4fa693402a,24274,VISAMAN,VISAMAN,NSE,"",NSE_EQ,143.9,t,2026-08-11 11:53:09.367101+05:30,2026-08-11 11:53:09.367101+05:30,,f,
4d7593bb-383a-4f5b-857d-f3734b77b5cc,759945,MGSL,MGSL,NSE,"",NSE_EQ,141.28,t,2026-08-11 11:53:09.367101+05:30,2026-08-11 11:53:09.367101+05:30,,f,
793ada88-e5af-4d9d-8636-598ae2538182,761217,EPWINDIA,EPWINDIA,NSE,"",NSE_EQ,135.98,t,2026-08-11 11:53:09.367101+05:30,2026-08-11 11:53:09.367101+05:30,,f,
ba906710-a922-44bc-900e-76de79489bdc,758688,MRIL,MRIL,NSE,"",NSE_EQ,135.75,t,2026-08-11 11:53:09.367101+05:30,2026-08-11 11:53:09.367101+05:30,,f,
08dc1b91-0474-45ee-ae16-9368847affcd,29192,KKJEWELS,KKJEWELS,NSE,INE0XOW01017,NSE_EQ,102.92,t,2026-08-11 11:53:09.420072+05:30,2026-08-13 10:18:23.054106+05:30,,f,
1028ccb8-8542-4f26-a45a-a52e32d72c93,758221,JYOTIGLOBL,JYOTIGLOBL,NSE,INE1M3T01017,NSE_EQ,111.71,t,2026-08-11 11:53:09.402111+05:30,2026-08-13 10:18:23.070417+05:30,,f,
2297bd7a-8b16-4b3e-a272-7e383d1435f0,757813,MMEL,MMEL,NSE,INE0XM301010,NSE_EQ,120.59,t,2026-08-11 11:53:09.392936+05:30,2026-08-13 10:18:23.132931+05:30,,f,
ba2d93a3-b206-4bec-918f-29a14961c434,759159,JAYESH,JAYESH,NSE,"",NSE_EQ,128.88,t,2026-08-11 11:53:09.383428+05:30,2026-08-11 11:53:09.383428+05:30,,f,
29d7aca3-987a-42c5-b365-2157f668346a,756405,ATCENERGY,ATCENERGY,NSE,INE0V0Q01019,NSE_EQ,115.09,t,2026-08-11 11:53:09.402111+05:30,2026-08-13 10:18:23.148557+05:30,,f,
4c9873ab-8510-49bb-9cf7-42fd8a7a2b08,24950,IDEALTECHO,IDEALTECHO,NSE,INE0T9I01011,NSE_EQ,96.74,t,2026-08-11 11:53:09.421327+05:30,2026-08-13 10:18:23.260619+05:30,,f,
64fa103b-03fd-4d32-96b7-3a033680625c,27266,ITTL,ITTL,NSE,INE070Y01023,NSE_EQ,109.17,t,2026-08-11 11:53:09.402111+05:30,2026-08-13 10:18:23.338747+05:30,,f,
669979bc-8443-45be-863c-8c2b861354d9,757579,AAKAAR,AAKAAR,NSE,INE1GYP01013,NSE_EQ,117.13,t,2026-08-11 11:53:09.401513+05:30,2026-08-13 10:18:23.354384+05:30,,f,
8188d8d0-b29d-4aaa-8ee6-9d616adde78a,760138,SPEB,SPEB,NSE,"",NSE_EQ,124.58,t,2026-08-11 11:53:09.383428+05:30,2026-08-11 11:53:09.383428+05:30,,f,
6dd297e4-6bc1-4e43-899d-a0160ac0a90f,29092,DELTIC,DELTIC,NSE,INE0XRN01019,NSE_EQ,95.1,t,2026-08-11 11:53:09.433391+05:30,2026-08-13 10:18:23.370006+05:30,,f,
7c702a8c-6300-4aa2-8c34-70530acff1a2,29561,READYMIX,READYMIX,NSE,INE10QL01011,NSE_EQ,143.8,t,2026-08-11 11:53:09.367101+05:30,2026-08-13 10:18:23.428002+05:30,,f,
7c83ae5e-ac0e-4864-b8ac-0c7809488e24,759358,SYSTMTXC,Systematix Corporate Services Limited,NSE,INE356B01024,NSE_EQ,2150.52,t,2026-08-11 11:53:08.549767+05:30,2026-08-13 10:18:23.428002+05:30,,f,
7c942b7a-de93-4d31-a5a0-2d6c0dcc77ca,20534,GRAVITA,Gravita India Limited,NSE,INE024L01027,NSE_EQ,12785.5,t,2026-08-11 11:53:08.966518+05:30,2026-08-13 10:18:23.429+05:30,https://dhanarthi-stockguru.s3.amazonaws.com/company_logos_webp/GRAVITA.webp,t,2.86 x
7c9ade64-fa77-4bf6-9bd5-d4472f1b4483,20830,MOIL,MOIL Limited,NSE,INE490G01020,NSE_EQ,7198.95,t,2026-08-11 11:53:08.999929+05:30,2026-08-13 10:18:23.429+05:30,https://dhanarthi-stockguru.s3.amazonaws.com/company_logos_webp/MOIL.webp,t,2.96 x
7cd491eb-6216-47d2-a820-da1998ace090,1486,REPL,Rudrabhishek Enterprises Limited,NSE,INE364Z01019,NSE_EQ,269.6,t,2026-08-11 11:53:09.076099+05:30,2026-08-13 10:18:23.429999+05:30,https://dhanarthi-stockguru.s3.amazonaws.com/company_logos_webp/REPL.webp,f,
7cd6303a-1229-47ce-afbe-d8cfa216c964,245,ADL,Archidply Decor Limited,NSE,INE0CHO01012,NSE_EQ,47.28,t,2026-08-11 11:53:08.06671+05:30,2026-08-13 10:18:23.429999+05:30,https://dhanarthi-stockguru.s3.amazonaws.com/company_logos_webp/ADL.webp,f,
7ce74017-c235-4f51-a9c4-c0a9475bd9f8,1547,RKEC,RKEC Projects Limited,NSE,INE786W01010,NSE_EQ,165.85,t,2026-08-11 11:53:07.9329+05:30,2026-08-13 10:18:23.429999+05:30,https://dhanarthi-stockguru.s3.amazonaws.com/company_logos_webp/RKEC.webp,f,
7ceaac9c-6357-4cf9-a942-ea26bd028b42,1186,GLAND,Gland Pharma Limited,NSE,INE068V01023,NSE_EQ,31069.09,t,2026-08-11 11:53:07.533088+05:30,2026-08-13 10:18:23.431001+05:30,,t,3.24 x
7cedd09a-7b8c-4f49-adfe-63d8aac6455e,24353,NEPHROCARE,NEPHROCARE,NSE,INE0SUN01013,NSE_EQ,227.86,t,2026-08-11 11:53:09.286776+05:30,2026-08-13 10:18:23.431001+05:30,https://dhanarthi-stockguru.s3.amazonaws.com/company_logos_webp/NEPHROCARE.webp,f,
7d5d53dc-faac-4da8-939e-658c327395a3,2176,AKG,Akg Exim Limited,NSE,INE00Y801016,NSE_EQ,40.79,t,2026-08-11 11:53:08.086537+05:30,2026-08-13 10:18:23.431001+05:30,https://dhanarthi-stockguru.s3.amazonaws.com/company_logos_webp/AKG.webp,f,
7d7081c5-8adc-40ae-899d-cf8924a358c9,3148,SIDDHIKA,SIDDHIKA,NSE,INE0A1E01018,NSE_EQ,126.45,t,2026-08-11 11:53:09.383428+05:30,2026-08-13 10:18:23.431001+05:30,https://dhanarthi-stockguru.s3.amazonaws.com/company_logos_webp/SIDDHIKA.webp,f,
5f62dc5a-e399-477d-a2c1-0e01750e5674,760453,MARC,MARC,NSE,"",NSE_EQ,110.86,t,2026-08-11 11:53:09.402111+05:30,2026-08-11 11:53:09.402111+05:30,,f,
7d786550-5e57-4a0d-8907-30dfd8f03ba7,14180,NSLNISP,NMDC Steel Limited,NSE,INE0NNS01018,NSE_EQ,12248.42,t,2026-08-11 11:53:07.854273+05:30,2026-08-13 10:18:23.432+05:30,https://dhanarthi-stockguru.s3.amazonaws.com/company_logos_webp/NSLNISP.webp,t,2.97 x
7d980920-7fc8-49ae-aec6-2da98e85fadd,11872,GRANULES,Granules India Limited,NSE,INE101D01020,NSE_EQ,12804.91,t,2026-08-11 11:53:07.549834+05:30,2026-08-13 10:18:23.432+05:30,https://dhanarthi-stockguru.s3.amazonaws.com/company_logos_webp/GRANULES.webp,t,3.28 x
12b77a0d-0245-4a8f-9db2-4cc827ed7c25,760139,INVICTA,INVICTA,NSE,"",NSE_EQ,107.02,t,2026-08-11 11:53:09.402111+05:30,2026-08-11 11:53:09.402111+05:30,,f,
7dac244e-9b22-491d-b8db-95821e288f24,6848,GREENLAM,Greenlam Industries Limited,NSE,INE544R01021,NSE_EQ,6283.51,t,2026-08-11 11:53:08.370496+05:30,2026-08-13 10:18:23.432+05:30,https://dhanarthi-stockguru.s3.amazonaws.com/company_logos_webp/GREENLAM.webp,t,2 x
88d9cf7b-c0e6-48bd-831b-ac16e932275e,757766,SUNTECH,SUNTECH,NSE,INE0SGZ01016,NSE_EQ,120.03,t,2026-08-11 11:53:09.392936+05:30,2026-08-13 10:18:23.469007+05:30,,f,
be517e9d-9987-4e90-8df1-2ec1bbb9988d,758527,STUDIOLSD,STUDIOLSD,NSE,"",NSE_EQ,101.37,t,2026-08-11 11:53:09.421327+05:30,2026-08-11 11:53:09.421327+05:30,,f,
2a9ed120-a65f-4692-a4c7-f95f46845c25,759825,CURIS,CURIS,NSE,"",NSE_EQ,100.29,t,2026-08-11 11:53:09.421327+05:30,2026-08-11 11:53:09.421327+05:30,,f,
60b1d1c1-1a31-42c0-a2cf-3a2a36570403,758670,ARCIIL,ARCIIL,NSE,"",NSE_EQ,97.48,t,2026-08-11 11:53:09.421327+05:30,2026-08-11 11:53:09.421327+05:30,,f,
06be3eef-5447-4f1d-8ed9-bc84ca87dddb,757665,WHITEFORCE,WHITEFORCE,NSE,INE0TLP01015,NSE_EQ,87.11,t,2026-08-11 11:53:09.433391+05:30,2026-08-13 10:18:23.039598+05:30,,f,
08712083-b683-4a96-9d88-8d6eff7134c6,27284,ABHAPOWER,ABHAPOWER,NSE,INE0UYG01015,NSE_EQ,72.56,t,2026-08-11 11:53:09.46984+05:30,2026-08-13 10:18:23.054106+05:30,,f,
0c8ecd18-04ee-4abc-b172-4a385caf313e,24905,BRACEPORT,BRACEPORT,NSE,INE0R4Z01018,NSE_EQ,90.67,t,2026-08-11 11:53:09.433391+05:30,2026-08-13 10:18:23.054106+05:30,,f,
1e93fa3f-2cbf-4bee-8b47-94d3c959767e,27723,DHANLAXMI,DHANLAXMI,NSE,INE0V9V01010,NSE_EQ,66.47,t,2026-08-11 11:53:09.478253+05:30,2026-08-13 10:18:23.117308+05:30,,f,
2f7389d1-467a-47d2-9394-68802d7c9f72,27143,ONYX,ONYX,NSE,INE0WVU01018,NSE_EQ,78.77,t,2026-08-11 11:53:09.450055+05:30,2026-08-13 10:18:23.178449+05:30,,f,
60b8303a-404f-4eff-9b5f-ad7c50deece7,759053,SIDDHICOTS,SIDDHICOTS,NSE,"",NSE_EQ,91.92,t,2026-08-11 11:53:09.433391+05:30,2026-08-11 11:53:09.433391+05:30,,f,
36591cc0-bc30-4d25-8d1f-116b464996d1,19579,ARVINDPORT,ARVINDPORT,NSE,INE0P4T01013,NSE_EQ,92.44,t,2026-08-11 11:53:09.433391+05:30,2026-08-13 10:18:23.195926+05:30,,f,
40d526e0-c685-44e8-a331-2fc5c0a53ef3,757679,SILKY,SILKY,NSE,INE0SN801015,NSE_EQ,84.12,t,2026-08-11 11:53:09.450055+05:30,2026-08-13 10:18:23.22717+05:30,,f,
4a3c1f1b-5b36-4715-a9df-019efe768f06,25421,DECCANTRAN,DECCANTRAN,NSE,INE0S7C01019,NSE_EQ,75.37,t,2026-08-11 11:53:09.469331+05:30,2026-08-13 10:18:23.260619+05:30,,f,
594c51ee-f1d7-4378-a59b-0106ee26f2cd,29270,REXPRO,REXPRO,NSE,INE113601012,NSE_EQ,84.31,t,2026-08-11 11:53:09.450055+05:30,2026-08-13 10:18:23.307503+05:30,,f,
678a7c2e-1c49-4760-9ffd-e1cc7cd59a34,23562,BIRDYS,BIRDYS,NSE,INE0PC901019,NSE_EQ,71.53,t,2026-08-11 11:53:09.46984+05:30,2026-08-13 10:18:23.354384+05:30,,f,
6e07c856-e117-4d23-96f7-2ee8f049ac9e,28069,SFML,SFML,NSE,INE0U6N01014,NSE_EQ,91.77,t,2026-08-11 11:53:09.433391+05:30,2026-08-13 10:18:23.370006+05:30,,f,
048afa18-56e5-4760-872e-b63edaa69fee,760202,SHRIKANHA,SHRIKANHA,NSE,"",NSE_EQ,90.4,t,2026-08-11 11:53:09.433391+05:30,2026-08-11 11:53:09.433391+05:30,,f,
235de961-c992-413e-bec0-652020ca05f6,759427,GREENLEAF,GREENLEAF,NSE,"",NSE_EQ,87.73,t,2026-08-11 11:53:09.433391+05:30,2026-08-11 11:53:09.433391+05:30,,f,
44e7a38d-c521-4936-854a-8016850edb0a,758908,VIGOR,VIGOR,NSE,"",NSE_EQ,86.75,t,2026-08-11 11:53:09.433391+05:30,2026-08-11 11:53:09.433391+05:30,,f,
6ec56195-2444-4b10-99c2-8c5263c4ae84,757107,DCCL,DCCL,NSE,INE04Q901010,NSE_EQ,75.8,t,2026-08-11 11:53:09.466708+05:30,2026-08-13 10:18:23.385621+05:30,,f,
73b21a02-b58a-48f3-a912-12ec9431fddf,758946,SNEHAA,SNEHAA,NSE,"",NSE_EQ,85.76,t,2026-08-11 11:53:09.450055+05:30,2026-08-11 11:53:09.450055+05:30,,f,
701703f3-b0be-4fd3-8619-2db2c6740e63,24642,TROM,TROM,NSE,INE0SYV01018,NSE_EQ,85.63,t,2026-08-11 11:53:09.450055+05:30,2026-08-13 10:18:23.385621+05:30,,f,
7cf06e7f-8951-4568-9bf7-e3f23329897d,10898,AMEYA,AMEYA,NSE,INE0KT901015,NSE_EQ,78.59,t,2026-08-11 11:53:09.450055+05:30,2026-08-13 10:18:23.431001+05:30,,f,
7db08b1e-2cf4-49aa-b938-860c683cc1f9,19492,PLADAINFO,PLADAINFO,NSE,INE0PXD01014,NSE_EQ,15.43,t,2026-08-11 11:53:09.566749+05:30,2026-08-13 10:18:23.433001+05:30,https://dhanarthi-stockguru.s3.amazonaws.com/company_logos_webp/PLADAINFO.webp,f,
0ed2404a-c552-4a1b-a407-31e2c2dad214,759354,MPEL,MPEL,NSE,"",NSE_EQ,83.9,t,2026-08-11 11:53:09.450055+05:30,2026-08-11 11:53:09.450055+05:30,,f,
7db302c3-9782-4b30-a5d4-45416b76bf43,15377,PDMJEPAPER,Pudumjee Paper Products Limited,NSE,INE865T01018,NSE_EQ,1109.57,t,2026-08-11 11:53:07.854273+05:30,2026-08-13 10:18:23.433001+05:30,https://dhanarthi-stockguru.s3.amazonaws.com/company_logos_webp/PDMJEPAPER.webp,t,2 x
7e175272-1761-4b4b-b652-ff7aa87c6884,18392,MONOPHARMA,MONOPHARMA,NSE,INE0OIP01012,NSE_EQ,38.61,t,2026-08-11 11:53:09.533354+05:30,2026-08-13 10:18:23.434001+05:30,https://dhanarthi-stockguru.s3.amazonaws.com/company_logos_webp/MONOPHARMA.webp,f,
7e1d30aa-7e58-4438-a6b5-640b713e41a3,3291,STARPAPER,Star Paper Mills Limited,NSE,INE733A01018,NSE_EQ,265.8,t,2026-08-11 11:53:08.333105+05:30,2026-08-13 10:18:23.434001+05:30,https://dhanarthi-stockguru.s3.amazonaws.com/company_logos_webp/STARPAPER.webp,f,
7e408380-4d0a-4be3-bb03-7e844d3f5401,29171,LAXMIDENTL,Laxmi Dental Limited,NSE,INE0WO601020,NSE_EQ,1875.16,t,2026-08-11 11:53:08.737646+05:30,2026-08-13 10:18:23.434328+05:30,,t,2.68 x
7e4eafc5-73e0-4fda-9c57-60531fc7de58,341,BALRAMCHIN,Balrampur Chini Mills Limited,NSE,INE119A01028,NSE_EQ,10253.1,t,2026-08-11 11:53:08.916528+05:30,2026-08-13 10:18:23.434328+05:30,https://dhanarthi-stockguru.s3.amazonaws.com/company_logos_webp/BALRAMCHIN.webp,t,3.22 x
7e82dbcc-4f0f-40a8-aa38-16592bce2638,23692,SLONE,SLONE,NSE,INE0SMA01017,NSE_EQ,155.22,t,2026-08-11 11:53:09.357677+05:30,2026-08-13 10:18:23.434328+05:30,https://dhanarthi-stockguru.s3.amazonaws.com/company_logos_webp/SLONE.webp,f,
7e8bb2c2-a497-4769-b6b6-41b5cdee8a06,15151,MADHAV,Madhav Marbles and Granites Limited,NSE,INE925C01016,NSE_EQ,39.1,t,2026-08-11 11:53:08.804555+05:30,2026-08-13 10:18:23.434328+05:30,https://dhanarthi-stockguru.s3.amazonaws.com/company_logos_webp/MADHAV.webp,f,
7ead3a40-1ea4-4478-a33b-2460c3b14a8c,11351,PETRONET,Petronet LNG Limited,NSE,INE347G01014,NSE_EQ,42177.03,t,2026-08-11 11:53:07.854273+05:30,2026-08-13 10:18:23.435607+05:30,https://dhanarthi-stockguru.s3.amazonaws.com/company_logos_webp/PETRONET.webp,t,4.35 x
7eb7ba4e-0d24-411a-a70d-6cc055c8b490,24292,VSTTILLERS,V.S.T Tillers Tractors Limited,NSE,INE764D01017,NSE_EQ,4549.61,t,2026-08-11 11:53:09.165677+05:30,2026-08-13 10:18:23.435607+05:30,https://dhanarthi-stockguru.s3.amazonaws.com/company_logos_webp/VSTTILLERS.webp,t,3.26 x
0cceca69-b253-4a45-806d-852e89540a85,757525,GANGABATH,GANGABATH,NSE,INE0ZI101018,NSE_EQ,56.49,t,2026-08-11 11:53:09.48377+05:30,2026-08-13 10:18:23.069898+05:30,,f,
52b03720-fc34-4f36-a1f0-cb6ad695f2ab,1995,SECL,SECL,NSE,"",NSE_EQ,60.59,t,2026-08-11 11:53:09.48377+05:30,2026-08-11 11:53:09.48377+05:30,,f,
3d5173e3-2f9f-4f1e-8dad-31c275ffcf14,27225,LAMOSAIC,LAMOSAIC,NSE,INE0R0201012,NSE_EQ,39.11,t,2026-08-11 11:53:09.516964+05:30,2026-08-13 10:18:23.211542+05:30,,f,
4070890f-7deb-4011-a5c0-a8227c8fe298,25633,UNILEX,UNILEX,NSE,INE0B2801011,NSE_EQ,57.15,t,2026-08-11 11:53:09.48377+05:30,2026-08-13 10:18:23.22717+05:30,,f,
7ed2cd07-4ee2-4586-addb-f5cf698eb2ee,634,IGARASHI,Igarashi Motors India Limited,NSE,INE188B01013,NSE_EQ,1584.95,t,2026-08-11 11:53:08.420862+05:30,2026-08-13 10:18:23.435607+05:30,https://dhanarthi-stockguru.s3.amazonaws.com/company_logos_webp/IGARASHI.webp,t,2.67 x
7edaf8e4-e577-4f87-8c76-b26c2c54ec8e,8736,PNBGILTS,PNB Gilts Limited,NSE,INE859A01011,NSE_EQ,1702.27,t,2026-08-11 11:53:07.881945+05:30,2026-08-13 10:18:23.435607+05:30,https://dhanarthi-stockguru.s3.amazonaws.com/company_logos_webp/PNBGILTS.webp,t,2.5 x
7f14c78d-a533-4812-ae35-eef90114033a,758858,CPPLUS,Aditya Infotech Limited,NSE,INE819V01029,NSE_EQ,16501.7,t,2026-08-11 11:53:08.933682+05:30,2026-08-13 10:18:23.435607+05:30,,t,1 x
7f206da4-b1a1-48f1-be18-daf9c62a6dea,926,ORCHPHARMA,Orchid Pharma Limited,NSE,INE191A01027,NSE_EQ,3873.55,t,2026-08-11 11:53:07.81617+05:30,2026-08-13 10:18:23.435607+05:30,https://dhanarthi-stockguru.s3.amazonaws.com/company_logos_webp/ORCHPHARMA.webp,t,1 x
7f495367-6b23-418d-9474-0b232635a0d3,30244,BHARATSE,Bharat Seats Limited,NSE,INE415D01024,NSE_EQ,1013.73,t,2026-08-11 11:53:08.190785+05:30,2026-08-13 10:18:23.435607+05:30,,t,2 x
7f5da432-c7ff-47cc-a05b-7fd13bb5e1b4,13814,KAMOPAINTS,Kamdhenu Ventures Limited,NSE,INE0BTI01037,NSE_EQ,268.5,t,2026-08-11 11:53:08.595309+05:30,2026-08-13 10:18:23.43774+05:30,https://dhanarthi-stockguru.s3.amazonaws.com/company_logos_webp/KAMOPAINTS.webp,f,
7fb3d9c0-83df-4520-b19d-99710eba9810,6042,EIFFL,Euro India Fresh Foods Limited,NSE,INE546V01010,NSE_EQ,582.88,t,2026-08-11 11:53:07.468569+05:30,2026-08-13 10:18:23.43774+05:30,https://dhanarthi-stockguru.s3.amazonaws.com/company_logos_webp/EIFFL.webp,f,
7fd817fd-5ecc-4078-aa63-95d3f297f745,14788,SPARC,Sun Pharma Advanced Research Company Limited,NSE,INE232I01014,NSE_EQ,4596.57,t,2026-08-11 11:53:08.285762+05:30,2026-08-13 10:18:23.43774+05:30,https://dhanarthi-stockguru.s3.amazonaws.com/company_logos_webp/SPARC.webp,t,1 x
f876fe08-72f9-4b8e-826e-9660f9565bae,29541,CHAMUNDA,CHAMUNDA,NSE,"",NSE_EQ,54.49,t,2026-08-11 11:53:09.48377+05:30,2026-08-11 11:53:09.48377+05:30,,f,
802e86fe-39d2-4ec4-a378-bb10bf3529b5,19279,THEJO,Thejo Engineering Limited,NSE,INE121N01019,NSE_EQ,2047.87,t,2026-08-11 11:53:08.653513+05:30,2026-08-13 10:18:23.43774+05:30,https://dhanarthi-stockguru.s3.amazonaws.com/company_logos_webp/THEJO.webp,t,2 x
803bb07d-c9b2-4518-b876-1f3902313ebb,762859,RAJPALAYAM,Rajapalayam Mills Limited,NSE,INE296E01026,NSE_EQ,,t,2026-08-11 11:53:08.639972+05:30,2026-08-13 10:18:23.43774+05:30,https://dhanarthi-stockguru.s3.amazonaws.com/company_logos_webp/RAJPALAYAM.webp,f,
806f3971-2762-4cfb-9be6-5f31b63c9313,8696,VRLLOG,VRL Logistics Limited,NSE,INE366I01010,NSE_EQ,4946.4,t,2026-08-11 11:53:09.150053+05:30,2026-08-13 10:18:23.43774+05:30,https://dhanarthi-stockguru.s3.amazonaws.com/company_logos_webp/VRLLOG.webp,t,3.44 x
807a708f-ac12-4579-bbb1-0a8e85209f6f,23052,SONAMAC,SONAMAC,NSE,INE0Q6H01012,NSE_EQ,94.63,t,2026-08-11 11:53:09.433391+05:30,2026-08-13 10:18:23.43774+05:30,https://dhanarthi-stockguru.s3.amazonaws.com/company_logos_webp/SONAMAC.webp,f,
80885369-f482-47e5-8fd5-f20651905ebf,3857,VARROC,Varroc Engineering Limited,NSE,INE665L01035,NSE_EQ,9139.95,t,2026-08-11 11:53:08.851822+05:30,2026-08-13 10:18:23.43774+05:30,,t,3.1 x
80ac2888-72c7-4551-aab0-2d15a69116ad,27123,NEELAM,NEELAM,NSE,INE0N1401016,NSE_EQ,40.48,t,2026-08-11 11:53:09.516964+05:30,2026-08-13 10:18:23.43774+05:30,,f,
80b3319b-5040-4686-9da6-f49c3a4e63b9,17388,ADANIPOWER,Adani Power Limited,NSE,INE814H01029,NSE_EQ,264360.1,t,2026-08-11 11:53:07.26652+05:30,2026-08-13 10:18:23.43774+05:30,https://dhanarthi-stockguru.s3.amazonaws.com/company_logos_webp/ADANIPOWER.webp,t,3.33 x
80bc76af-fead-4510-b500-157220fd67e3,8521,SPRL,SPRL,NSE,INE0JW501011,NSE_EQ,27.54,t,2026-08-11 11:53:09.533354+05:30,2026-08-13 10:18:23.43774+05:30,https://dhanarthi-stockguru.s3.amazonaws.com/company_logos_webp/SPRL.webp,f,
80c8b1b3-1376-44db-bd6b-faba2114a268,28801,NMSTEEL,NMSTEEL,NSE,INE0TP801012,NSE_EQ,54.03,t,2026-08-11 11:53:09.499573+05:30,2026-08-13 10:18:23.43774+05:30,,f,
80d96f5c-c717-450a-8cae-5654c137bc4c,3496,TIRUMALCHM,Thirumalai Chemicals Limited,NSE,INE338A01024,NSE_EQ,2902.96,t,2026-08-11 11:53:08.666851+05:30,2026-08-13 10:18:23.43774+05:30,https://dhanarthi-stockguru.s3.amazonaws.com/company_logos_webp/TIRUMALCHM.webp,t,2.5 x
80f610ca-21a9-475f-9eb3-c03d8484d0c9,3405,TATACHEM,Tata Chemicals Limited,NSE,INE092A01019,NSE_EQ,22736.12,t,2026-08-11 11:53:08.566457+05:30,2026-08-13 10:18:23.43774+05:30,https://dhanarthi-stockguru.s3.amazonaws.com/company_logos_webp/TATACHEM.webp,t,3.39 x
8106eeda-7896-49ea-8508-e4764df2aa8e,760039,SUDEEPPHRM,Sudeep Pharma Limited,NSE,INE0QPI01025,NSE_EQ,7545.07,t,2026-08-11 11:53:08.440281+05:30,2026-08-13 10:18:23.43774+05:30,,t,3.23 x
810e1db1-d452-4ed9-97d5-93c7ed6b814c,2277,MRF,MRF Limited,NSE,INE883A01011,NSE_EQ,64074.43,t,2026-08-11 11:53:07.849001+05:30,2026-08-13 10:18:23.43774+05:30,https://dhanarthi-stockguru.s3.amazonaws.com/company_logos_webp/MRF.webp,t,3.7 x
8127ad01-8ef6-42e7-9f08-b064601d21bb,11677,INDOCO,Indoco Remedies Limited,NSE,INE873D01024,NSE_EQ,2607.87,t,2026-08-11 11:53:08.423661+05:30,2026-08-13 10:18:23.43774+05:30,https://dhanarthi-stockguru.s3.amazonaws.com/company_logos_webp/INDOCO.webp,t,2.5 x
813e06d7-e0a2-4b35-9ed6-239758043400,27213,EIEL,Enviro Infra Engineers Limited,NSE,INE0LLY01014,NSE_EQ,4221.46,t,2026-08-11 11:53:08.933682+05:30,2026-08-13 10:18:23.43774+05:30,,t,2.62 x
814659ef-fa50-4bbb-bcb6-eca077633ebe,17945,COHANCE,Cohance Lifesciences Limited,NSE,INE03QK01018,NSE_EQ,31444.47,t,2026-08-11 11:53:07.415364+05:30,2026-08-13 10:18:23.43774+05:30,,t,1 x
815a8707-f173-492c-a8f0-55294126c687,14890,AKI,AKI India Limited,NSE,INE642Z01026,NSE_EQ,89.71,t,2026-08-11 11:53:08.086537+05:30,2026-08-13 10:18:23.43774+05:30,,f,
61d4dd39-a959-48ea-b1c3-3971ec5f3b64,759261,GURUNANAK,GURUNANAK,NSE,"",NSE_EQ,42.77,t,2026-08-11 11:53:09.516964+05:30,2026-08-11 11:53:09.516964+05:30,,f,
e82b27fb-1233-4c82-9444-6e6ad27880af,758423,MEDISTEP,MEDISTEP,NSE,"",NSE_EQ,42.39,t,2026-08-11 11:53:09.516964+05:30,2026-08-11 11:53:09.516964+05:30,,f,
024ca3f3-98cb-4f11-a96c-f0d47fe03050,15147,AGUL,AGUL,NSE,INE0O6N01012,NSE_EQ,33.94,t,2026-08-11 11:53:09.533354+05:30,2026-08-13 10:18:23.023985+05:30,,f,
b487f64f-154b-4352-ab66-a144814e3be6,759089,GML,GML,NSE,"",NSE_EQ,36.55,t,2026-08-11 11:53:09.533354+05:30,2026-08-11 11:53:09.533354+05:30,,f,
1ac76eb3-e28e-43c3-acac-79cc6ae8b0e9,2666,VERA,VERA,NSE,INE709Z01015,NSE_EQ,33.9,t,2026-08-11 11:53:09.533354+05:30,2026-08-13 10:18:23.101677+05:30,,f,
5477ee23-e18b-487e-812c-37d08c9113ed,24957,QVCEL,QVCEL,NSE,INE0KZF01015,NSE_EQ,32.45,t,2026-08-11 11:53:09.533354+05:30,2026-08-13 10:18:23.29187+05:30,,f,
5fce1362-e72b-492e-a9d1-70de868c4472,23779,MANDEEP,MANDEEP,NSE,INE0R3T01013,NSE_EQ,27.34,t,2026-08-11 11:53:09.533354+05:30,2026-08-13 10:18:23.323135+05:30,,f,
3a84367e-9455-4162-bbc9-a3b2949b9ad0,23396,ASPIRE,ASPIRE,NSE,"",NSE_EQ,33.47,t,2026-08-11 11:53:09.533354+05:30,2026-08-11 11:53:09.533354+05:30,,f,
63e3c916-c0f8-4793-a802-e37529192faf,25119,BOSS,BOSS,NSE,INE0QNI01012,NSE_EQ,20.22,t,2026-08-11 11:53:09.550065+05:30,2026-08-13 10:18:23.338747+05:30,,f,
81a4c61a-8ad3-4ad0-b018-ead471b03701,23740,TBOTEK,TBO Tek Limited,NSE,INE673O01025,NSE_EQ,16670.7,t,2026-08-11 11:53:08.587055+05:30,2026-08-13 10:18:23.43774+05:30,https://dhanarthi-stockguru.s3.amazonaws.com/company_logos_webp/TBOTEK.webp,t,3.03 x
81e75b1b-443e-40c3-89a1-d4a8409848ff,24520,TUNWAL,TUNWAL,NSE,INE0OXV01027,NSE_EQ,185.42,t,2026-08-11 11:53:09.316798+05:30,2026-08-13 10:18:23.43774+05:30,https://dhanarthi-stockguru.s3.amazonaws.com/company_logos_webp/TUNWAL.webp,f,
81ffd54f-99df-4dcd-934b-05f0c042376a,23159,AVPINFRA,AVPINFRA,NSE,INE0R9401019,NSE_EQ,415.43,t,2026-08-11 11:53:09.249972+05:30,2026-08-13 10:18:23.43774+05:30,https://dhanarthi-stockguru.s3.amazonaws.com/company_logos_webp/AVPINFRA.webp,f,
82368899-102f-411a-904c-7a7947d011c3,11262,IGL,Indraprastha Gas Limited,NSE,INE203G01027,NSE_EQ,29031.1,t,2026-08-11 11:53:07.599427+05:30,2026-08-13 10:18:23.43774+05:30,https://dhanarthi-stockguru.s3.amazonaws.com/company_logos_webp/IGL.webp,t,3.33 x
824f6650-d4a6-48c0-b7fc-5a23ce3a4d9d,27575,ODIGMA,Odigma Consultancy Solutions Limited,NSE,INE054301028,NSE_EQ,114.96,t,2026-08-11 11:53:07.76627+05:30,2026-08-13 10:18:23.43774+05:30,,f,
82554c8f-df7f-4397-9147-68955ae35eb0,18762,ALCODIS,ALCODIS,NSE,INE448V01019,NSE_EQ,138.82,t,2026-08-11 11:53:09.367101+05:30,2026-08-13 10:18:23.43774+05:30,,f,
82590b14-a4af-43aa-847b-f596d82104f2,14245,TVSSRICHAK,TVS Srichakra Limited,NSE,INE421C01016,NSE_EQ,2773.19,t,2026-08-11 11:53:08.766558+05:30,2026-08-13 10:18:23.43774+05:30,,t,2.86 x
8271353c-1922-4527-a253-8b0cd10ff503,5938,MONTECARLO,Monte Carlo Fashions Limited,NSE,INE950M01013,NSE_EQ,1370.94,t,2026-08-11 11:53:07.67541+05:30,2026-08-13 10:18:23.43774+05:30,https://dhanarthi-stockguru.s3.amazonaws.com/company_logos_webp/MONTECARLO.webp,t,2.5 x
8286dbd2-d773-44b1-af18-0776cad3e4bb,235,AAKASH,Aakash Exploration Services Limited,NSE,INE087Z01024,NSE_EQ,97.27,t,2026-08-11 11:53:08.049697+05:30,2026-08-13 10:18:23.43774+05:30,https://dhanarthi-stockguru.s3.amazonaws.com/company_logos_webp/AAKASH.webp,f,
829d2277-0abd-46f9-84f5-aaaeac1cd281,3484,TIL,TIL Limited,NSE,INE806C01018,NSE_EQ,2072.88,t,2026-08-11 11:53:08.666851+05:30,2026-08-13 10:18:23.43774+05:30,https://dhanarthi-stockguru.s3.amazonaws.com/company_logos_webp/TIL.webp,f,
82b24621-daab-4616-a529-8d4a1be64aeb,25927,DANISH,DANISH,NSE,INE0YU901016,NSE_EQ,1661.41,t,2026-08-11 11:53:08.749803+05:30,2026-08-13 10:18:23.43774+05:30,https://dhanarthi-stockguru.s3.amazonaws.com/company_logos_webp/DANISH.webp,f,
82d09d22-dfa6-4081-8b17-15b9c4cd13db,5507,SERVOTECH,Servotech Renewable Power System Limited,NSE,INE782X01033,NSE_EQ,2659.58,t,2026-08-11 11:53:07.616094+05:30,2026-08-13 10:18:23.43774+05:30,https://dhanarthi-stockguru.s3.amazonaws.com/company_logos_webp/SERVOTECH.webp,t,2.5 x
82d504c1-177b-4023-9735-a96a5a093ec3,756851,SAMAY,SAMAY,NSE,INE124101010,NSE_EQ,58.93,t,2026-08-11 11:53:09.48377+05:30,2026-08-13 10:18:23.43774+05:30,,f,
82e72c6f-0914-43b5-bd91-b3e4a8c3bfb3,757409,SACHEEROME,SACHEEROME,NSE,INE1ARD01016,NSE_EQ,541.19,t,2026-08-11 11:53:09.233275+05:30,2026-08-13 10:18:23.43774+05:30,,f,
82fb813d-1319-48c6-8917-9895e8ed2315,14620,CHEMBOND,Chembond Material Technologies Limited,NSE,INE995D01025,NSE_EQ,241.05,t,2026-08-11 11:53:07.399737+05:30,2026-08-13 10:18:23.43774+05:30,https://dhanarthi-stockguru.s3.amazonaws.com/company_logos_webp/CHEMBOND.webp,f,
8326fcd9-bf86-4cc2-b23e-5354bfaf5a52,25403,WCIL,Western Carriers (India) Limited,NSE,INE0CJF01024,NSE_EQ,1258.86,t,2026-08-11 11:53:09.166605+05:30,2026-08-13 10:18:23.43774+05:30,https://dhanarthi-stockguru.s3.amazonaws.com/company_logos_webp/WCIL.webp,t,2.5 x
8327a1e4-8e44-4259-bcbb-e612852d7b4d,3761,RITES,RITES Limited,NSE,INE320J01015,NSE_EQ,12178.07,t,2026-08-11 11:53:07.9329+05:30,2026-08-13 10:18:23.43774+05:30,https://dhanarthi-stockguru.s3.amazonaws.com/company_logos_webp/RITES.webp,t,2.97 x
8347a303-72fc-4707-a42a-ff322a8372f9,16931,JOCIL,Jocil Limited,NSE,INE839G01010,NSE_EQ,138.35,t,2026-08-11 11:53:08.533071+05:30,2026-08-13 10:18:23.43774+05:30,https://dhanarthi-stockguru.s3.amazonaws.com/company_logos_webp/JOCIL.webp,f,
83516a9a-08f7-478f-9b23-8435a6d2bf9e,16950,CELLPOINT,CELLPOINT,NSE,INE0O0001013,NSE_EQ,33.69,t,2026-08-11 11:53:09.533354+05:30,2026-08-13 10:18:23.43774+05:30,https://dhanarthi-stockguru.s3.amazonaws.com/company_logos_webp/CELLPOINT.webp,f,
8359597c-0bba-455b-852c-daad016b5517,10084,EMAMIPAP,Emami Paper Mills Limited,NSE,INE830C01026,NSE_EQ,587.63,t,2026-08-11 11:53:07.477425+05:30,2026-08-13 10:18:23.43774+05:30,https://dhanarthi-stockguru.s3.amazonaws.com/company_logos_webp/EMAMIPAP.webp,f,
835aaa58-c755-487c-bf0d-1b665b77c1b4,1937,KREBSBIO,Krebs Biochemicals and Industries Limited,NSE,INE268B01013,NSE_EQ,158.07,t,2026-08-11 11:53:08.666851+05:30,2026-08-13 10:18:23.43774+05:30,https://dhanarthi-stockguru.s3.amazonaws.com/company_logos_webp/KREBSBIO.webp,f,
835e4f4a-4de4-4b11-884d-94dbff436893,29087,QUADFUTURE,Quadrant Future Tek Limited,NSE,INE0LRY01011,NSE_EQ,1533.94,t,2026-08-11 11:53:07.915693+05:30,2026-08-13 10:18:23.43774+05:30,,t,2.47 x
835ee5a1-7751-460e-aecc-d32e163b4e30,1630,IONEXCHANG,ION Exchange (India) Limited,NSE,INE570A01022,NSE_EQ,6177.56,t,2026-08-11 11:53:08.98326+05:30,2026-08-13 10:18:23.43774+05:30,https://dhanarthi-stockguru.s3.amazonaws.com/company_logos_webp/IONEXCHANG.webp,t,2.91 x
8360d571-fc1b-4276-bc22-2e4522d818ba,17400,NHPC,NHPC Limited,NSE,INE848E01016,NSE_EQ,83007.07,t,2026-08-11 11:53:07.733094+05:30,2026-08-13 10:18:23.43774+05:30,https://dhanarthi-stockguru.s3.amazonaws.com/company_logos_webp/NHPC.webp,t,4.35 x
8383b82f-6c6d-4758-9f24-847fe52c76ab,19585,BSE,BSE Limited,NSE,INE118H01025,NSE_EQ,101299.27,t,2026-08-11 11:53:07.393178+05:30,2026-08-13 10:18:23.43774+05:30,https://dhanarthi-stockguru.s3.amazonaws.com/company_logos_webp/BSE.webp,t,3.33 x
83cbd969-aea8-471c-8ffe-e28c0bc7f6c2,762518,3BBLACKBIO,3B Blackbio Dx Limited,NSE,INE994E01018,NSE_EQ,,t,2026-08-11 11:53:08.049697+05:30,2026-08-13 10:18:23.43774+05:30,,f,
5509f120-baab-4ead-b3d8-92b78621c7d3,4681,BLUECHIP,Blue Chip India Limited,NSE,"",NSE_EQ,22.35,t,2026-08-11 11:53:07.372137+05:30,2026-08-11 11:53:07.372137+05:30,https://dhanarthi-stockguru.s3.amazonaws.com/company_logos_webp/BLUECHIP.webp,f,
745036f2-498a-4dc6-8b0e-ddf9abf6d2c7,4130,REGENCERAM,Regency Ceramics Limited,NSE,"",NSE_EQ,122.49,t,2026-08-11 11:53:09.076099+05:30,2026-08-11 11:53:09.076099+05:30,https://dhanarthi-stockguru.s3.amazonaws.com/company_logos_webp/REGENCERAM.webp,f,
e945a5eb-9a09-4afb-a201-cbe78dbae14b,19676,CMICABLES,CMI Limited,NSE,"",NSE_EQ,6.15,t,2026-08-11 11:53:08.224447+05:30,2026-08-11 11:53:08.224447+05:30,https://dhanarthi-stockguru.s3.amazonaws.com/company_logos_webp/CMICABLES.webp,f,
6c1f85ad-5b3b-4d76-ac67-db75160dedcf,"",JPASSOCIAT,JPASSOCIAT,NSE,"",NSE_EQ,856.17,t,2026-08-11 11:53:09.116677+05:30,2026-08-11 11:53:09.116677+05:30,https://dhanarthi-stockguru.s3.amazonaws.com/company_logos_webp/JPASSOCIAT.webp,f,
7eeaab59-c308-4bfe-a3ea-51c10c3b1110,8437,VIPULLTD,Vipul Limited,NSE,"",NSE_EQ,136.21,t,2026-08-11 11:53:09.150053+05:30,2026-08-11 11:53:09.150053+05:30,https://dhanarthi-stockguru.s3.amazonaws.com/company_logos_webp/VIPULLTD.webp,f,
e602fe70-20c6-40cf-853a-785082b6a388,21747,EDUCOMP,Educomp Solutions Limited,NSE,"",NSE_EQ,18.29,t,2026-08-11 11:53:07.468569+05:30,2026-08-11 11:53:07.468569+05:30,https://dhanarthi-stockguru.s3.amazonaws.com/company_logos_webp/EDUCOMP.webp,f,
c4eb02bd-6464-49f8-aade-5261d7559c8c,19698,HMT,HMT Limited,NSE,"",NSE_EQ,2652.2,t,2026-08-11 11:53:08.404244+05:30,2026-08-11 11:53:08.404244+05:30,https://dhanarthi-stockguru.s3.amazonaws.com/company_logos_webp/HMT.webp,f,
16c6da9d-151e-42a4-8d7c-c73d14371ad4,25881,IMPEXFERRO,Impex Ferro Tech Limited,NSE,"",NSE_EQ,17.19,t,2026-08-11 11:53:07.599427+05:30,2026-08-11 11:53:07.599427+05:30,https://dhanarthi-stockguru.s3.amazonaws.com/company_logos_webp/IMPEXFERRO.webp,f,
367c7496-e02c-4c46-b5d2-cfb617bb6baa,6858,DHRUV,Dhruv Consultancy Services Limited,NSE,"",NSE_EQ,108.07,t,2026-08-11 11:53:07.449913+05:30,2026-08-11 11:53:07.449913+05:30,https://dhanarthi-stockguru.s3.amazonaws.com/company_logos_webp/DHRUV.webp,f,
abe95c00-4015-4343-a8f2-3fada8f7c7e5,13570,RBMINFRA,RBMINFRA,NSE,"",NSE_EQ,451.24,t,2026-08-11 11:53:09.233275+05:30,2026-08-11 11:53:09.233275+05:30,https://dhanarthi-stockguru.s3.amazonaws.com/company_logos_webp/RBMINFRA.webp,f,
337b8408-2bfa-4df3-b218-ba41fb94a35c,4774,LAKPRE,Lakshmi Precision Screws Limited,NSE,"",NSE_EQ,5.89,t,2026-08-11 11:53:08.713476+05:30,2026-08-11 11:53:08.713476+05:30,https://dhanarthi-stockguru.s3.amazonaws.com/company_logos_webp/LAKPRE.webp,f,
a2a20288-2c63-4369-97be-8a6a9db8d165,21107,HRHNEXT,HRHNEXT,NSE,"",NSE_EQ,45.78,t,2026-08-11 11:53:09.501618+05:30,2026-08-11 11:53:09.501618+05:30,https://dhanarthi-stockguru.s3.amazonaws.com/company_logos_webp/HRHNEXT.webp,f,
5a591d7b-51ff-4b29-8a40-4aa714853972,10181,BALKRISHNA,Balkrishna Paper Mills Limited,NSE,"",NSE_EQ,69.62,t,2026-08-11 11:53:08.166796+05:30,2026-08-11 11:53:08.166796+05:30,https://dhanarthi-stockguru.s3.amazonaws.com/company_logos_webp/BALKRISHNA.webp,f,
72c037e5-569f-46a7-9bf6-a777de33ca59,5650,SHANTI,Shanti Overseas (India) Limited,NSE,"",NSE_EQ,11.64,t,2026-08-11 11:53:07.986943+05:30,2026-08-11 11:53:07.986943+05:30,https://dhanarthi-stockguru.s3.amazonaws.com/company_logos_webp/SHANTI.webp,f,
4bb48dcf-2fdb-43d1-ab3e-55eeb45c416a,5023,SVPGLOB,SVP GLOBAL TEXTILES LIMITED,NSE,"",NSE_EQ,48.46,t,2026-08-11 11:53:08.516446+05:30,2026-08-11 11:53:08.516446+05:30,https://dhanarthi-stockguru.s3.amazonaws.com/company_logos_webp/SVPGLOB.webp,f,
1d109b51-85cf-4dcb-ba8d-baae6fc908df,19599,PRAKASHSTL,Prakash Steelage Limited,NSE,"",NSE_EQ,92.99,t,2026-08-11 11:53:07.899672+05:30,2026-08-11 11:53:07.899672+05:30,https://dhanarthi-stockguru.s3.amazonaws.com/company_logos_webp/PRAKASHSTL.webp,f,
961e5043-db1f-4bee-a445-cfa06cf8513e,"",GSPL,GSPL,NSE,"",NSE_EQ,17393.7,t,2026-08-11 11:53:09.114989+05:30,2026-08-11 11:53:09.114989+05:30,https://dhanarthi-stockguru.s3.amazonaws.com/company_logos_webp/GSPL.webp,f,
e22ca69c-27c7-4a13-8549-3d1d441ea061,"",SUULD,SUULD,NSE,"",NSE_EQ,12.98,t,2026-08-11 11:53:09.116677+05:30,2026-08-11 11:53:09.116677+05:30,https://dhanarthi-stockguru.s3.amazonaws.com/company_logos_webp/SUULD.webp,f,
22142658-87fe-4e4f-be91-d719228cb7f4,758121,PERFECT,PERFECT,NSE,"",NSE_EQ,10.07,t,2026-08-11 11:53:09.574228+05:30,2026-08-11 11:53:09.574228+05:30,https://dhanarthi-stockguru.s3.amazonaws.com/company_logos_webp/PERFECT.webp,f,
017ed82b-5221-4839-9c3c-a3aa37c0890e,13321,ORTEL,Ortel Communications Limited,NSE,"",NSE_EQ,5.44,t,2026-08-11 11:53:07.81617+05:30,2026-08-11 11:53:07.81617+05:30,https://dhanarthi-stockguru.s3.amazonaws.com/company_logos_webp/ORTEL.webp,f,
5f808900-7fe0-48fa-81e6-8e72883a3d9a,22475,KONSTELEC,KONSTELEC,NSE,"",NSE_EQ,91.15,t,2026-08-11 11:53:09.433391+05:30,2026-08-11 11:53:09.433391+05:30,https://dhanarthi-stockguru.s3.amazonaws.com/company_logos_webp/KONSTELEC.webp,f,
7def0cdc-6eec-4693-9a97-059d37ba291e,"",SABTNL,SABTNL,NSE,"",NSE_EQ,2822.06,t,2026-08-11 11:53:09.116677+05:30,2026-08-11 11:53:09.116677+05:30,https://dhanarthi-stockguru.s3.amazonaws.com/company_logos_webp/SABTNL.webp,f,
b54e788e-1848-492c-a707-e9858265d9f0,22711,POLYSIL,POLYSIL,NSE,"",NSE_EQ,477.33,t,2026-08-11 11:53:09.233275+05:30,2026-08-11 11:53:09.233275+05:30,https://dhanarthi-stockguru.s3.amazonaws.com/company_logos_webp/POLYSIL.webp,f,
fd597576-8010-4b8a-a0e0-fd12cf3e01bd,23230,ENSER,ENSER,NSE,"",NSE_EQ,169.87,t,2026-08-11 11:53:09.333826+05:30,2026-08-11 11:53:09.333826+05:30,https://dhanarthi-stockguru.s3.amazonaws.com/company_logos_webp/ENSER.webp,f,
afe2d9f6-374b-4df2-8a39-0fe92a68a7b0,29015,ARSHIYA,Arshiya Limited,NSE,"",NSE_EQ,49.1,t,2026-08-11 11:53:08.121787+05:30,2026-08-11 11:53:08.121787+05:30,https://dhanarthi-stockguru.s3.amazonaws.com/company_logos_webp/ARSHIYA.webp,f,
dc76330c-cff8-4d0e-98bf-d9bed5418b31,6127,DIGJAMLMTD,Digjam Limited,NSE,"",NSE_EQ,104.93,t,2026-08-11 11:53:07.449913+05:30,2026-08-11 11:53:07.449913+05:30,https://dhanarthi-stockguru.s3.amazonaws.com/company_logos_webp/DIGJAMLMTD.webp,f,
7d2b8d34-4368-48f2-adbe-3c37fa45b0a9,2980,ORTINGLOBE,ORTIN GLOBAL LIMITED,NSE,"",NSE_EQ,10.36,t,2026-08-11 11:53:07.830174+05:30,2026-08-11 11:53:07.830174+05:30,https://dhanarthi-stockguru.s3.amazonaws.com/company_logos_webp/ORTINGLOBE.webp,f,
42c834f1-b20d-4e45-bd5a-ae2aa4d229d2,"",AMJUMBO,AMJUMBO,NSE,"",NSE_EQ,7.89,t,2026-08-11 11:53:09.133227+05:30,2026-08-11 11:53:09.133227+05:30,https://dhanarthi-stockguru.s3.amazonaws.com/company_logos_webp/AMJUMBO.webp,f,
b94055a9-8405-4f4e-b3b1-312f50a97a96,758997,SUPREMEENG,Supreme Engineering Limited,NSE,"",NSE_EQ,27.06,t,2026-08-11 11:53:08.483046+05:30,2026-08-11 11:53:08.483046+05:30,https://dhanarthi-stockguru.s3.amazonaws.com/company_logos_webp/SUPREMEENG.webp,f,
5ba6b719-236e-428b-aa2d-8de76a7ff92c,4981,KESORAMIND,Kesoram Industries Limited,NSE,"",NSE_EQ,188.91,t,2026-08-11 11:53:08.616446+05:30,2026-08-11 11:53:08.616446+05:30,https://dhanarthi-stockguru.s3.amazonaws.com/company_logos_webp/KESORAMIND.webp,f,
72103249-c542-4f59-814b-cdc8bc834ba9,25882,MEP,MEP Infrastructure Developers Limited,NSE,"",NSE_EQ,36.13,t,2026-08-11 11:53:07.649447+05:30,2026-08-11 11:53:07.649447+05:30,https://dhanarthi-stockguru.s3.amazonaws.com/company_logos_webp/MEP.webp,f,
50aad8a7-7be4-4974-8392-1aeaf4522935,6259,RAJVIR,Rajvir Industries Limited,NSE,"",NSE_EQ,3.84,t,2026-08-11 11:53:08.666851+05:30,2026-08-11 11:53:08.666851+05:30,https://dhanarthi-stockguru.s3.amazonaws.com/company_logos_webp/RAJVIR.webp,f,
4f0a13be-77b0-49aa-8631-0f84c7278319,13575,MANUGRAPH,Manugraph India Limited,NSE,"",NSE_EQ,60.93,t,2026-08-11 11:53:08.866736+05:30,2026-08-11 11:53:08.866736+05:30,https://dhanarthi-stockguru.s3.amazonaws.com/company_logos_webp/MANUGRAPH.webp,f,
c41919d6-299c-4a51-ac41-e42227919ec6,46,SANWARIA,Sanwaria Consumer Limited,NSE,"",NSE_EQ,23.52,t,2026-08-11 11:53:07.970286+05:30,2026-08-11 11:53:07.970286+05:30,https://dhanarthi-stockguru.s3.amazonaws.com/company_logos_webp/SANWARIA.webp,f,
a96f4a1d-e44c-4401-85cb-732f3c0e6fc8,18827,TARAPUR,Tarapur Transformers Limited,NSE,"",NSE_EQ,57.06,t,2026-08-11 11:53:08.555275+05:30,2026-08-11 11:53:08.555275+05:30,https://dhanarthi-stockguru.s3.amazonaws.com/company_logos_webp/TARAPUR.webp,f,
23ab5b97-5d3d-4be8-9fea-4c1d001a3c9d,11371,BGLOBAL,Bharatiya Global Infomedia Limited,NSE,"",NSE_EQ,5.74,t,2026-08-11 11:53:08.173906+05:30,2026-08-11 11:53:08.173906+05:30,https://dhanarthi-stockguru.s3.amazonaws.com/company_logos_webp/BGLOBAL.webp,f,
97b2818b-c5ad-4e0f-b53d-d8d40e22fef9,13060,NAGAFERT,Nagarjuna Fertilizers and Chemicals Limited,NSE,"",NSE_EQ,315.31,t,2026-08-11 11:53:07.699563+05:30,2026-08-11 11:53:07.699563+05:30,https://dhanarthi-stockguru.s3.amazonaws.com/company_logos_webp/NAGAFERT.webp,f,
3bd413be-9b5f-4c99-b64e-706a428873f4,7963,PRECISION,PRECISION,NSE,"",NSE_EQ,45.72,t,2026-08-11 11:53:09.501618+05:30,2026-08-11 11:53:09.501618+05:30,https://dhanarthi-stockguru.s3.amazonaws.com/company_logos_webp/PRECISION.webp,f,
da2ac2cb-de88-49fb-b666-e6296cc7aad2,760500,FCONSUMER,Future Consumer Limited,NSE,"",NSE_EQ,89.41,t,2026-08-11 11:53:07.486795+05:30,2026-08-11 11:53:07.486795+05:30,https://dhanarthi-stockguru.s3.amazonaws.com/company_logos_webp/FCONSUMER.webp,f,
d134493f-a6d3-4675-aa6b-50d262aaf83f,3772,WILLAMAGOR,Williamson Magor & Company Limited,NSE,"",NSE_EQ,36.34,t,2026-08-11 11:53:09.166605+05:30,2026-08-11 11:53:09.166605+05:30,https://dhanarthi-stockguru.s3.amazonaws.com/company_logos_webp/WILLAMAGOR.webp,f,
41aa3dee-95ae-4ffb-be89-b3d72edb1ebc,"",JBCHEPHARM,JB Chemicals & Pharmaceuticals Limited,NSE,"",NSE_EQ,26937.2,t,2026-08-11 11:53:08.516446+05:30,2026-08-11 11:53:08.516446+05:30,https://dhanarthi-stockguru.s3.amazonaws.com/company_logos_webp/JBCHEPHARM.webp,f,
acb559b5-8ed2-42d0-9345-5d7dbad1d589,11619,GOLDENTOBC,Golden Tobacco Limited,NSE,"",NSE_EQ,60.71,t,2026-08-11 11:53:08.349673+05:30,2026-08-11 11:53:08.349673+05:30,https://dhanarthi-stockguru.s3.amazonaws.com/company_logos_webp/GOLDENTOBC.webp,f,
33b63566-11d5-4d4c-bd13-5cc1b433ddbe,18508,TVVISION,TV Vision Limited,NSE,"",NSE_EQ,27.04,t,2026-08-11 11:53:08.766558+05:30,2026-08-11 11:53:08.766558+05:30,https://dhanarthi-stockguru.s3.amazonaws.com/company_logos_webp/TVVISION.webp,f,
194a5bce-1d30-4638-aed3-115ce42230af,24113,GPECO,GPECO,NSE,"",NSE_EQ,615.64,t,2026-08-11 11:53:09.21661+05:30,2026-08-11 11:53:09.21661+05:30,https://dhanarthi-stockguru.s3.amazonaws.com/company_logos_webp/GPECO.webp,f,
1928d743-b629-491a-ba7f-d8a4bc6c69b0,9769,EASTSILK,Eastern Silk Industries Limited,NSE,"",NSE_EQ,28.87,t,2026-08-11 11:53:07.468569+05:30,2026-08-11 11:53:07.468569+05:30,https://dhanarthi-stockguru.s3.amazonaws.com/company_logos_webp/EASTSILK.webp,f,
c4741ca8-4995-4892-a657-07d49b93505f,1135,GTECJAINX,G-TEC JAINX EDUCATION LIMITED,NSE,"",NSE_EQ,25.16,t,2026-08-11 11:53:07.549834+05:30,2026-08-11 11:53:07.549834+05:30,https://dhanarthi-stockguru.s3.amazonaws.com/company_logos_webp/GTECJAINX.webp,f,
129dc4b1-f98a-47f0-90c4-04c47f25e6ca,31413,MTEDUCARE,MT Educare Limited,NSE,"",NSE_EQ,14.87,t,2026-08-11 11:53:07.686802+05:30,2026-08-11 11:53:07.686802+05:30,https://dhanarthi-stockguru.s3.amazonaws.com/company_logos_webp/MTEDUCARE.webp,f,
d27af841-115f-4b5d-801c-e3d4d63ccf47,641,DNAMEDIA,Diligent Media Corporation Limited,NSE,"",NSE_EQ,53.05,t,2026-08-11 11:53:08.268362+05:30,2026-08-11 11:53:08.268362+05:30,https://dhanarthi-stockguru.s3.amazonaws.com/company_logos_webp/DNAMEDIA.webp,f,
22b1b591-22cb-4111-a25c-0ecfce532db3,"",FSC,FSC,NSE,"",NSE_EQ,10.76,t,2026-08-11 11:53:09.133227+05:30,2026-08-11 11:53:09.133227+05:30,https://dhanarthi-stockguru.s3.amazonaws.com/company_logos_webp/FSC.webp,f,
00d29726-e407-450f-b74a-bb247ed4b607,"",HEUBACHIND,HEUBACHIND,NSE,"",NSE_EQ,1245.34,t,2026-08-11 11:53:08.033343+05:30,2026-08-11 11:53:08.033343+05:30,https://dhanarthi-stockguru.s3.amazonaws.com/company_logos_webp/HEUBACHIND.webp,f,
202acae7-7fac-4685-8b04-383b5d38efb1,"",ALPSINDUS,ALPSINDUS,NSE,"",NSE_EQ,8.16,t,2026-08-11 11:53:09.133227+05:30,2026-08-11 11:53:09.133227+05:30,https://dhanarthi-stockguru.s3.amazonaws.com/company_logos_webp/ALPSINDUS.webp,f,
ec6e312e-8fc1-4dd1-90bf-5c9728013a93,25386,OSELDEVICE,OSELDEVICE,NSE,"",NSE_EQ,934.44,t,2026-08-11 11:53:09.211472+05:30,2026-08-11 11:53:09.211472+05:30,https://dhanarthi-stockguru.s3.amazonaws.com/company_logos_webp/OSELDEVICE.webp,f,
dc50fbde-65dc-4a7f-8ed6-15a190029fc1,29877,VIVIDHA,Visagar Polytex Limited,NSE,"",NSE_EQ,22.67,t,2026-08-11 11:53:09.150053+05:30,2026-08-11 11:53:09.150053+05:30,https://dhanarthi-stockguru.s3.amazonaws.com/company_logos_webp/VIVIDHA.webp,f,
40418d1e-5bf9-48b4-a353-53c3612d9677,"",SASTASUNDR,SASTASUNDR,NSE,"",NSE_EQ,945.12,t,2026-08-11 11:53:09.116677+05:30,2026-08-11 11:53:09.116677+05:30,https://dhanarthi-stockguru.s3.amazonaws.com/company_logos_webp/SASTASUNDR.webp,f,
0692ef62-be6d-4b6b-b8a5-73ced90b596d,758842,GENSOL,Gensol Engineering Limited,NSE,"",NSE_EQ,129.59,t,2026-08-11 11:53:07.522076+05:30,2026-08-11 11:53:07.522076+05:30,https://dhanarthi-stockguru.s3.amazonaws.com/company_logos_webp/GENSOL.webp,f,
30418298-b371-4ee9-b7e3-e9126e06d0d6,7564,UNITEDPOLY,United Polyfab Gujarat Limited,NSE,"",NSE_EQ,808.35,t,2026-08-11 11:53:08.823566+05:30,2026-08-11 11:53:08.823566+05:30,https://dhanarthi-stockguru.s3.amazonaws.com/company_logos_webp/UNITEDPOLY.webp,f,
2b0d99e0-8030-48f3-9b1b-5fa8bd3b1176,19941,KILITCH,Kilitch Drugs (India) Limited,NSE,"",NSE_EQ,663.06,t,2026-08-11 11:53:08.635351+05:30,2026-08-11 11:53:08.635351+05:30,https://dhanarthi-stockguru.s3.amazonaws.com/company_logos_webp/KILITCH.webp,f,
143c281d-d723-4c53-a2c5-6fb62ab434fb,13162,CELEBRITY,Celebrity Fashions Limited,NSE,"",NSE_EQ,68.14,t,2026-08-11 11:53:08.21644+05:30,2026-08-11 11:53:08.21644+05:30,https://dhanarthi-stockguru.s3.amazonaws.com/company_logos_webp/CELEBRITY.webp,f,
61917459-b65f-496c-a6b7-db567a0d4b3d,25720,PARAMOUNT,PARAMOUNT,NSE,"",NSE_EQ,39.54,t,2026-08-11 11:53:09.516964+05:30,2026-08-11 11:53:09.516964+05:30,https://dhanarthi-stockguru.s3.amazonaws.com/company_logos_webp/PARAMOUNT.webp,f,
fefcd873-0dad-4364-883e-15b090653535,5248,AAREYDRUGS,Aarey Drugs & Pharmaceuticals Limited,NSE,"",NSE_EQ,216.36,t,2026-08-11 11:53:08.049697+05:30,2026-08-11 11:53:08.049697+05:30,https://dhanarthi-stockguru.s3.amazonaws.com/company_logos_webp/AAREYDRUGS.webp,f,
0ed457c5-ae3e-4f3c-9023-f1d71fdb61ea,6248,PREMIER,Premier Limited,NSE,"",NSE_EQ,10.54,t,2026-08-11 11:53:07.899672+05:30,2026-08-11 11:53:07.899672+05:30,https://dhanarthi-stockguru.s3.amazonaws.com/company_logos_webp/PREMIER.webp,f,
89324639-c069-41ce-970a-7e0765aa9b61,13693,INFOMEDIA,Infomedia Press Limited,NSE,"",NSE_EQ,34.91,t,2026-08-11 11:53:08.449906+05:30,2026-08-11 11:53:08.449906+05:30,https://dhanarthi-stockguru.s3.amazonaws.com/company_logos_webp/INFOMEDIA.webp,f,
a04fa7f9-bb8c-4674-a759-77428ca8400c,758836,SIMBHALS,Simbhaoli Sugars Limited,NSE,"",NSE_EQ,54.52,t,2026-08-11 11:53:08.133117+05:30,2026-08-11 11:53:08.133117+05:30,https://dhanarthi-stockguru.s3.amazonaws.com/company_logos_webp/SIMBHALS.webp,f,
df41d899-cbea-48e7-8c5c-ca008134b8d9,13741,SHYAMTEL,Shyam Telecom Limited,NSE,"",NSE_EQ,15.31,t,2026-08-11 11:53:08.032441+05:30,2026-08-11 11:53:08.032441+05:30,https://dhanarthi-stockguru.s3.amazonaws.com/company_logos_webp/SHYAMTEL.webp,f,
da766078-6e77-449a-9f94-3c8f48547960,21058,INDIFRA,INDIFRA,NSE,"",NSE_EQ,12.3,t,2026-08-11 11:53:09.566749+05:30,2026-08-11 11:53:09.566749+05:30,https://dhanarthi-stockguru.s3.amazonaws.com/company_logos_webp/INDIFRA.webp,f,
ae75887c-cf60-4381-9ade-275be10c070c,"",GANGOTRI,GANGOTRI,NSE,"",NSE_EQ,2,t,2026-08-11 11:53:09.133227+05:30,2026-08-11 11:53:09.133227+05:30,https://dhanarthi-stockguru.s3.amazonaws.com/company_logos_webp/GANGOTRI.webp,f,
3e98cd9a-1408-4084-b331-42b383353a71,12643,OSIAHYPER,Osia Hyper Retail Limited,NSE,"",NSE_EQ,296.94,t,2026-08-11 11:53:07.830683+05:30,2026-08-11 11:53:07.830683+05:30,https://dhanarthi-stockguru.s3.amazonaws.com/company_logos_webp/OSIAHYPER.webp,f,
d4add100-c342-4666-aaa8-d4f5b9af4128,28635,SRPL,Shree Ram Proteins Limited,NSE,"",NSE_EQ,29.02,t,2026-08-11 11:53:08.333105+05:30,2026-08-11 11:53:08.333105+05:30,https://dhanarthi-stockguru.s3.amazonaws.com/company_logos_webp/SRPL.webp,f,
1d008e79-56bf-4c1a-a68d-1ed4edb6e580,760252,SHRENIK,Shrenik Limited,NSE,"",NSE_EQ,33.35,t,2026-08-11 11:53:08.006368+05:30,2026-08-11 11:53:08.006368+05:30,https://dhanarthi-stockguru.s3.amazonaws.com/company_logos_webp/SHRENIK.webp,f,
14171081-e3e3-40a7-9df3-e58ed8c3d31c,15143,PATTECH,PATTECH,NSE,"",NSE_EQ,106.74,t,2026-08-11 11:53:09.402111+05:30,2026-08-11 11:53:09.402111+05:30,https://dhanarthi-stockguru.s3.amazonaws.com/company_logos_webp/PATTECH.webp,f,
14b0cd5e-c2ce-4196-b32e-9255564c3a38,9764,GSTL,GSTL,NSE,"",NSE_EQ,17.19,t,2026-08-11 11:53:09.566749+05:30,2026-08-11 11:53:09.566749+05:30,https://dhanarthi-stockguru.s3.amazonaws.com/company_logos_webp/GSTL.webp,f,
f290e4b3-6077-4a0c-8f81-6b8fab84ab9d,24747,DHARIWAL,DHARIWAL,NSE,"",NSE_EQ,197.57,t,2026-08-11 11:53:09.316147+05:30,2026-08-11 11:53:09.316798+05:30,https://dhanarthi-stockguru.s3.amazonaws.com/company_logos_webp/DHARIWAL.webp,f,
92e8123c-e3f9-4380-b3de-c26621cf2685,760462,DIL,Debock Industries Limited,NSE,"",NSE_EQ,32.01,t,2026-08-11 11:53:07.449913+05:30,2026-08-11 11:53:07.449913+05:30,https://dhanarthi-stockguru.s3.amazonaws.com/company_logos_webp/DIL.webp,f,
d72a5610-9f05-4586-8386-5d15ac6b45f8,"",GOENKA,GOENKA,NSE,"",NSE_EQ,30.41,t,2026-08-11 11:53:09.116677+05:30,2026-08-11 11:53:09.116677+05:30,https://dhanarthi-stockguru.s3.amazonaws.com/company_logos_webp/GOENKA.webp,f,
1da185e9-22f1-4bb5-833d-4f345885e3a2,19677,ANSALAPI,Ansal Properties & Infrastructure Limited,NSE,"",NSE_EQ,70.75,t,2026-08-11 11:53:07.300879+05:30,2026-08-11 11:53:07.300879+05:30,https://dhanarthi-stockguru.s3.amazonaws.com/company_logos_webp/ANSALAPI.webp,f,
3f112dfd-6c95-4910-b9f3-af7914dc91d2,"",MARSHALL,MARSHALL,NSE,"",NSE_EQ,13.72,t,2026-08-11 11:53:09.116677+05:30,2026-08-11 11:53:09.116677+05:30,https://dhanarthi-stockguru.s3.amazonaws.com/company_logos_webp/MARSHALL.webp,f,
e308f3b1-7063-495f-8ab1-02416efc761c,20930,JALAN,JALAN,NSE,"",NSE_EQ,6.99,t,2026-08-11 11:53:09.574228+05:30,2026-08-11 11:53:09.574228+05:30,https://dhanarthi-stockguru.s3.amazonaws.com/company_logos_webp/JALAN.webp,f,
2900ba8a-72c7-4e79-943c-4f467082a370,20409,CBAZAAR,CBAZAAR,NSE,"",NSE_EQ,9.33,t,2026-08-11 11:53:09.574228+05:30,2026-08-11 11:53:09.574228+05:30,https://dhanarthi-stockguru.s3.amazonaws.com/company_logos_webp/CBAZAAR.webp,f,
aa7fb3ed-003d-4310-9574-d2593947e243,"",SANCO,SANCO,NSE,"",NSE_EQ,2.83,t,2026-08-11 11:53:09.133227+05:30,2026-08-11 11:53:09.133227+05:30,https://dhanarthi-stockguru.s3.amazonaws.com/company_logos_webp/SANCO.webp,f,
b170b6b8-f2ac-466b-95e3-aff025f125ed,"",KTL,KTL,NSE,"",NSE_EQ,9.65,t,2026-08-11 11:53:09.133227+05:30,2026-08-11 11:53:09.133227+05:30,https://dhanarthi-stockguru.s3.amazonaws.com/company_logos_webp/KTL.webp,f,
6e9b8c7a-cfed-4600-aadc-95a4294b3170,"",SANGHIIND,SANGHIIND,NSE,"",NSE_EQ,1673.78,t,2026-08-11 11:53:09.116677+05:30,2026-08-11 11:53:09.116677+05:30,https://dhanarthi-stockguru.s3.amazonaws.com/company_logos_webp/SANGHIIND.webp,f,
248f5bec-4605-4fb7-ad97-241a84940044,8722,TCIFINANCE,TCI Finance Limited,NSE,"",NSE_EQ,17.32,t,2026-08-11 11:53:08.599841+05:30,2026-08-11 11:53:08.599841+05:30,https://dhanarthi-stockguru.s3.amazonaws.com/company_logos_webp/TCIFINANCE.webp,f,
29277ecb-ba10-47b9-aeb9-5be91ad4a616,"",GUJGASLTD,Gujarat Gas Limited,NSE,"",NSE_EQ,29365.41,t,2026-08-11 11:53:08.960894+05:30,2026-08-11 11:53:08.960894+05:30,https://dhanarthi-stockguru.s3.amazonaws.com/company_logos_webp/GUJGASLTD.webp,f,
77581ce6-7c7c-4491-b73e-60d10d17cca3,9858,FIDEL,FIDEL,NSE,"",NSE_EQ,231.69,t,2026-08-11 11:53:09.286776+05:30,2026-08-11 11:53:09.286776+05:30,https://dhanarthi-stockguru.s3.amazonaws.com/company_logos_webp/FIDEL.webp,f,
668f16dd-be98-4756-9485-6012eca15dd3,25516,FLEXITUFF,Flexituff Ventures International Limited,NSE,"",NSE_EQ,71.42,t,2026-08-11 11:53:07.499428+05:30,2026-08-11 11:53:07.499428+05:30,https://dhanarthi-stockguru.s3.amazonaws.com/company_logos_webp/FLEXITUFF.webp,f,
14b67507-39b4-471d-a88f-6cdaa3eefa5e,"",CIGNITITEC,CIGNITITEC,NSE,"",NSE_EQ,4639.38,t,2026-08-11 11:53:09.116677+05:30,2026-08-11 11:53:09.116677+05:30,https://dhanarthi-stockguru.s3.amazonaws.com/company_logos_webp/CIGNITITEC.webp,f,
cfb20f92-85e3-44de-8848-e1592b71c0d4,8426,RSSOFTWARE,R. S. Software (India) Limited,NSE,"",NSE_EQ,175.94,t,2026-08-11 11:53:09.083277+05:30,2026-08-11 11:53:09.083277+05:30,https://dhanarthi-stockguru.s3.amazonaws.com/company_logos_webp/RSSOFTWARE.webp,f,
c654851e-8470-461c-8933-fca11d61564e,14868,FLFL,Future Lifestyle Fashions Limited,NSE,"",NSE_EQ,31.85,t,2026-08-11 11:53:07.499428+05:30,2026-08-11 11:53:07.499428+05:30,https://dhanarthi-stockguru.s3.amazonaws.com/company_logos_webp/FLFL.webp,f,
1c7ce62a-2c87-41c2-bd07-2d0f54817881,22976,MVKAGRO,MVKAGRO,NSE,"",NSE_EQ,756.12,t,2026-08-11 11:53:09.21661+05:30,2026-08-11 11:53:09.21661+05:30,https://dhanarthi-stockguru.s3.amazonaws.com/company_logos_webp/MVKAGRO.webp,f,
0a5de9e6-f74a-443c-b81c-5e0b87c136ec,6417,KRITI,Kriti Industries (India) Limited,NSE,"",NSE_EQ,659.76,t,2026-08-11 11:53:08.683952+05:30,2026-08-11 11:53:08.683952+05:30,https://dhanarthi-stockguru.s3.amazonaws.com/company_logos_webp/KRITI.webp,f,
f497ccbc-bfba-4df9-b87c-532f65d9c435,13229,GVKPIL,GVK Power & Infrastructure Limited,NSE,"",NSE_EQ,556.53,t,2026-08-11 11:53:08.383036+05:30,2026-08-11 11:53:08.383036+05:30,https://dhanarthi-stockguru.s3.amazonaws.com/company_logos_webp/GVKPIL.webp,f,
5a84afac-f4d1-4071-b4c6-df4e2fb73df0,1204,PRAXIS,Praxis Home Retail Limited,NSE,"",NSE_EQ,215.21,t,2026-08-11 11:53:07.899672+05:30,2026-08-11 11:53:07.899672+05:30,https://dhanarthi-stockguru.s3.amazonaws.com/company_logos_webp/PRAXIS.webp,f,
f0223532-b5aa-4692-841d-53cc5dc6a75d,1327,HCL-INSYS,HCL Infosystems Limited,NSE,"",NSE_EQ,495.44,t,2026-08-11 11:53:08.390006+05:30,2026-08-11 11:53:08.390006+05:30,https://dhanarthi-stockguru.s3.amazonaws.com/company_logos_webp/HCL-INSYS.webp,f,
0f1a4932-43c8-4111-b6b0-a1f5704b894c,759202,AGSTRA,AGS Transact Technologies Limited,NSE,"",NSE_EQ,61.19,t,2026-08-11 11:53:07.616094+05:30,2026-08-11 11:53:07.616094+05:30,https://dhanarthi-stockguru.s3.amazonaws.com/company_logos_webp/AGSTRA.webp,f,
c2afcfc6-af5d-4dbd-80c9-c49e9f52a5fc,4775,DCMFINSERV,DCM Financial Services Limited,NSE,"",NSE_EQ,10.87,t,2026-08-11 11:53:07.430242+05:30,2026-08-11 11:53:07.430242+05:30,https://dhanarthi-stockguru.s3.amazonaws.com/company_logos_webp/DCMFINSERV.webp,f,
b9ec21c6-069e-4c44-bdd8-64719e803dfe,"",LTIM,LTIM,NSE,"",NSE_EQ,163636.65,t,2026-08-11 11:53:09.114989+05:30,2026-08-11 11:53:09.114989+05:30,https://dhanarthi-stockguru.s3.amazonaws.com/company_logos_webp/LTIM.webp,f,
f0567cae-385a-4465-859f-c5b2fcc9b1f3,"",ROLTA,ROLTA,NSE,"",NSE_EQ,33.59,t,2026-08-11 11:53:09.116677+05:30,2026-08-11 11:53:09.116677+05:30,https://dhanarthi-stockguru.s3.amazonaws.com/company_logos_webp/ROLTA.webp,f,
8f0d8a5c-88ab-4f92-b6bd-ac3be9ead5c0,24107,SKIL,SKIL Infrastructure Limited,NSE,"",NSE_EQ,33.89,t,2026-08-11 11:53:08.196304+05:30,2026-08-11 11:53:08.196304+05:30,https://dhanarthi-stockguru.s3.amazonaws.com/company_logos_webp/SKIL.webp,f,
6c338c8b-9c95-439a-87c7-43c756b5f985,29016,CEREBRAINT,Cerebra Integrated Technologies Limited,NSE,"",NSE_EQ,86.6,t,2026-08-11 11:53:07.399737+05:30,2026-08-11 11:53:07.399737+05:30,https://dhanarthi-stockguru.s3.amazonaws.com/company_logos_webp/CEREBRAINT.webp,f,
81b960ed-d475-49b8-84ee-e0152559dde8,11058,SECURKLOUD,SECUREKLOUD TECHNOLOGIES LIMITED,NSE,"",NSE_EQ,78.18,t,2026-08-11 11:53:07.322446+05:30,2026-08-11 11:53:07.322446+05:30,https://dhanarthi-stockguru.s3.amazonaws.com/company_logos_webp/SECURKLOUD.webp,f,
06cf3196-cbdc-44ac-9315-b45c2fd7d888,10932,RADAAN,Radaan Mediaworks India Limited,NSE,"",NSE_EQ,19.54,t,2026-08-11 11:53:09.049382+05:30,2026-08-11 11:53:09.049382+05:30,https://dhanarthi-stockguru.s3.amazonaws.com/company_logos_webp/RADAAN.webp,f,
9de00541-6b97-453f-890f-e60324119552,9867,NEXTMEDIA,Next Mediaworks Limited,NSE,"",NSE_EQ,42.84,t,2026-08-11 11:53:07.733094+05:30,2026-08-11 11:53:07.733094+05:30,https://dhanarthi-stockguru.s3.amazonaws.com/company_logos_webp/NEXTMEDIA.webp,f,
84642603-2d3f-4f21-a878-77d20dd5241b,6087,DESTINY,DESTINY,NSE,"",NSE_EQ,187.25,t,2026-08-11 11:53:09.316798+05:30,2026-08-11 11:53:09.316798+05:30,https://dhanarthi-stockguru.s3.amazonaws.com/company_logos_webp/DESTINY.webp,f,
56559a21-2485-4bc9-b37c-622bfe5e46d0,3553,EQUIPPP,Equippp Social Impact Technologies Limited,NSE,"",NSE_EQ,200.69,t,2026-08-11 11:53:08.300128+05:30,2026-08-11 11:53:08.300128+05:30,https://dhanarthi-stockguru.s3.amazonaws.com/company_logos_webp/EQUIPPP.webp,f,
352204be-7a08-4482-b435-6c732ecff9db,30491,FELDVR,Future Enterprises Limited,NSE,"",NSE_EQ,,t,2026-08-11 11:53:08.300128+05:30,2026-08-11 11:53:08.300128+05:30,https://dhanarthi-stockguru.s3.amazonaws.com/company_logos_webp/AKI.webp,f,
dbc18e87-8f4b-4158-bc41-d407828790df,3809,VINEETLAB,Vineet Laboratories Limited,NSE,"",NSE_EQ,36.69,t,2026-08-11 11:53:09.145235+05:30,2026-08-11 11:53:09.145235+05:30,https://dhanarthi-stockguru.s3.amazonaws.com/company_logos_webp/VINEETLAB.webp,f,
d0d268be-5ac7-4903-ba5e-7418294bd3e3,3453,TECILCHEM,TECIL Chemicals and Hydro Power Limited,NSE,"",NSE_EQ,36.21,t,2026-08-11 11:53:08.599841+05:30,2026-08-11 11:53:08.599841+05:30,https://dhanarthi-stockguru.s3.amazonaws.com/company_logos_webp/TRANSWIND.webp,f,
f1ff8e3a-a7db-4d08-ba63-85a2759a70b1,9380,IL&FSENGG,IL&FS Engineering and Construction Company Limited,NSE,"",NSE_EQ,398.23,t,2026-08-11 11:53:07.599427+05:30,2026-08-11 11:53:07.599427+05:30,https://dhanarthi-stockguru.s3.amazonaws.com/company_logos_webp/DEEPAKFERT.webp,f,
1c177b91-952f-4173-b1c3-ffceea8a2a7e,"",AKZOINDIA,AKZOINDIA,NSE,"",NSE_EQ,15609.05,t,2026-08-11 11:53:09.116677+05:30,2026-08-11 11:53:09.116677+05:30,https://dhanarthi-stockguru.s3.amazonaws.com/company_logos_webp/AKZOINDIA.webp,f,
07f0c71e-e2b1-4218-a1b6-03b803bf3e2d,"",SAHAJ,SAHAJ,NSE,"",NSE_EQ,11.23,t,2026-08-11 11:53:09.132302+05:30,2026-08-11 11:53:09.132302+05:30,https://dhanarthi-stockguru.s3.amazonaws.com/company_logos_webp/SAHAJ.webp,f,
477dbf28-6fe1-404e-864c-35174bf1a33e,18024,SETUINFRA,Setubandhan Infrastructure Limited,NSE,"",NSE_EQ,7.28,t,2026-08-11 11:53:07.682792+05:30,2026-08-11 11:53:07.682792+05:30,https://dhanarthi-stockguru.s3.amazonaws.com/company_logos_webp/SETUINFRA.webp,f,
e8a75431-5a79-4812-b8a7-099fbd148b73,25027,GAYAPROJ,Gayatri Projects Limited,NSE,"",NSE_EQ,170.18,t,2026-08-11 11:53:07.522076+05:30,2026-08-11 11:53:07.522076+05:30,https://dhanarthi-stockguru.s3.amazonaws.com/company_logos_webp/GAYAPROJ.webp,f,
2a264450-6980-4530-9b79-6f5699bb8002,8886,EUROTEXIND,Eurotex Industries and Exports Limited,NSE,"",NSE_EQ,13.49,t,2026-08-11 11:53:08.300128+05:30,2026-08-11 11:53:08.300128+05:30,https://dhanarthi-stockguru.s3.amazonaws.com/company_logos_webp/EUROTEXIND.webp,f,
5789d58c-8871-42f6-8eb6-cea6ff64e344,8412,GLFL,Gujarat Lease Financing Limited,NSE,"",NSE_EQ,17.33,t,2026-08-11 11:53:07.533088+05:30,2026-08-11 11:53:07.533088+05:30,https://dhanarthi-stockguru.s3.amazonaws.com/company_logos_webp/GLFL.webp,f,
ab3adf52-d08b-4f7d-8cef-e25f9872f9f3,"",MIRCELECTR,MIRC Electronics Limited,NSE,"",NSE_EQ,674.51,t,2026-08-11 11:53:08.906394+05:30,2026-08-11 11:53:08.906394+05:30,https://dhanarthi-stockguru.s3.amazonaws.com/company_logos_webp/MIRCELECTR.webp,f,
c2cd5fdd-7b2b-4047-a108-2a0c7f43e8d0,19011,MASTER,MASTER,NSE,"",NSE_EQ,145.14,t,2026-08-11 11:53:09.365224+05:30,2026-08-11 11:53:09.365224+05:30,https://dhanarthi-stockguru.s3.amazonaws.com/company_logos_webp/MASTER.webp,f,
23255ece-c0df-418c-95ac-df908a48982e,"",AMBEY,AMBEY,NSE,"",NSE_EQ,102.52,t,2026-08-11 11:53:09.116677+05:30,2026-08-11 11:53:09.116677+05:30,https://dhanarthi-stockguru.s3.amazonaws.com/company_logos_webp/AMBEY.webp,f,
939d2e37-c2a8-48cc-aebf-93badb31ea87,22897,SADHAV,SADHAV,NSE,"",NSE_EQ,156.71,t,2026-08-11 11:53:09.357677+05:30,2026-08-11 11:53:09.357677+05:30,https://dhanarthi-stockguru.s3.amazonaws.com/company_logos_webp/SADHAV.webp,f,
91d025e3-1b15-4388-b899-4381eb76a964,"",ASLIND,ASLIND,NSE,"",NSE_EQ,72.23,t,2026-08-11 11:53:09.116677+05:30,2026-08-11 11:53:09.116677+05:30,https://dhanarthi-stockguru.s3.amazonaws.com/company_logos_webp/SAGILITY.webp,f,
c3be699e-d5d7-401b-8494-2c30418536d8,"",SEQUENT,SEQUENT,NSE,"",NSE_EQ,4974.99,t,2026-08-11 11:53:09.116677+05:30,2026-08-11 11:53:09.116677+05:30,https://dhanarthi-stockguru.s3.amazonaws.com/company_logos_webp/SEQUENT.webp,f,
9fe49fd0-5e0f-4e6b-900c-f2d32d86aa04,9376,QUINTEGRA,Quintegra Solutions Limited,NSE,"",NSE_EQ,4.74,t,2026-08-11 11:53:07.918696+05:30,2026-08-11 11:53:07.918696+05:30,https://dhanarthi-stockguru.s3.amazonaws.com/company_logos_webp/QUINTEGRA.webp,f,
df39a3e7-aaf6-45b6-951a-4a41adeff1b2,"",INFIBEAM,INFIBEAM,NSE,"",NSE_EQ,4769.3,t,2026-08-11 11:53:09.116677+05:30,2026-08-11 11:53:09.116677+05:30,https://dhanarthi-stockguru.s3.amazonaws.com/company_logos_webp/INFIBEAM.webp,f,
43c828a0-8265-4809-91ac-137f2f315d0d,1274,VASA,VASA,NSE,"",NSE_EQ,2.88,t,2026-08-11 11:53:09.574228+05:30,2026-08-11 11:53:09.574228+05:30,https://dhanarthi-stockguru.s3.amazonaws.com/company_logos_webp/VASA.webp,f,
25205023-b37f-4243-98f7-869761999f39,17735,BAFNAPH,Bafna Pharmaceuticals Limited,NSE,"",NSE_EQ,307.14,t,2026-08-11 11:53:08.152119+05:30,2026-08-11 11:53:08.152119+05:30,https://dhanarthi-stockguru.s3.amazonaws.com/company_logos_webp/BAFNAPH.webp,f,
754fe4e7-9604-4778-8fc8-c88dad4b98a6,778,KEEPLEARN,DSJ Keep Learning Limited,NSE,"",NSE_EQ,43.84,t,2026-08-11 11:53:08.616446+05:30,2026-08-11 11:53:08.616446+05:30,https://dhanarthi-stockguru.s3.amazonaws.com/company_logos_webp/KEEPLEARN.webp,f,
e14b2866-c6be-45a7-9c23-01212d19ccfb,24173,WINNY,WINNY,NSE,"",NSE_EQ,17.58,t,2026-08-11 11:53:09.566222+05:30,2026-08-11 11:53:09.566222+05:30,https://dhanarthi-stockguru.s3.amazonaws.com/company_logos_webp/WINNY.webp,f,
9baaa3c0-fe1e-4e9b-9074-4a1e9eda1f07,759204,RHFL,Reliance Home Finance Limited,NSE,"",NSE_EQ,198.67,t,2026-08-11 11:53:09.083277+05:30,2026-08-11 11:53:09.083277+05:30,https://dhanarthi-stockguru.s3.amazonaws.com/company_logos_webp/RHFL.webp,f,
dd33cb2e-07b9-4254-bb34-6a5da756285e,"",LYPSAGEMS,Lypsa Gems & Jewellery Limited,NSE,"",NSE_EQ,18.53,t,2026-08-11 11:53:08.804555+05:30,2026-08-11 11:53:08.804555+05:30,https://dhanarthi-stockguru.s3.amazonaws.com/company_logos_webp/LYPSAGEMS.webp,f,
ef0674e6-7ccb-4419-a9dd-05d2f0a46cd6,19281,EMAMIREAL,Emami Realty Limited,NSE,"",NSE_EQ,449.35,t,2026-08-11 11:53:07.482786+05:30,2026-08-11 11:53:07.482786+05:30,https://dhanarthi-stockguru.s3.amazonaws.com/company_logos_webp/EMAMIREAL.webp,f,
ba2aef38-002e-4fa2-b8ef-9a99e26819af,23530,TGL,TGL,NSE,"",NSE_EQ,94.13,t,2026-08-11 11:53:09.433391+05:30,2026-08-11 11:53:09.433391+05:30,https://dhanarthi-stockguru.s3.amazonaws.com/company_logos_webp/TGL.webp,f,
befc0a39-c380-4677-b134-647e3e72c703,19670,COMPINFO,Compuage Infocom Limited,NSE,"",NSE_EQ,16.82,t,2026-08-11 11:53:08.233387+05:30,2026-08-11 11:53:08.233387+05:30,https://dhanarthi-stockguru.s3.amazonaws.com/company_logos_webp/COMPINFO.webp,f,
5409c90d-4ffe-4f1f-8738-88cec39308c1,9381,IL&FSTRANS,IL&FS Transportation Networks Limited,NSE,"",NSE_EQ,103.24,t,2026-08-11 11:53:07.599427+05:30,2026-08-11 11:53:07.599427+05:30,https://dhanarthi-stockguru.s3.amazonaws.com/company_logos_webp/KAUSHALYA.webp,f,
912e64d6-ebc3-4c44-95ee-e0402d31a421,16355,PANACHE,Panache Digilife Limited,NSE,"",NSE_EQ,498.14,t,2026-08-11 11:53:07.832918+05:30,2026-08-11 11:53:07.832918+05:30,https://dhanarthi-stockguru.s3.amazonaws.com/company_logos_webp/PANACHE.webp,f,
6dfed80e-e2b6-49f2-b390-030beebfec70,14491,VERTEXPLUS,VERTEXPLUS,NSE,"",NSE_EQ,68.44,t,2026-08-11 11:53:09.46984+05:30,2026-08-11 11:53:09.46984+05:30,https://dhanarthi-stockguru.s3.amazonaws.com/company_logos_webp/VERTEXPLUS.webp,f,
1b77fa47-f8a0-4078-bb7d-33a8d427f788,11634,SALSTEEL,S.A.L. Steel Limited,NSE,"",NSE_EQ,243.42,t,2026-08-11 11:53:09.100075+05:30,2026-08-11 11:53:09.100075+05:30,https://dhanarthi-stockguru.s3.amazonaws.com/company_logos_webp/SALSTEEL.webp,f,
899c2f73-83ca-4446-ab5e-0219ec7d188e,2365,GIRIRAJ,GIRIRAJ,NSE,"",NSE_EQ,622.09,t,2026-08-11 11:53:09.21661+05:30,2026-08-11 11:53:09.21661+05:30,https://dhanarthi-stockguru.s3.amazonaws.com/company_logos_webp/GIRIRAJ.webp,f,
5e2e3047-e27e-440f-be59-3fb8e1bcfbd0,19692,ONDOOR,ONDOOR,NSE,"",NSE_EQ,84.42,t,2026-08-11 11:53:09.450055+05:30,2026-08-11 11:53:09.450055+05:30,https://dhanarthi-stockguru.s3.amazonaws.com/company_logos_webp/ONDOOR.webp,f,
0f76119c-103b-43ca-bda0-2cd397a3eba0,"",MEGASOFT,MEGASOFT,NSE,"",NSE_EQ,1144.64,t,2026-08-11 11:53:08.599841+05:30,2026-08-11 11:53:08.599841+05:30,https://dhanarthi-stockguru.s3.amazonaws.com/company_logos_webp/MEGASOFT.webp,f,
783465f9-1992-4d36-941c-54eb7af93413,3512,TNTELE,Tamilnadu Telecommunication Limited,NSE,"",NSE_EQ,65.72,t,2026-08-11 11:53:08.702607+05:30,2026-08-11 11:53:08.702607+05:30,https://dhanarthi-stockguru.s3.amazonaws.com/company_logos_webp/TNTELE.webp,f,
e39f532f-3db5-4f6a-b75c-6ded4ad7358e,21792,MPTODAY,MPTODAY,NSE,"",NSE_EQ,22.13,t,2026-08-11 11:53:09.550065+05:30,2026-08-11 11:53:09.550065+05:30,https://dhanarthi-stockguru.s3.amazonaws.com/company_logos_webp/MPTODAY.webp,f,
39d29d38-f61f-4ee1-8ffa-ba5e9aaa052a,"",CLOUD,CLOUD,NSE,"",NSE_EQ,21.67,t,2026-08-11 11:53:09.116677+05:30,2026-08-11 11:53:09.116677+05:30,https://dhanarthi-stockguru.s3.amazonaws.com/company_logos_webp/CLOUD.webp,f,
03afb40d-b9d1-4e02-89f4-e22e86e414bb,10192,SHYAMCENT,Shyam Century Ferrous Limited,NSE,"",NSE_EQ,150,t,2026-08-11 11:53:08.021031+05:30,2026-08-11 11:53:08.021031+05:30,https://dhanarthi-stockguru.s3.amazonaws.com/company_logos_webp/SHYAMCENT.webp,f,
6ae086c7-ae46-4254-967d-fde9e478d4df,25482,TIJARIA,Tijaria Polypipes Limited,NSE,"",NSE_EQ,19.65,t,2026-08-11 11:53:08.666851+05:30,2026-08-11 11:53:08.666851+05:30,https://dhanarthi-stockguru.s3.amazonaws.com/company_logos_webp/TIJARIA.webp,f,
d340a727-fec1-4dac-979a-4a6e5366f69e,"",WINSOME,Winsome Yarns Limited,NSE,"",NSE_EQ,13.69,t,2026-08-11 11:53:09.100075+05:30,2026-08-11 11:53:09.100075+05:30,https://dhanarthi-stockguru.s3.amazonaws.com/company_logos_webp/WINSOME.webp,f,
bef9606a-71f4-44c6-b785-e0256120349f,25878,ANKITMETAL,Ankit Metal & Power Limited,NSE,"",NSE_EQ,26.34,t,2026-08-11 11:53:07.300879+05:30,2026-08-11 11:53:07.300879+05:30,https://dhanarthi-stockguru.s3.amazonaws.com/company_logos_webp/ANKITMETAL.webp,f,
0c810e2a-fe4a-4be5-b98f-45ee7423558b,"",SABEVENTS,Sab Events & Governance Now Media Limited,NSE,"",NSE_EQ,7,t,2026-08-11 11:53:09.095169+05:30,2026-08-11 11:53:09.095169+05:30,https://dhanarthi-stockguru.s3.amazonaws.com/company_logos_webp/SABEVENTS.webp,f,
eaaa5bdc-2c23-400a-bf65-86c0dae94f22,29210,SITINET,Siti Networks Limited,NSE,"",NSE_EQ,40.04,t,2026-08-11 11:53:08.133117+05:30,2026-08-11 11:53:08.133117+05:30,https://dhanarthi-stockguru.s3.amazonaws.com/company_logos_webp/SITINET.webp,f,
82ba0ef5-d782-4681-8be9-05f6ac0abfd0,4791,RELINFRA,Reliance Infrastructure Limited,NSE,"",NSE_EQ,10096.52,t,2026-08-11 11:53:07.926341+05:30,2026-08-11 11:53:07.926341+05:30,https://dhanarthi-stockguru.s3.amazonaws.com/company_logos_webp/RELINFRA.webp,f,
fb7fca26-acd7-40ac-aa7c-79f7b024d78b,17059,PALREDTEC,Palred Technologies Limited,NSE,"",NSE_EQ,62.49,t,2026-08-11 11:53:07.832918+05:30,2026-08-11 11:53:07.832918+05:30,https://dhanarthi-stockguru.s3.amazonaws.com/company_logos_webp/PALREDTEC.webp,f,
7a249ba6-2d64-4dfc-9331-6b885d9d75cc,"",EXCEL,EXCEL,NSE,"",NSE_EQ,192.94,t,2026-08-11 11:53:09.116677+05:30,2026-08-11 11:53:09.116677+05:30,https://dhanarthi-stockguru.s3.amazonaws.com/company_logos_webp/EXCEL.webp,f,
a780b8c4-7348-4848-a8a7-fc581ba1d0f3,3693,GAYAHWS,Gayatri Highways Limited,NSE,"",NSE_EQ,66.12,t,2026-08-11 11:53:07.522076+05:30,2026-08-11 11:53:07.522076+05:30,https://dhanarthi-stockguru.s3.amazonaws.com/company_logos_webp/GAYAHWS.webp,f,
9553bcbc-aef4-48b6-bcfd-c09d8fc0347d,11488,KRIDHANINF,Kridhan Infra Limited,NSE,"",NSE_EQ,38.07,t,2026-08-11 11:53:08.680868+05:30,2026-08-11 11:53:08.680868+05:30,https://dhanarthi-stockguru.s3.amazonaws.com/company_logos_webp/KRIDHANINF.webp,f,
389b65c8-1453-4b61-b95e-582f3f8667a6,15349,SADHNANIQ,Sadhana Nitrochem Limited,NSE,"",NSE_EQ,258.58,t,2026-08-11 11:53:07.949549+05:30,2026-08-11 11:53:07.949549+05:30,https://dhanarthi-stockguru.s3.amazonaws.com/company_logos_webp/SADHNANIQ.webp,f,
070c32c5-d262-43e6-b3cf-15feff40914e,11079,GFSTEELS,Grand Foundry Limited,NSE,"",NSE_EQ,31.06,t,2026-08-11 11:53:07.533088+05:30,2026-08-11 11:53:07.533088+05:30,https://dhanarthi-stockguru.s3.amazonaws.com/company_logos_webp/GFSTEELS.webp,f,
0cc0ffe0-e150-41ca-819b-493403c7289d,13821,RUCHIRA,Ruchira Papers Limited,NSE,INE803H01014,NSE_EQ,406.33,t,2026-08-11 11:53:09.095169+05:30,2026-08-13 10:18:23.069898+05:30,https://dhanarthi-stockguru.s3.amazonaws.com/company_logos_webp/RUCHIRA.webp,t,1 x
0e4573eb-7a22-4876-a23f-0fe0eec3058f,3963,GOCLCORP,GOCL Corporation Limited,NSE,INE077F01035,NSE_EQ,1716.67,t,2026-08-11 11:53:08.349673+05:30,2026-08-13 10:18:23.070417+05:30,https://dhanarthi-stockguru.s3.amazonaws.com/company_logos_webp/GOCLCORP.webp,t,2.5 x
559e4735-32e7-439b-aa1f-26759f721533,11919,MSPL,MSP Steel & Power Limited,NSE,INE752G01015,NSE_EQ,1934.24,t,2026-08-11 11:53:07.686802+05:30,2026-08-13 10:18:23.29187+05:30,https://dhanarthi-stockguru.s3.amazonaws.com/company_logos_webp/MSPL.webp,t,2 x
5a2bcb6e-f4b6-4da3-a6d9-5c163d1c6a26,18049,MINDTECK,Mindteck (India) Limited,NSE,INE110B01017,NSE_EQ,716.96,t,2026-08-11 11:53:07.649447+05:30,2026-08-13 10:18:23.307503+05:30,https://dhanarthi-stockguru.s3.amazonaws.com/company_logos_webp/MINDTECK.webp,t,2 x
61319457-97d1-4f89-85f3-c47e291fdf74,24969,WINDMACHIN,Windsor Machines Limited,NSE,INE052A01021,NSE_EQ,2601.42,t,2026-08-11 11:53:09.182988+05:30,2026-08-13 10:18:23.338747+05:30,https://dhanarthi-stockguru.s3.amazonaws.com/company_logos_webp/WINDMACHIN.webp,t,2.5 x
83eea7eb-170a-44a4-a9e9-389fa5d54c48,29113,CARERATING,CARE Ratings Limited,NSE,INE752H01013,NSE_EQ,4834.87,t,2026-08-11 11:53:08.202533+05:30,2026-08-13 10:18:23.453377+05:30,https://dhanarthi-stockguru.s3.amazonaws.com/company_logos_webp/CARERATING.webp,t,3.2 x
83f220ee-26f2-4db5-bdc7-eb4d7b81081c,2073,VTL,Vardhman Textiles Limited,NSE,INE825A01020,NSE_EQ,12677.56,t,2026-08-11 11:53:09.166605+05:30,2026-08-13 10:18:23.453377+05:30,https://dhanarthi-stockguru.s3.amazonaws.com/company_logos_webp/VTL.webp,t,3.17 x
8408f876-ea88-4415-a94e-05e0d547622c,4522,SIGIND,Signet Industries Limited,NSE,INE529F01035,NSE_EQ,165.19,t,2026-08-11 11:53:08.104534+05:30,2026-08-13 10:18:23.453377+05:30,https://dhanarthi-stockguru.s3.amazonaws.com/company_logos_webp/SIGIND.webp,f,
840e6b6f-d07e-414c-9ad5-99182eaa05f3,759517,MIDWESTLTD,Midwest Limited,NSE,INE0XAD01024,NSE_EQ,4819.4,t,2026-08-11 11:53:07.649447+05:30,2026-08-13 10:18:23.453377+05:30,,t,2.98 x
84133475-08c0-4960-89da-3494a69e35ca,25844,HYUNDAI,Hyundai Motor India Limited,NSE,INE0V6F01027,NSE_EQ,190815.28,t,2026-08-11 11:53:08.966518+05:30,2026-08-13 10:18:23.453377+05:30,https://dhanarthi-stockguru.s3.amazonaws.com/company_logos_webp/HYUNDAI.webp,t,4.17 x
84193d34-7e08-4e78-871c-2a0b0d6a2870,762568,BATLIBOI,Batliboi Limited,NSE,INE177C01022,NSE_EQ,,t,2026-08-11 11:53:08.166796+05:30,2026-08-13 10:18:23.453377+05:30,https://dhanarthi-stockguru.s3.amazonaws.com/company_logos_webp/BATLIBOI.webp,f,
845cf7f4-e4d6-438c-a201-be7615056ee3,5049,CLEAN,Clean Science and Technology Limited,NSE,INE227W01023,NSE_EQ,11731.51,t,2026-08-11 11:53:08.933682+05:30,2026-08-13 10:18:23.453377+05:30,https://dhanarthi-stockguru.s3.amazonaws.com/company_logos_webp/CLEAN.webp,t,3.21 x
8464b9a3-75c5-47e9-9a88-5add1a2c53ef,29124,PCJEWELLER,PC Jeweller Limited,NSE,INE785M01021,NSE_EQ,8504.07,t,2026-08-11 11:53:09.024045+05:30,2026-08-13 10:18:23.453377+05:30,https://dhanarthi-stockguru.s3.amazonaws.com/company_logos_webp/PCJEWELLER.webp,t,2.59 x
847ffaa7-9e55-4655-859b-8f913d5939da,14309,INDIANB,Indian Bank,NSE,INE562A01011,NSE_EQ,99686.08,t,2026-08-11 11:53:07.615052+05:30,2026-08-13 10:18:23.453377+05:30,https://dhanarthi-stockguru.s3.amazonaws.com/company_logos_webp/INDIANB.webp,t,4.11 x
8515e369-35bc-45ed-91f1-ef601fb68473,11497,SWASTIK,SWASTIK,NSE,INE0DGC01025,NSE_EQ,69.34,t,2026-08-11 11:53:09.46984+05:30,2026-08-13 10:18:23.453377+05:30,https://dhanarthi-stockguru.s3.amazonaws.com/company_logos_webp/SWASTIK.webp,f,
8523805c-728a-44a6-81cb-ec99c37e2c7a,3812,ZEEL,Zee Entertainment Enterprises Limited,NSE,INE256A01028,NSE_EQ,10743.69,t,2026-08-11 11:53:09.183625+05:30,2026-08-13 10:18:23.453377+05:30,https://dhanarthi-stockguru.s3.amazonaws.com/company_logos_webp/ZEEL.webp,t,2.74 x
8528e1f6-3f1f-491f-bb21-677ec984002c,896,KHAICHEM,Khaitan Chemicals & Fertilizers Limited,NSE,INE745B01028,NSE_EQ,1027.4,t,2026-08-11 11:53:08.616446+05:30,2026-08-13 10:18:23.453377+05:30,https://dhanarthi-stockguru.s3.amazonaws.com/company_logos_webp/KHAICHEM.webp,f,
85342f1b-f58d-4f83-8170-99113613b4ca,6818,LATENTVIEW,Latent View Analytics Limited,NSE,INE0I7C01011,NSE_EQ,9083.2,t,2026-08-11 11:53:08.999929+05:30,2026-08-13 10:18:23.453377+05:30,https://dhanarthi-stockguru.s3.amazonaws.com/company_logos_webp/LATENTVIEW.webp,t,2.83 x
85343470-bfb1-4481-84c8-f76376fbb672,20092,TASTYBITE,Tasty Bite Eatables Limited,NSE,INE488B01017,NSE_EQ,2411.91,t,2026-08-11 11:53:08.555275+05:30,2026-08-13 10:18:23.453377+05:30,https://dhanarthi-stockguru.s3.amazonaws.com/company_logos_webp/TASTYBITE.webp,t,2.5 x
854001ae-3f1a-4dac-b01a-a0c35eb4dc0a,17270,ASPINWALL,Aspinwall and Company Limited,NSE,INE991I01015,NSE_EQ,206.92,t,2026-08-11 11:53:07.322446+05:30,2026-08-13 10:18:23.453377+05:30,https://dhanarthi-stockguru.s3.amazonaws.com/company_logos_webp/ASPINWALL.webp,f,
855dec36-caa1-4ddf-b6be-87be88744c31,10568,RAMAPHO,Rama Phosphates Limited,NSE,INE809A01032,NSE_EQ,561.63,t,2026-08-11 11:53:09.05507+05:30,2026-08-13 10:18:23.453377+05:30,https://dhanarthi-stockguru.s3.amazonaws.com/company_logos_webp/RAMAPHO.webp,t,1.67 x
8567def2-b289-4f28-8b3b-e2f190cda05f,14485,THEMISMED,Themis Medicare Limited,NSE,INE083B01024,NSE_EQ,1062.14,t,2026-08-11 11:53:08.653513+05:30,2026-08-13 10:18:23.453377+05:30,https://dhanarthi-stockguru.s3.amazonaws.com/company_logos_webp/THEMISMED.webp,t,1 x
85694ce3-dd9b-4475-8300-4ee7aacde5f4,2717,PRECWIRE,Precision Wires India Limited,NSE,INE372C01037,NSE_EQ,3692.44,t,2026-08-11 11:53:07.899672+05:30,2026-08-13 10:18:23.453377+05:30,https://dhanarthi-stockguru.s3.amazonaws.com/company_logos_webp/PRECWIRE.webp,t,1 x
858d4d31-de6c-46c5-b11f-0fae2de6416d,16711,SAHANA,SAHANA,NSE,INE0LEX01011,NSE_EQ,1001.55,t,2026-08-11 11:53:09.202139+05:30,2026-08-13 10:18:23.453377+05:30,https://dhanarthi-stockguru.s3.amazonaws.com/company_logos_webp/SAHANA.webp,f,
85c29b3f-0ab9-4eb3-851c-fd4051f83f64,1826,KAMATHOTEL,Kamat Hotels (I) Limited,NSE,INE967C01018,NSE_EQ,791.91,t,2026-08-11 11:53:08.594802+05:30,2026-08-13 10:18:23.453377+05:30,https://dhanarthi-stockguru.s3.amazonaws.com/company_logos_webp/KAMATHOTEL.webp,t,2 x
85cc6eb2-753b-4ee4-9fc6-f3959821bb50,17520,RTNPOWER,RattanIndia Power Limited,NSE,INE399K01017,NSE_EQ,6314.22,t,2026-08-11 11:53:09.083277+05:30,2026-08-13 10:18:23.453377+05:30,https://dhanarthi-stockguru.s3.amazonaws.com/company_logos_webp/RTNPOWER.webp,t,2.86 x
85ce4ad1-a0e8-428d-99d7-5b3ff8127947,759551,PIRAMALFIN,Piramal Finance Limited,NSE,INE202B01038,NSE_EQ,35093.23,t,2026-08-11 11:53:07.866247+05:30,2026-08-13 10:18:23.453377+05:30,,t,3.59 x
85dc7379-b7ed-42b6-ac46-03d44b99fcad,3721,TATACOMM,Tata Communications Limited,NSE,INE151A01013,NSE_EQ,49916.64,t,2026-08-11 11:53:08.566457+05:30,2026-08-13 10:18:23.453377+05:30,https://dhanarthi-stockguru.s3.amazonaws.com/company_logos_webp/TATACOMM.webp,t,3.27 x
85f68924-59ff-4971-9baf-92b831d22b58,9020,VCL,Vaxtex Cotfab Limited,NSE,INE098201036,NSE_EQ,22.93,t,2026-08-11 11:53:08.87527+05:30,2026-08-13 10:18:23.453377+05:30,https://dhanarthi-stockguru.s3.amazonaws.com/company_logos_webp/VCL.webp,f,
8604595c-5c9d-4974-9aae-27c4a570490d,1110,DANGEE,Dangee Dums Limited,NSE,INE688Y01022,NSE_EQ,65.85,t,2026-08-11 11:53:08.234674+05:30,2026-08-13 10:18:23.453377+05:30,https://dhanarthi-stockguru.s3.amazonaws.com/company_logos_webp/DANGEE.webp,f,
860664cc-fe91-4c64-bc63-7ddbd66b41b9,1597,INGERRAND,Ingersoll Rand (India) Limited,NSE,INE177A01018,NSE_EQ,12067.44,t,2026-08-11 11:53:08.449906+05:30,2026-08-13 10:18:23.453377+05:30,https://dhanarthi-stockguru.s3.amazonaws.com/company_logos_webp/INGERRAND.webp,t,3.27 x
860a561a-7f13-44cf-bcb1-6c711862e9a2,13111,ORIENTCER,ORIENT CERATECH LIMITED,NSE,INE569C01020,NSE_EQ,477.14,t,2026-08-11 11:53:07.81617+05:30,2026-08-13 10:18:23.453377+05:30,https://dhanarthi-stockguru.s3.amazonaws.com/company_logos_webp/ORIENTCER.webp,f,
860d879d-877c-49c1-a5b6-e3b962e4dab2,507,PULZ,PULZ,NSE,INE335X01014,NSE_EQ,83.6,t,2026-08-11 11:53:09.450055+05:30,2026-08-13 10:18:23.453377+05:30,https://dhanarthi-stockguru.s3.amazonaws.com/company_logos_webp/PULZ.webp,f,
8611a2f1-ee7e-4909-a2f8-800f4b05988e,759587,STUDDS,Studds Accessories Limited,NSE,INE00Q601028,NSE_EQ,2141.88,t,2026-08-11 11:53:08.399736+05:30,2026-08-13 10:18:23.453377+05:30,,t,2.5 x
862164be-926c-4e90-8c4d-c29b6ce6e494,24249,SPCL,SPCL,NSE,INE0T7B01010,NSE_EQ,242.16,t,2026-08-11 11:53:09.286776+05:30,2026-08-13 10:18:23.453377+05:30,https://dhanarthi-stockguru.s3.amazonaws.com/company_logos_webp/SPCL.webp,f,
86234a4f-ee8a-4c01-b02a-bc8acc92a918,15199,MANAKSIA,Manaksia Limited,NSE,INE015D01022,NSE_EQ,448.69,t,2026-08-11 11:53:08.823566+05:30,2026-08-13 10:18:23.453377+05:30,https://dhanarthi-stockguru.s3.amazonaws.com/company_logos_webp/MANAKSIA.webp,f,
86279f54-5778-477e-92d0-f46d8b17a518,757965,SMARTWORKS,Smartworks Coworking Spaces Limited,NSE,INE0NAZ01010,NSE_EQ,5801.1,t,2026-08-11 11:53:08.249896+05:30,2026-08-13 10:18:23.453377+05:30,,t,3.37 x
8643a8cc-0971-4f44-9e48-01c5a6852753,19578,UGARSUGAR,The Ugar Sugar Works Limited,NSE,INE071E01023,NSE_EQ,490.36,t,2026-08-11 11:53:08.766558+05:30,2026-08-13 10:18:23.453377+05:30,https://dhanarthi-stockguru.s3.amazonaws.com/company_logos_webp/UGARSUGAR.webp,t,1 x
864c565a-c438-435b-917c-1a62dfc1e663,19234,LAURUSLABS,Laurus Labs Limited,NSE,INE947Q01028,NSE_EQ,49354.41,t,2026-08-11 11:53:08.734248+05:30,2026-08-13 10:18:23.453377+05:30,https://dhanarthi-stockguru.s3.amazonaws.com/company_logos_webp/LAURUSLABS.webp,t,4.17 x
865f3d46-80ed-4850-bccf-4a126ff1e6b1,20551,DOMS,DOMS Industries Limited,NSE,INE321T01012,NSE_EQ,15195.88,t,2026-08-11 11:53:08.933682+05:30,2026-08-13 10:18:23.453377+05:30,https://dhanarthi-stockguru.s3.amazonaws.com/company_logos_webp/DOMS.webp,t,3.31 x
8662d7df-19e7-4362-9fcc-d9c51d33c8d1,758303,JAINIK,JAINIK,NSE,INE0XIL01012,NSE_EQ,176.59,t,2026-08-11 11:53:09.329823+05:30,2026-08-13 10:18:23.453377+05:30,,f,
86659f0e-ea72-4b97-adbe-960665f78a70,17206,SYNOPTICS,SYNOPTICS,NSE,INE0BTR01012,NSE_EQ,72.64,t,2026-08-11 11:53:09.46984+05:30,2026-08-13 10:18:23.453377+05:30,https://dhanarthi-stockguru.s3.amazonaws.com/company_logos_webp/SYNOPTICS.webp,f,
8667af14-4e24-43b2-ba30-2a2f0ba31f8c,762538,AKCAPIT,AK Capital Services Limited,NSE,INE701G01012,NSE_EQ,,t,2026-08-11 11:53:08.086537+05:30,2026-08-13 10:18:23.453377+05:30,,f,
8681c81b-db4a-481a-8e20-74310d241cf3,18431,BIGBLOC,Bigbloc Construction Limited,NSE,INE412U01025,NSE_EQ,827.49,t,2026-08-11 11:53:08.190785+05:30,2026-08-13 10:18:23.453377+05:30,https://dhanarthi-stockguru.s3.amazonaws.com/company_logos_webp/BIGBLOC.webp,t,2 x
86e752a2-bac3-44cc-bab4-e804b2236c6d,24870,INVENTURE,Inventure Growth & Securities Limited,NSE,INE878H01024,NSE_EQ,153.22,t,2026-08-11 11:53:08.457215+05:30,2026-08-13 10:18:23.453377+05:30,https://dhanarthi-stockguru.s3.amazonaws.com/company_logos_webp/INVENTURE.webp,f,
87109af7-0aaf-4174-81ca-48b43dd1bdd4,24707,RAJINDLTD,RAJINDLTD,NSE,INE0PCU01012,NSE_EQ,184.41,t,2026-08-11 11:53:09.316798+05:30,2026-08-13 10:18:23.453377+05:30,https://dhanarthi-stockguru.s3.amazonaws.com/company_logos_webp/RAJINDLTD.webp,f,
872dc3e2-4534-4734-a8e0-053cdd1a542e,14972,KSCL,Kaveri Seed Company Limited,NSE,INE455I01029,NSE_EQ,5536.48,t,2026-08-11 11:53:08.999929+05:30,2026-08-13 10:18:23.453377+05:30,https://dhanarthi-stockguru.s3.amazonaws.com/company_logos_webp/KSCL.webp,t,3 x
8752295a-9a4c-46bd-be25-de839b76cd1e,757644,IWARE,IWARE,NSE,INE1AII01014,NSE_EQ,159.4,t,2026-08-11 11:53:09.350167+05:30,2026-08-13 10:18:23.453377+05:30,,f,
875c7381-64a2-4bd9-8679-59e8bc5ef242,6656,POLICYBZR,PB Fintech Limited,NSE,INE417T01026,NSE_EQ,82915.54,t,2026-08-11 11:53:07.888357+05:30,2026-08-13 10:18:23.453377+05:30,https://dhanarthi-stockguru.s3.amazonaws.com/company_logos_webp/POLICYBZR.webp,t,3.98 x
8777cc32-d240-4040-8d13-0067edd1f98e,3186,SKFINDIA,SKF India Limited,NSE,INE640A01023,NSE_EQ,17784.68,t,2026-08-11 11:53:08.173906+05:30,2026-08-13 10:18:23.453377+05:30,https://dhanarthi-stockguru.s3.amazonaws.com/company_logos_webp/SKFINDIA.webp,t,3.77 x
8785cb19-6fb3-4d01-ab01-2563656d3d99,23764,PRLIND,PRLIND,NSE,INE0CFG01012,NSE_EQ,193.4,t,2026-08-11 11:53:09.316798+05:30,2026-08-13 10:18:23.453377+05:30,https://dhanarthi-stockguru.s3.amazonaws.com/company_logos_webp/PRLIND.webp,f,
878744ff-fc35-4ba6-a35e-dfbcf502e475,9921,ALANKIT,Alankit Limited,NSE,INE914E01040,NSE_EQ,356.09,t,2026-08-11 11:53:08.086537+05:30,2026-08-13 10:18:23.453377+05:30,https://dhanarthi-stockguru.s3.amazonaws.com/company_logos_webp/ALANKIT.webp,f,
8787a96d-0aaa-4ec2-82e6-81cc7788bb64,17747,NIITMTS,NIIT Learning Systems Limited,NSE,INE342G01023,NSE_EQ,4745.52,t,2026-08-11 11:53:07.743226+05:30,2026-08-13 10:18:23.469007+05:30,https://dhanarthi-stockguru.s3.amazonaws.com/company_logos_webp/NIITMTS.webp,t,2.95 x
8796051c-b5a8-4c79-98ef-60a601c2e5ce,13061,360ONE,360 ONE WAM LIMITED,NSE,INE466L01038,NSE_EQ,44381.13,t,2026-08-11 11:53:08.033343+05:30,2026-08-13 10:18:23.469007+05:30,https://dhanarthi-stockguru.s3.amazonaws.com/company_logos_webp/360ONE.webp,t,4 x
87a55e14-c6be-4b5f-84bb-535b69c91e3f,438,BHEL,Bharat Heavy Electricals Limited,NSE,INE257A01026,NSE_EQ,87278.8,t,2026-08-11 11:53:07.367129+05:30,2026-08-13 10:18:23.469007+05:30,https://dhanarthi-stockguru.s3.amazonaws.com/company_logos_webp/BHEL.webp,t,3.79 x
87aa90bc-a545-4083-9b73-7624e0a07669,10865,GVPTECH,GVP Infotech Limited,NSE,INE382T01030,NSE_EQ,159.01,t,2026-08-11 11:53:08.383036+05:30,2026-08-13 10:18:23.469007+05:30,https://dhanarthi-stockguru.s3.amazonaws.com/company_logos_webp/GVPTECH.webp,f,
87aaf81a-7cfc-43f5-98a8-90ed684e1474,21062,INNOVACAP,Innova Captab Limited,NSE,INE0DUT01020,NSE_EQ,4721.54,t,2026-08-11 11:53:08.449906+05:30,2026-08-13 10:18:23.469007+05:30,https://dhanarthi-stockguru.s3.amazonaws.com/company_logos_webp/INNOVACAP.webp,t,3.09 x
87d139ed-3e9e-465b-bd22-061114fad03b,3499,TATASTEEL,Tata Steel Limited,NSE,INE081A01020,NSE_EQ,209360.74,t,2026-08-11 11:53:08.583546+05:30,2026-08-13 10:18:23.469007+05:30,https://dhanarthi-stockguru.s3.amazonaws.com/company_logos_webp/TATASTEEL.webp,t,4.35 x
ba86267d-fc30-46f4-a99c-65926938b554,29678,BAJAJINDEF,Indef Manufacturing Limited,NSE,INE0O9T01021,NSE_EQ,1229.09,t,2026-08-11 11:53:08.152119+05:30,2026-08-13 10:18:23.62525+05:30,,t,2 x
87f36ee2-3401-4eb4-bdc7-14d277f0fd11,3078,SHANTIGEAR,Shanthi Gears Limited,NSE,INE631A01022,NSE_EQ,3972.55,t,2026-08-11 11:53:07.986943+05:30,2026-08-13 10:18:23.469007+05:30,https://dhanarthi-stockguru.s3.amazonaws.com/company_logos_webp/SHANTIGEAR.webp,t,3.33 x
87fd74ad-a77c-4594-b7ad-b799c924e572,11804,SUKHJITS,Sukhjit Starch & Chemicals Limited,NSE,INE450E01029,NSE_EQ,517.26,t,2026-08-11 11:53:08.440281+05:30,2026-08-13 10:18:23.469007+05:30,https://dhanarthi-stockguru.s3.amazonaws.com/company_logos_webp/SUKHJITS.webp,t,1 x
8801eddf-faf2-49b3-81a4-ea2a162fa976,4491,BOSCH-HCIL,BOSCH HOME COMFORT INDIA LIMITED,NSE,INE782A01015,NSE_EQ,4605.96,t,2026-08-11 11:53:08.200025+05:30,2026-08-13 10:18:23.469007+05:30,,t,2.86 x
88153f1a-d05b-4a22-886b-1e5744b76373,11654,LALPATHLAB,Dr. Lal Path Labs Ltd.,NSE,INE600L01024,NSE_EQ,26024.06,t,2026-08-11 11:53:08.715476+05:30,2026-08-13 10:18:23.469007+05:30,https://dhanarthi-stockguru.s3.amazonaws.com/company_logos_webp/LALPATHLAB.webp,t,3.42 x
882bbec1-fc0a-41c5-b4f1-267f560f20a6,5192,KOVAI,Kovai Medical Center & Hospital Limited,NSE,INE177F01017,NSE_EQ,,t,2026-08-11 11:53:08.483046+05:30,2026-08-13 10:18:23.469007+05:30,https://dhanarthi-stockguru.s3.amazonaws.com/company_logos_webp/KOVAI.webp,f,
8835bcac-92c0-47bc-97e8-d06cb231cfcc,762924,SURYALA,Suryalata Spinning Mills Limited,NSE,INE132C01027,NSE_EQ,,t,2026-08-11 11:53:08.783106+05:30,2026-08-13 10:18:23.469007+05:30,,f,
8888ff05-78ca-49c0-a7eb-5d02e4928a16,781,DALMIASUG,Dalmia Bharat Sugar and Industries Limited,NSE,INE495A01022,NSE_EQ,2841.97,t,2026-08-11 11:53:08.234674+05:30,2026-08-13 10:18:23.469007+05:30,https://dhanarthi-stockguru.s3.amazonaws.com/company_logos_webp/DALMIASUG.webp,t,2.5 x
88912ce6-38e9-46a2-86de-cdec13947658,25244,GAJANAND,GAJANAND,NSE,INE0QTE01018,NSE_EQ,22.39,t,2026-08-11 11:53:09.550065+05:30,2026-08-13 10:18:23.469007+05:30,https://dhanarthi-stockguru.s3.amazonaws.com/company_logos_webp/GAJANAND.webp,f,
88ea9470-2b97-4a8e-b89b-8e23fb80b7b1,7797,UNIINFO,Uniinfo Telecom Services Limited,NSE,INE481Z01011,NSE_EQ,19.3,t,2026-08-11 11:53:08.799306+05:30,2026-08-13 10:18:23.469007+05:30,https://dhanarthi-stockguru.s3.amazonaws.com/company_logos_webp/UNIINFO.webp,f,
88fa8268-9769-499e-b7b5-4597ddf1801e,13285,M&MFIN,Mahindra & Mahindra Financial Services Limited,NSE,INE774D01024,NSE_EQ,41378.34,t,2026-08-11 11:53:08.804555+05:30,2026-08-13 10:18:23.469007+05:30,https://dhanarthi-stockguru.s3.amazonaws.com/company_logos_webp/ONEPOINT.webp,t,3.03 x
8903da16-9750-492b-8b7f-08dce0c722fd,4176,ZENITHEXPO,Zenith Exports Limited,NSE,INE058B01018,NSE_EQ,131.61,t,2026-08-11 11:53:09.183625+05:30,2026-08-13 10:18:23.469007+05:30,https://dhanarthi-stockguru.s3.amazonaws.com/company_logos_webp/ZENITHEXPO.webp,f,
89058438-b68b-4471-b059-2c32b7b42faf,14204,LRRPL,LRRPL,NSE,INE0H4B01011,NSE_EQ,70.79,t,2026-08-11 11:53:09.46984+05:30,2026-08-13 10:18:23.469007+05:30,https://dhanarthi-stockguru.s3.amazonaws.com/company_logos_webp/LRRPL.webp,f,
8907b17f-306c-4c60-a179-1087ef24c156,20188,WABAG,VA Tech Wabag Limited,NSE,INE956G01038,NSE_EQ,9012.45,t,2026-08-11 11:53:09.166605+05:30,2026-08-13 10:18:23.469007+05:30,https://dhanarthi-stockguru.s3.amazonaws.com/company_logos_webp/WABAG.webp,t,2.83 x
890c4746-3f70-4ac3-b780-7a9f2dd1db63,757767,SAMBHV,Sambhv Steel Tubes Limited,NSE,INE12NJ01018,NSE_EQ,3361.04,t,2026-08-11 11:53:09.100075+05:30,2026-08-13 10:18:23.469007+05:30,,t,2.86 x
89254c7c-ff0b-46dc-b6f3-f199de08b4e8,18652,ICICIPRULI,ICICI Prudential Life Insurance Company Limited,NSE,INE726G01019,NSE_EQ,89685.83,t,2026-08-11 11:53:07.599427+05:30,2026-08-13 10:18:23.469007+05:30,,t,4.35 x
892a1301-d725-4fda-a559-c54c30a10f9f,812,BSHSL,Bombay Super Hybrid Seeds Limited,NSE,INE032Z01020,NSE_EQ,1313.61,t,2026-08-11 11:53:08.202533+05:30,2026-08-13 10:18:23.469007+05:30,https://dhanarthi-stockguru.s3.amazonaws.com/company_logos_webp/BSHSL.webp,f,
895bc3f1-6405-4e76-8767-5c52fca67c53,13451,RATNAMANI,Ratnamani Metals & Tubes Limited,NSE,INE703B01027,NSE_EQ,17325.19,t,2026-08-11 11:53:09.05507+05:30,2026-08-13 10:18:23.469007+05:30,https://dhanarthi-stockguru.s3.amazonaws.com/company_logos_webp/RATNAMANI.webp,t,2.99 x
896a3f98-754c-4aff-ad45-65858ec0681a,11703,ALKEM,Alkem Laboratories Limited,NSE,INE540L01014,NSE_EQ,64347.5,t,2026-08-11 11:53:07.282898+05:30,2026-08-13 10:18:23.469007+05:30,https://dhanarthi-stockguru.s3.amazonaws.com/company_logos_webp/ALKEM.webp,t,4.55 x
8975e5ac-b042-4e6d-a6be-a7f6b169db90,18220,KECL,Kirloskar Electric Company Limited,NSE,INE134B01017,NSE_EQ,786.89,t,2026-08-11 11:53:08.616446+05:30,2026-08-13 10:18:23.469007+05:30,https://dhanarthi-stockguru.s3.amazonaws.com/company_logos_webp/KECL.webp,f,
8991bd78-7e8b-4865-8eaf-3e1c9536bbf4,13001,DHARMAJ,Dharmaj Crop Guard Limited,NSE,INE00OQ01016,NSE_EQ,1014.24,t,2026-08-11 11:53:07.449913+05:30,2026-08-13 10:18:23.469007+05:30,https://dhanarthi-stockguru.s3.amazonaws.com/company_logos_webp/DHARMAJ.webp,f,
89930506-e5c9-420c-ab32-10bfd20e0be2,759929,SOLARWORLD,Solarworld Energy Solutions Limited,NSE,INE0TY101024,NSE_EQ,2601.39,t,2026-08-11 11:53:08.249896+05:30,2026-08-13 10:18:23.469007+05:30,,t,2.5 x
89bf0449-13ec-488f-8377-6beb4503fd0f,758157,RNPL,RNPL,NSE,INE0VZX01015,NSE_EQ,82.81,t,2026-08-11 11:53:09.450055+05:30,2026-08-13 10:18:23.469007+05:30,,f,
89f1ef65-0fe0-49c2-8d37-b671203ee1aa,14957,MAGNUM,Magnum Ventures Limited,NSE,INE387I01016,NSE_EQ,161.91,t,2026-08-11 11:53:07.632766+05:30,2026-08-13 10:18:23.469007+05:30,https://dhanarthi-stockguru.s3.amazonaws.com/company_logos_webp/MAGNUM.webp,f,
8a069ee2-3ac7-4762-a7bc-d29c1ef23823,10610,USASEEDS,USASEEDS,NSE,INE0CBM01019,NSE_EQ,160.13,t,2026-08-11 11:53:09.350167+05:30,2026-08-13 10:18:23.469007+05:30,https://dhanarthi-stockguru.s3.amazonaws.com/company_logos_webp/USASEEDS.webp,f,
8a187b40-63df-491f-aff6-231aa58d0d44,24226,STANLEY,Stanley Lifestyles Limited,NSE,INE01A001028,NSE_EQ,1618.27,t,2026-08-11 11:53:08.333105+05:30,2026-08-13 10:18:23.469007+05:30,https://dhanarthi-stockguru.s3.amazonaws.com/company_logos_webp/STANLEY.webp,t,2 x
8a3282d0-41c5-4399-8424-0d4a09579b78,8962,HARDWYN,Hardwyn India Limited,NSE,INE626Z01029,NSE_EQ,714.71,t,2026-08-11 11:53:08.383036+05:30,2026-08-13 10:18:23.469007+05:30,https://dhanarthi-stockguru.s3.amazonaws.com/company_logos_webp/HARDWYN.webp,f,
8a43df93-4b9f-4113-acf5-6885827a0ed9,25610,RAPPID,RAPPID,NSE,INE0MVO01012,NSE_EQ,160.23,t,2026-08-11 11:53:09.350167+05:30,2026-08-13 10:18:23.469007+05:30,https://dhanarthi-stockguru.s3.amazonaws.com/company_logos_webp/RAPPID.webp,f,
8aa1611d-45d9-436f-921b-a5bd00993dfd,9087,PIXTRANS,Pix Transmissions Limited,NSE,INE751B01018,NSE_EQ,1989.69,t,2026-08-11 11:53:07.866247+05:30,2026-08-13 10:18:23.469007+05:30,,t,2.5 x
8ab36f6e-41f1-4781-a2ae-afd4bc0e6bee,762914,SIKA,Sika Interplant Systems Limited,NSE,INE438E01032,NSE_EQ,,t,2026-08-11 11:53:08.741671+05:30,2026-08-13 10:18:23.469007+05:30,,f,
8abaf51b-601e-4af1-b3b9-5f56aa76d36b,17987,TRF,TRF Limited,NSE,INE391D01019,NSE_EQ,367.32,t,2026-08-11 11:53:08.823566+05:30,2026-08-13 10:18:23.469007+05:30,https://dhanarthi-stockguru.s3.amazonaws.com/company_logos_webp/TRF.webp,t,1 x
8ae25603-c497-4127-b373-112a29919bcd,19356,GOYALSALT,GOYALSALT,NSE,INE0QFE01017,NSE_EQ,302.73,t,2026-08-11 11:53:09.25798+05:30,2026-08-13 10:18:23.469007+05:30,https://dhanarthi-stockguru.s3.amazonaws.com/company_logos_webp/GOYALSALT.webp,f,
8ae2d3d3-5662-430b-84cc-0e056318ca33,334,VALIANTORG,Valiant Organics Limited,NSE,INE565V01010,NSE_EQ,906.2,t,2026-08-11 11:53:08.851822+05:30,2026-08-13 10:18:23.469007+05:30,https://dhanarthi-stockguru.s3.amazonaws.com/company_logos_webp/VALIANTORG.webp,f,
8ae77042-eefc-400b-8490-82935cf226b9,7610,VIVO,VIVO,NSE,INE0IA701014,NSE_EQ,14.17,t,2026-08-11 11:53:09.566749+05:30,2026-08-13 10:18:23.469007+05:30,https://dhanarthi-stockguru.s3.amazonaws.com/company_logos_webp/VIVO.webp,f,
8aed14a3-4d0b-43c6-8531-417886435b7d,6407,LAMBODHARA,Lambodhara Textiles Limited,NSE,INE112F01022,NSE_EQ,135.97,t,2026-08-11 11:53:08.717343+05:30,2026-08-13 10:18:23.469007+05:30,https://dhanarthi-stockguru.s3.amazonaws.com/company_logos_webp/LAMBODHARA.webp,f,
8b10ce37-426c-4cfb-9fdb-2f343708c5ee,25938,UHTL,UHTL,NSE,INE0SMR01011,NSE_EQ,139.12,t,2026-08-11 11:53:09.367101+05:30,2026-08-13 10:18:23.469007+05:30,,f,
8b3a7427-761f-4e88-98b6-465b2ec69dfb,11208,KANDARP,KANDARP,NSE,INE0MOT01016,NSE_EQ,96.36,t,2026-08-11 11:53:09.421327+05:30,2026-08-13 10:18:23.469007+05:30,https://dhanarthi-stockguru.s3.amazonaws.com/company_logos_webp/KANDARP.webp,f,
8b3d4d4f-9440-4039-909e-475ab9487f38,547,BRITANNIA,Britannia Industries Limited,NSE,INE216A01030,NSE_EQ,141277.57,t,2026-08-11 11:53:07.393178+05:30,2026-08-13 10:18:23.469007+05:30,https://dhanarthi-stockguru.s3.amazonaws.com/company_logos_webp/BRITANNIA.webp,t,4.55 x
8b43e078-9eef-4327-bbf2-48e2dc65d318,15034,BAJAJELEC,Bajaj Electricals Limited,NSE,INE193E01025,NSE_EQ,6444.61,t,2026-08-11 11:53:08.916528+05:30,2026-08-13 10:18:23.469007+05:30,https://dhanarthi-stockguru.s3.amazonaws.com/company_logos_webp/BAJAJELEC.webp,t,3.32 x
8b593db7-8974-40f4-aab1-8f5035b90661,762954,TIMEX,Timex Group India Limited,NSE,INE064A01026,NSE_EQ,,t,2026-08-11 11:53:07.632766+05:30,2026-08-13 10:18:23.469007+05:30,,f,
8b65a396-e568-4861-bf35-46ac7cb41283,10940,DIVISLAB,Divi's Laboratories Limited,NSE,INE361B01024,NSE_EQ,169472.19,t,2026-08-11 11:53:07.449913+05:30,2026-08-13 10:18:23.469007+05:30,https://dhanarthi-stockguru.s3.amazonaws.com/company_logos_webp/DIVISLAB.webp,t,4.55 x
8b7f8027-43ea-4e1b-a08d-0479503c2fd5,15193,BGRENERGY,BGR Energy Systems Limited,NSE,INE661I01014,NSE_EQ,1914.4,t,2026-08-11 11:53:08.183371+05:30,2026-08-13 10:18:23.469007+05:30,https://dhanarthi-stockguru.s3.amazonaws.com/company_logos_webp/BGRENERGY.webp,f,
8b825a65-db30-4fba-ab80-cef6fba5a053,30460,RAPIDFLEET,RAPIDFLEET,NSE,INE0QX901013,NSE_EQ,144.93,t,2026-08-11 11:53:09.367101+05:30,2026-08-13 10:18:23.469007+05:30,,f,
8b890ec1-7011-4ceb-b802-3091b35b1ae9,759291,BLUESTONE,BlueStone Jewellery and Lifestyle Limited,NSE,INE304W01038,NSE_EQ,9025.99,t,2026-08-11 11:53:08.925947+05:30,2026-08-13 10:18:23.469007+05:30,,t,2.85 x
8bc9af05-72db-4d0c-8ee0-6b06944b3338,14203,HUBTOWN,Hubtown Limited,NSE,INE703H01016,NSE_EQ,4207.59,t,2026-08-11 11:53:08.408933+05:30,2026-08-13 10:18:23.469007+05:30,https://dhanarthi-stockguru.s3.amazonaws.com/company_logos_webp/HUBTOWN.webp,t,2.5 x
8bcfa265-cc80-483f-b638-9e802272aa1a,760254,CORONA,CORONA Remedies Limited,NSE,INE02ZQ01018,NSE_EQ,8454.36,t,2026-08-11 11:53:08.933682+05:30,2026-08-13 10:18:23.469007+05:30,,t,3.69 x
8bdb0d4c-2a61-432c-bf0c-ec50de606571,762611,BNAGROCHEM,BN Agrochem Limited,NSE,INE00HZ01011,NSE_EQ,,t,2026-08-11 11:53:08.190785+05:30,2026-08-13 10:18:23.484616+05:30,,f,
8c165748-5c3a-46ea-9e3d-ab20c5608b08,24697,SSEGL,SSEGL,NSE,INE0RFP01011,NSE_EQ,1145.33,t,2026-08-11 11:53:08.300128+05:30,2026-08-13 10:18:23.484616+05:30,https://dhanarthi-stockguru.s3.amazonaws.com/company_logos_webp/SSEGL.webp,f,
8c2a267b-3da6-4a0d-ac6e-48eb6a0f095e,17105,SUMICHEM,Sumitomo Chemical India Limited,NSE,INE258G01013,NSE_EQ,26464.75,t,2026-08-11 11:53:08.440281+05:30,2026-08-13 10:18:23.484616+05:30,https://dhanarthi-stockguru.s3.amazonaws.com/company_logos_webp/SUMICHEM.webp,t,3.06 x
8c2f6028-824b-46f4-8a9e-467099a4cb50,24610,AVANTEL,Avantel Limited,NSE,INE005B01027,NSE_EQ,4252.25,t,2026-08-11 11:53:08.149611+05:30,2026-08-13 10:18:23.484616+05:30,https://dhanarthi-stockguru.s3.amazonaws.com/company_logos_webp/AVANTEL.webp,t,2.71 x
8c35d728-246b-445b-864c-ddc4135523fa,22675,CAPITALSFB,Capital Small Finance Bank Limited,NSE,INE646H01017,NSE_EQ,1285.9,t,2026-08-11 11:53:08.202533+05:30,2026-08-13 10:18:23.484616+05:30,https://dhanarthi-stockguru.s3.amazonaws.com/company_logos_webp/CAPITALSFB.webp,t,2.5 x
8c77bf41-83db-406f-baa6-4ba5e41cfe91,5606,INTLCONV,International Conveyors Limited,NSE,INE575C01027,NSE_EQ,590.5,t,2026-08-11 11:53:08.457215+05:30,2026-08-13 10:18:23.484616+05:30,,t,1 x
8c7d3c1e-924e-4553-b444-849048cfffe5,762601,BLACKROSE,Black Rose Inds. Limited,NSE,INE761G01016,NSE_EQ,,t,2026-08-11 11:53:08.183371+05:30,2026-08-13 10:18:23.484616+05:30,,f,
8c89a25c-1da2-4e28-a151-4ce697a4c149,757836,RMDRIP,R M Drip and Sprinklers Systems Limited,NSE,INE219Y01026,NSE_EQ,1818.66,t,2026-08-11 11:53:07.9329+05:30,2026-08-13 10:18:23.484616+05:30,https://dhanarthi-stockguru.s3.amazonaws.com/company_logos_webp/RMDRIP.webp,f,
8c9f9278-9213-4e62-b7ab-5731fa98ea7e,21484,STEL,Stel Holdings Limited,NSE,INE577L01016,NSE_EQ,840.87,t,2026-08-11 11:53:08.349187+05:30,2026-08-13 10:18:23.484616+05:30,https://dhanarthi-stockguru.s3.amazonaws.com/company_logos_webp/STEL.webp,f,
8ca7bef8-b3aa-4309-911f-a1cf84a8d6e2,20141,BABAFP,BABAFP,NSE,INE0QW501012,NSE_EQ,58.35,t,2026-08-11 11:53:09.48377+05:30,2026-08-13 10:18:23.484616+05:30,https://dhanarthi-stockguru.s3.amazonaws.com/company_logos_webp/BABAFP.webp,f,
8ccc769f-ed02-4a72-bac9-5e8da62ed5f8,4892,SAREGAMA,Saregama India Limited,NSE,INE979A01025,NSE_EQ,8636.04,t,2026-08-11 11:53:07.982932+05:30,2026-08-13 10:18:23.484616+05:30,https://dhanarthi-stockguru.s3.amazonaws.com/company_logos_webp/SAREGAMA.webp,t,2.85 x
8cea5f1e-aa49-486e-bd95-89df3a6cfd64,17675,ALOKINDS,Alok Industries Limited,NSE,INE270A01029,NSE_EQ,8928.92,t,2026-08-11 11:53:08.900169+05:30,2026-08-13 10:18:23.484616+05:30,https://dhanarthi-stockguru.s3.amazonaws.com/company_logos_webp/ALOKINDS.webp,t,3 x
8cf2402a-b3c1-42c4-82f7-24c131f217c7,757861,TSC,TSC,NSE,INE16VK01010,NSE_EQ,85.48,t,2026-08-11 11:53:08.21644+05:30,2026-08-13 10:18:23.484616+05:30,,f,
8d011c91-30e0-4cfb-88e0-6c9d371e62c0,28859,PROZONER,Prozone Realty Limited,NSE,INE195N01013,NSE_EQ,763.89,t,2026-08-11 11:53:09.033437+05:30,2026-08-13 10:18:23.484616+05:30,https://dhanarthi-stockguru.s3.amazonaws.com/company_logos_webp/PROZONER.webp,f,
8d502e7c-4569-4eeb-890b-dc9a5dcb9c5e,14828,WSI,W S Industries (I) Limited,NSE,INE100D01014,NSE_EQ,520.56,t,2026-08-11 11:53:09.183625+05:30,2026-08-13 10:18:23.484616+05:30,,t,1.67 x
8d5a22f1-91d5-4f03-8673-7b2eb2f45de0,757905,INTEGRITY,INTEGRITY,NSE,INE0YSH01017,NSE_EQ,46.42,t,2026-08-11 11:53:09.501618+05:30,2026-08-13 10:18:23.484616+05:30,,f,
8d677e18-df9b-4cd0-83b6-59d440f202a5,25157,RVTH,Revathi Equipment India Limited,NSE,INE0DAB01012,NSE_EQ,278.1,t,2026-08-11 11:53:07.949549+05:30,2026-08-13 10:18:23.484616+05:30,,f,
8d7cee07-ef4c-4716-aef7-7e8b7c8a7c72,3411,TATAELXSI,Tata Elxsi Limited,NSE,INE670A01012,NSE_EQ,34604.08,t,2026-08-11 11:53:08.566457+05:30,2026-08-13 10:18:23.484616+05:30,https://dhanarthi-stockguru.s3.amazonaws.com/company_logos_webp/TATAELXSI.webp,t,4.17 x
8d7e72bc-331c-4a5e-b799-2d56d08d0c54,29723,TEJASCARGO,TEJASCARGO,NSE,INE17WC01013,NSE_EQ,673.71,t,2026-08-11 11:53:09.21661+05:30,2026-08-13 10:18:23.484616+05:30,,f,
8d8333e4-4811-4e65-9b04-a3da7b427707,275,AUROPHARMA,Aurobindo Pharma Limited,NSE,INE406A01037,NSE_EQ,65683.64,t,2026-08-11 11:53:07.333244+05:30,2026-08-13 10:18:23.484616+05:30,https://dhanarthi-stockguru.s3.amazonaws.com/company_logos_webp/AUROPHARMA.webp,t,4.35 x
8d8fe79b-065b-4945-b055-4795df541ea7,22566,BLSE,BLS E-Services Limited,NSE,INE0NLT01010,NSE_EQ,1750.56,t,2026-08-11 11:53:07.372137+05:30,2026-08-13 10:18:23.484616+05:30,https://dhanarthi-stockguru.s3.amazonaws.com/company_logos_webp/BLSE.webp,t,2 x
8d9294e6-ad4f-4576-ac13-72fd6de1ec44,6971,MENONBE,Menon Bearings Limited,NSE,INE071D01033,NSE_EQ,680.66,t,2026-08-11 11:53:07.649447+05:30,2026-08-13 10:18:23.484616+05:30,https://dhanarthi-stockguru.s3.amazonaws.com/company_logos_webp/MENONBE.webp,f,
8d9299f4-f168-48a0-961f-d37c5a342c18,2998,SUVIDHAA,Suvidhaa Infoserve Limited,NSE,INE018401013,NSE_EQ,85.77,t,2026-08-11 11:53:08.516446+05:30,2026-08-13 10:18:23.484616+05:30,https://dhanarthi-stockguru.s3.amazonaws.com/company_logos_webp/SUVIDHAA.webp,f,
8d968ed0-947c-40b6-beef-30971379e8fb,104,SHAREINDIA,Share India Securities Limited,NSE,INE932X01026,NSE_EQ,3587.29,t,2026-08-11 11:53:07.999056+05:30,2026-08-13 10:18:23.484616+05:30,https://dhanarthi-stockguru.s3.amazonaws.com/company_logos_webp/SHAREINDIA.webp,t,1.12 x
8d9a9adb-a40f-4185-86c2-9d58a16c0862,6792,SBC,SBC Exports Limited,NSE,INE04AK01028,NSE_EQ,1044.73,t,2026-08-11 11:53:07.986943+05:30,2026-08-13 10:18:23.484616+05:30,https://dhanarthi-stockguru.s3.amazonaws.com/company_logos_webp/SBC.webp,t,1 x
8db0b413-4080-454c-ae88-88eb7b6ce1b3,3188,VMARCIND,VMARCIND,NSE,INE0GXK01018,NSE_EQ,1326.77,t,2026-08-11 11:53:09.166605+05:30,2026-08-13 10:18:23.484616+05:30,https://dhanarthi-stockguru.s3.amazonaws.com/company_logos_webp/VMARCIND.webp,f,
8db55c3c-51f9-47d7-90a0-aeab5680bab7,20607,INOXINDIA,INOX India Limited,NSE,INE616N01034,NSE_EQ,10691.27,t,2026-08-11 11:53:07.749853+05:30,2026-08-13 10:18:23.484616+05:30,https://dhanarthi-stockguru.s3.amazonaws.com/company_logos_webp/INOXINDIA.webp,t,2.99 x
8db720b7-125d-46df-8d5c-aa5908b06261,16876,SPECTSTM,SPECTSTM,NSE,INE0OL001018,NSE_EQ,230.43,t,2026-08-11 11:53:09.286776+05:30,2026-08-13 10:18:23.484616+05:30,https://dhanarthi-stockguru.s3.amazonaws.com/company_logos_webp/SPECTSTM.webp,f,
8dc48329-7c34-4c68-a078-3c4d821f07e4,2866,RCF,Rashtriya Chemicals and Fertilizers Limited,NSE,INE027A01015,NSE_EQ,8221.55,t,2026-08-11 11:53:09.066591+05:30,2026-08-13 10:18:23.484616+05:30,https://dhanarthi-stockguru.s3.amazonaws.com/company_logos_webp/RCF.webp,t,3.04 x
8ded1580-d3ae-4854-ae05-e0bdd6357cc6,25574,SHAKTIPUMP,Shakti Pumps (India) Limited,NSE,INE908D01010,NSE_EQ,9795.94,t,2026-08-11 11:53:07.986943+05:30,2026-08-13 10:18:23.484616+05:30,https://dhanarthi-stockguru.s3.amazonaws.com/company_logos_webp/SHAKTIPUMP.webp,t,2.69 x
8e4f455f-859e-4e22-b2a4-2f9b62e3b5f7,827,DEEPAKFERT,Deepak Fertilizers and Petrochemicals Corporation Limited,NSE,INE501A01019,NSE_EQ,18335.51,t,2026-08-11 11:53:08.933682+05:30,2026-08-13 10:18:23.484616+05:30,,t,2.82 x
8e6f8803-2a06-4bb6-9f73-982ab8757fbc,758889,SGMART,SG Mart Limited,NSE,INE385F01024,NSE_EQ,4464.95,t,2026-08-11 11:53:07.76627+05:30,2026-08-13 10:18:23.484616+05:30,,t,2.93 x
8e754b24-020d-4e56-acdf-571bd3cb7a87,25054,VDEAL,VDEAL,NSE,INE0U2M01015,NSE_EQ,96.17,t,2026-08-11 11:53:09.421327+05:30,2026-08-13 10:18:23.484616+05:30,,f,
8e761208-c1a1-41a4-8771-4638dcae690b,5373,DEVYANI,Devyani International Limited,NSE,INE872J01023,NSE_EQ,19546.76,t,2026-08-11 11:53:07.435203+05:30,2026-08-13 10:18:23.484616+05:30,https://dhanarthi-stockguru.s3.amazonaws.com/company_logos_webp/DEVYANI.webp,t,3.1 x
8e854196-a1ee-4c86-99b6-34e477896a4f,24532,FILATEX,Filatex India Limited,NSE,INE816B01035,NSE_EQ,2447.21,t,2026-08-11 11:53:07.499428+05:30,2026-08-13 10:18:23.484616+05:30,https://dhanarthi-stockguru.s3.amazonaws.com/company_logos_webp/FILATEX.webp,t,2.5 x
8e9eedc9-48e1-4445-adcb-49c4a017800b,13276,LANDMARK,Landmark Cars Limited,NSE,INE559R01029,NSE_EQ,2320.28,t,2026-08-11 11:53:08.720927+05:30,2026-08-13 10:18:23.484616+05:30,https://dhanarthi-stockguru.s3.amazonaws.com/company_logos_webp/LANDMARK.webp,t,1.56 x
8ebc9197-073e-44b6-a9f3-1f332acd048a,24239,MEDIORG,MEDIORG,NSE,INE0PE401018,NSE_EQ,39.72,t,2026-08-11 11:53:09.516964+05:30,2026-08-13 10:18:23.484616+05:30,https://dhanarthi-stockguru.s3.amazonaws.com/company_logos_webp/MEDIORG.webp,f,
8ed021f0-f2fa-4491-bd67-ca2852ba70b1,4083,AMBANIORGO,AMBANIORGO,NSE,INE00C501018,NSE_EQ,98.89,t,2026-08-11 11:53:09.421327+05:30,2026-08-13 10:18:23.484616+05:30,https://dhanarthi-stockguru.s3.amazonaws.com/company_logos_webp/AMBANIORGO.webp,f,
8ed3bcf4-975f-426a-802a-a105c51a8537,19233,AARTISURF,Aarti Surfactants Limited,NSE,INE09EO01013,NSE_EQ,402.49,t,2026-08-11 11:53:08.049697+05:30,2026-08-13 10:18:23.484616+05:30,https://dhanarthi-stockguru.s3.amazonaws.com/company_logos_webp/AARTISURF.webp,t,1.67 x
8ef6a637-606e-454e-8dba-ccd6c775de7c,2969,SAKHTISUG,Sakthi Sugars Limited,NSE,INE623A01011,NSE_EQ,257.26,t,2026-08-11 11:53:07.970286+05:30,2026-08-13 10:18:23.484616+05:30,https://dhanarthi-stockguru.s3.amazonaws.com/company_logos_webp/SAKHTISUG.webp,f,
8ef967a2-871d-4c2d-a1e9-d1f6dd402c68,758910,AMANTA,Amanta Healthcare Limited,NSE,INE084K01015,NSE_EQ,474.39,t,2026-08-11 11:53:07.282898+05:30,2026-08-13 10:18:23.484616+05:30,,f,
8f27e65d-f463-42c0-895a-5d38ddfa691a,14937,CIEINDIA,CIE Automotive India Limited,NSE,INE536H01010,NSE_EQ,15769.06,t,2026-08-11 11:53:08.933682+05:30,2026-08-13 10:18:23.484616+05:30,https://dhanarthi-stockguru.s3.amazonaws.com/company_logos_webp/CIEINDIA.webp,t,3.28 x
8f29cc40-c367-46e1-b078-b246f97019d7,27008,HEXATRADEX,Hexa Tradex Limited,NSE,INE750M01017,NSE_EQ,966.01,t,2026-08-11 11:53:07.566237+05:30,2026-08-13 10:18:23.484616+05:30,https://dhanarthi-stockguru.s3.amazonaws.com/company_logos_webp/HEXATRADEX.webp,f,
8f42bd61-f031-445c-bf3b-1c1e443ed47f,9253,NILAINFRA,Nila Infrastructures Limited,NSE,INE937C01029,NSE_EQ,416.35,t,2026-08-11 11:53:07.743226+05:30,2026-08-13 10:18:23.484616+05:30,https://dhanarthi-stockguru.s3.amazonaws.com/company_logos_webp/NILAINFRA.webp,f,
8f4ff23e-04ba-4747-bbcc-8c9dc5fd3699,2839,MAHICKRA,MAHICKRA,NSE,INE961Y01015,NSE_EQ,120.65,t,2026-08-11 11:53:09.392936+05:30,2026-08-13 10:18:23.484616+05:30,https://dhanarthi-stockguru.s3.amazonaws.com/company_logos_webp/MAHICKRA.webp,f,
8f70508a-6437-4872-a9d3-1b9f4e011b2b,29713,QPOWER,Quality Power Electrical Equipments Limited,NSE,INE0SII01026,NSE_EQ,6529.72,t,2026-08-11 11:53:07.899672+05:30,2026-08-13 10:18:23.484616+05:30,,f,
8faf14f1-377c-4dff-92ff-5c108bdf181b,9436,AXISCADES,AXISCADES Technologies Limited,NSE,INE555B01013,NSE_EQ,6081.07,t,2026-08-11 11:53:08.909904+05:30,2026-08-13 10:18:23.484616+05:30,https://dhanarthi-stockguru.s3.amazonaws.com/company_logos_webp/AXISCADES.webp,t,2 x
8fd7ba83-46cc-4b1d-b427-3d6c83ad7e67,29962,JUSTDIAL,Just Dial Limited,NSE,INE599M01018,NSE_EQ,6871.56,t,2026-08-11 11:53:08.566457+05:30,2026-08-13 10:18:23.484616+05:30,https://dhanarthi-stockguru.s3.amazonaws.com/company_logos_webp/JUSTDIAL.webp,t,1.56 x
8feff88d-65cd-44c8-a8b6-540bf3eca64f,23018,VR,VR,NSE,INE0QQM01017,NSE_EQ,166.44,t,2026-08-11 11:53:09.333826+05:30,2026-08-13 10:18:23.484616+05:30,https://dhanarthi-stockguru.s3.amazonaws.com/company_logos_webp/VR.webp,f,
9007b51e-63b1-4dcf-b362-7e2cfbc1c3c2,4421,CREDITACC,CREDITACCESS GRAMEEN LIMITED,NSE,INE741K01010,NSE_EQ,21265.92,t,2026-08-11 11:53:08.933682+05:30,2026-08-13 10:18:23.484616+05:30,https://dhanarthi-stockguru.s3.amazonaws.com/company_logos_webp/CREDITACC.webp,t,2.89 x
90118326-d3d9-45b8-9703-ef124f0ad8e8,6782,NIPPOBATRY,Indo-National Limited,NSE,INE567A01028,NSE_EQ,337.79,t,2026-08-11 11:53:07.743226+05:30,2026-08-13 10:18:23.500243+05:30,,f,
902d85e6-0c7c-4490-8b44-2b49d5922dc3,11452,CCL,CCL Products (India) Limited,NSE,INE421D01022,NSE_EQ,12168.42,t,2026-08-11 11:53:08.925947+05:30,2026-08-13 10:18:23.500243+05:30,https://dhanarthi-stockguru.s3.amazonaws.com/company_logos_webp/CCL.webp,t,3.17 x
903d1cb2-bfd2-4619-b2f8-6520db192d3d,1205,GOODYEAR,Goodyear India Limited,NSE,INE533A01012,NSE_EQ,,t,2026-08-11 11:53:08.349673+05:30,2026-08-13 10:18:23.500243+05:30,https://dhanarthi-stockguru.s3.amazonaws.com/company_logos_webp/GOODYEAR.webp,f,
9043fd88-65b7-4cb2-8d93-f949079e1fc4,3126,SHREYANIND,Shreyans Industries Limited,NSE,INE231C01019,NSE_EQ,297.81,t,2026-08-11 11:53:08.006368+05:30,2026-08-13 10:18:23.500243+05:30,https://dhanarthi-stockguru.s3.amazonaws.com/company_logos_webp/SHREYANIND.webp,f,
904514bd-9f80-4698-9a00-c86de34b38ec,13072,IIFLCAPS,IIFL Capital Services Limited,NSE,INE489L01022,NSE_EQ,9856.99,t,2026-08-11 11:53:08.966518+05:30,2026-08-13 10:18:23.500243+05:30,,t,2.73 x
905dfa12-36d0-4a9e-a11c-832e6748b43b,21451,APS,APS,NSE,INE0P0001010,NSE_EQ,949.59,t,2026-08-11 11:53:09.211472+05:30,2026-08-13 10:18:23.500243+05:30,https://dhanarthi-stockguru.s3.amazonaws.com/company_logos_webp/APS.webp,f,
90666dea-ec74-41fe-9662-0a8cb2f7cb0d,2031,M&M,Mahindra & Mahindra Limited,NSE,INE101A01026,NSE_EQ,431885.95,t,2026-08-11 11:53:08.804555+05:30,2026-08-13 10:18:23.500243+05:30,https://dhanarthi-stockguru.s3.amazonaws.com/company_logos_webp/ULTRACEMCO.webp,t,4.35 x
906a6543-acf2-4525-936b-ccbb43148b91,5549,ABMINTLLTD,ABM International Limited,NSE,INE251C01025,NSE_EQ,46.62,t,2026-08-11 11:53:08.062204+05:30,2026-08-13 10:18:23.500243+05:30,https://dhanarthi-stockguru.s3.amazonaws.com/company_logos_webp/ABMINTLLTD.webp,f,
907a33f9-b10a-4438-a74b-81509a10a801,17641,SUNTECK,Sunteck Realty Limited,NSE,INE805D01034,NSE_EQ,6168.63,t,2026-08-11 11:53:08.466626+05:30,2026-08-13 10:18:23.500243+05:30,https://dhanarthi-stockguru.s3.amazonaws.com/company_logos_webp/SUNTECK.webp,t,2.88 x
90b85242-861e-4886-b2a3-197e2a90c8d8,25907,WAAREEENER,Waaree Energies Limited,NSE,INE377N01017,NSE_EQ,92778.22,t,2026-08-11 11:53:09.166605+05:30,2026-08-13 10:18:23.500243+05:30,https://dhanarthi-stockguru.s3.amazonaws.com/company_logos_webp/WAAREEENER.webp,t,3.33 x
90df59cb-c51d-4c91-a1d9-8bf7f20f9cae,20293,TATATECH,Tata Technologies Limited,NSE,INE142M01025,NSE_EQ,27832.47,t,2026-08-11 11:53:08.587055+05:30,2026-08-13 10:18:23.500243+05:30,https://dhanarthi-stockguru.s3.amazonaws.com/company_logos_webp/TATATECH.webp,t,3.34 x
9105a7cc-1012-41c0-bf4c-4c60c18583e9,13367,SGL,STL Global Limited,NSE,INE353H01010,NSE_EQ,38.25,t,2026-08-11 11:53:07.76627+05:30,2026-08-13 10:18:23.500243+05:30,https://dhanarthi-stockguru.s3.amazonaws.com/company_logos_webp/SGL.webp,f,
9173fb87-b294-457b-a1b3-ddb91e7b3ae9,24924,ELGIRUBCO,Elgi Rubber Company Limited,NSE,INE819L01012,NSE_EQ,298.57,t,2026-08-11 11:53:07.477425+05:30,2026-08-13 10:18:23.500243+05:30,https://dhanarthi-stockguru.s3.amazonaws.com/company_logos_webp/ELGIRUBCO.webp,f,
918d0322-877c-4838-af92-cb7df08a0703,27269,RAJPUTANA,RAJPUTANA,NSE,INE0VHU01019,NSE_EQ,178.84,t,2026-08-11 11:53:09.329823+05:30,2026-08-13 10:18:23.500243+05:30,,f,
919f2ecb-8ecb-4fa8-b1e4-78ed722f30a2,16658,SIGMA,Sigma Solve Limited,NSE,INE0A0S01028,NSE_EQ,483.99,t,2026-08-11 11:53:08.104534+05:30,2026-08-13 10:18:23.500243+05:30,https://dhanarthi-stockguru.s3.amazonaws.com/company_logos_webp/SIGMA.webp,f,
91b651c9-c270-4b5b-96b5-8f00d0fda15f,761821,AARNAV,Aarnav Fashions Limited,NSE,INE750R01016,NSE_EQ,,t,2026-08-11 11:53:08.049697+05:30,2026-08-13 10:18:23.500243+05:30,,f,
91e9e482-2b9e-4ae3-bac3-2d91432127c3,10453,SATIN,Satin Creditcare Network Limited,NSE,INE836B01017,NSE_EQ,1641.15,t,2026-08-11 11:53:07.986943+05:30,2026-08-13 10:18:23.500243+05:30,https://dhanarthi-stockguru.s3.amazonaws.com/company_logos_webp/SATIN.webp,t,2.5 x
922bf771-5b69-4c78-90fa-22dc7383b79d,762772,MAFATIND,Mafatlal Industries Limited,NSE,INE270B01035,NSE_EQ,,t,2026-08-11 11:53:08.516446+05:30,2026-08-13 10:18:23.500243+05:30,,f,
92434b14-23a5-418a-b4d9-fbb1b87860ec,9158,BALAJITELE,Balaji Telefilms Limited,NSE,INE794B01026,NSE_EQ,1299.06,t,2026-08-11 11:53:08.166796+05:30,2026-08-13 10:18:23.500243+05:30,https://dhanarthi-stockguru.s3.amazonaws.com/company_logos_webp/BALAJITELE.webp,t,2 x
924abfc0-cf41-4f6d-9de1-983003861268,11530,EMIL,Electronics Mart India Limited,NSE,INE02YR01019,NSE_EQ,5127.12,t,2026-08-11 11:53:07.482786+05:30,2026-08-13 10:18:23.500243+05:30,https://dhanarthi-stockguru.s3.amazonaws.com/company_logos_webp/EMIL.webp,t,2.78 x
92591a3b-354f-4653-b9d3-95e47e6e97ea,28952,DUCON,Ducon Infratechnologies Limited,NSE,INE741L01018,NSE_EQ,165.23,t,2026-08-11 11:53:08.285762+05:30,2026-08-13 10:18:23.500243+05:30,https://dhanarthi-stockguru.s3.amazonaws.com/company_logos_webp/DUCON.webp,f,
92662773-ca0c-4e4e-8c75-00963e4fbc1e,1415,GLOBAL,Global Education Limited,NSE,INE291W01037,NSE_EQ,362.13,t,2026-08-11 11:53:07.533088+05:30,2026-08-13 10:18:23.500243+05:30,https://dhanarthi-stockguru.s3.amazonaws.com/company_logos_webp/GLOBAL.webp,f,
929293d7-cbf5-439e-8441-b56716f93b96,23043,RKSWAMY,R K Swamy Limited,NSE,INE0NQ801033,NSE_EQ,726.06,t,2026-08-11 11:53:07.9329+05:30,2026-08-13 10:18:23.500243+05:30,https://dhanarthi-stockguru.s3.amazonaws.com/company_logos_webp/RKSWAMY.webp,t,1 x
9297afab-52dc-495e-aad3-50d7bd91634c,25069,PARAMATRIX,PARAMATRIX,NSE,INE0S2W01018,NSE_EQ,95.22,t,2026-08-11 11:53:09.421327+05:30,2026-08-13 10:18:23.500243+05:30,https://dhanarthi-stockguru.s3.amazonaws.com/company_logos_webp/PARAMATRIX.webp,f,
929dfcdd-b76b-4052-adce-6e37da249325,20063,HEALTHX,Health X Platform Limited,NSE,INE019J01013,NSE_EQ,,t,2026-08-11 11:53:08.390006+05:30,2026-08-13 10:18:23.500243+05:30,,f,
92a8e2fa-f482-4df4-a21c-bc882ab47dd1,3363,SUPREMEIND,Supreme Industries Limited,NSE,INE195A01028,NSE_EQ,51150.02,t,2026-08-11 11:53:08.499691+05:30,2026-08-13 10:18:23.500243+05:30,,t,4.17 x
92b385c6-ca19-4771-bbb6-cf1335aa2281,25235,XTGLOBAL,Xtglobal Infotech Limited,NSE,INE547B01028,NSE_EQ,489.95,t,2026-08-11 11:53:09.183625+05:30,2026-08-13 10:18:23.500243+05:30,https://dhanarthi-stockguru.s3.amazonaws.com/company_logos_webp/XTGLOBAL.webp,f,
92b4420f-681b-4a58-b221-39a1a54bd603,16915,ZFCVINDIA,ZF Commercial Vehicle Control Systems India Limited,NSE,INE342J01019,NSE_EQ,25711.06,t,2026-08-11 11:53:09.202139+05:30,2026-08-13 10:18:23.500243+05:30,https://dhanarthi-stockguru.s3.amazonaws.com/company_logos_webp/ZFCVINDIA.webp,t,3.32 x
92c963e2-ae0d-4811-8363-1f95a75fd7e8,762844,PRAVEG,Praveg Limited,NSE,INE722B01019,NSE_EQ,,t,2026-08-11 11:53:08.616446+05:30,2026-08-13 10:18:23.500243+05:30,,f,
92ce389b-404d-473e-9e5c-57165d990015,759987,KSR,KSR Footwear Limited,NSE,INE1SPP01016,NSE_EQ,37.49,t,2026-08-11 11:53:08.710468+05:30,2026-08-13 10:18:23.500243+05:30,,f,
9312f3c9-d723-4457-bf30-f8756b5cce4f,22463,EPACK,EPACK Durable Limited,NSE,INE0G5901015,NSE_EQ,3234.94,t,2026-08-11 11:53:08.300128+05:30,2026-08-13 10:18:23.500243+05:30,https://dhanarthi-stockguru.s3.amazonaws.com/company_logos_webp/EPACK.webp,t,2.61 x
936312ba-1afb-43fb-820c-bdef66e30bb5,11511,CENTEXT,Century Extrusions Limited,NSE,INE281A01026,NSE_EQ,196.88,t,2026-08-11 11:53:08.21644+05:30,2026-08-13 10:18:23.500243+05:30,https://dhanarthi-stockguru.s3.amazonaws.com/company_logos_webp/CENTEXT.webp,f,
938e9d68-1917-4907-9707-7131f93cbbcb,1426,MHHL,MHHL,NSE,INE450S01011,NSE_EQ,91.31,t,2026-08-11 11:53:09.433391+05:30,2026-08-13 10:18:23.500243+05:30,https://dhanarthi-stockguru.s3.amazonaws.com/company_logos_webp/MHHL.webp,f,
93968d5c-b6c5-4e55-bda3-08ad9aeb5ccc,"",HERCULES,HERCULES,NSE,INE688E01024,NSE_EQ,562.17,t,2026-08-11 11:53:09.116677+05:30,2026-08-13 10:18:23.500243+05:30,https://dhanarthi-stockguru.s3.amazonaws.com/company_logos_webp/HERCULES.webp,f,
93988028-bc5c-4d9f-962f-be3484c3e9a8,18250,PYRAMID,Pyramid Technoplast Limited,NSE,INE0MIS01010,NSE_EQ,605.37,t,2026-08-11 11:53:09.04541+05:30,2026-08-13 10:18:23.500243+05:30,https://dhanarthi-stockguru.s3.amazonaws.com/company_logos_webp/PYRAMID.webp,t,2 x
93a842f6-393a-4c45-bda2-25e2f38a69db,25082,TREEHOUSE,Tree House Education & Accessories Limited,NSE,INE040M01013,NSE_EQ,32.57,t,2026-08-11 11:53:08.741671+05:30,2026-08-13 10:18:23.500243+05:30,https://dhanarthi-stockguru.s3.amazonaws.com/company_logos_webp/TREEHOUSE.webp,f,
93bc294f-8d80-4c80-80a6-f69fcfd597f3,1442,SANOFI,Sanofi India Limited,NSE,INE058A01010,NSE_EQ,11410.4,t,2026-08-11 11:53:09.100075+05:30,2026-08-13 10:18:23.500243+05:30,https://dhanarthi-stockguru.s3.amazonaws.com/company_logos_webp/SANOFI.webp,t,3.77 x
93c86995-8363-44c8-a1e3-2355fdd82130,759448,SHREEJISPG,Shreeji Shipping Global Limited,NSE,INE1B6101010,NSE_EQ,4578.54,t,2026-08-11 11:53:08.006368+05:30,2026-08-13 10:18:23.500243+05:30,,t,3.18 x
93d4de47-9da8-4f10-9cf4-569776e2d8ce,21186,KLL,KLL,NSE,INE0Q2V01012,NSE_EQ,114.93,t,2026-08-11 11:53:09.402111+05:30,2026-08-13 10:18:23.500243+05:30,https://dhanarthi-stockguru.s3.amazonaws.com/company_logos_webp/KLL.webp,f,
93e20d4d-da01-445e-9d93-d54216141142,13720,JHS,JHS Svendgaard Laboratories Limited,NSE,INE544H01014,NSE_EQ,99.24,t,2026-08-11 11:53:08.516446+05:30,2026-08-13 10:18:23.500243+05:30,https://dhanarthi-stockguru.s3.amazonaws.com/company_logos_webp/JHS.webp,f,
93f25b65-222c-47d5-a43f-fe25ffe06eab,17957,MMTC,MMTC Limited,NSE,INE123F01029,NSE_EQ,9732.62,t,2026-08-11 11:53:07.666109+05:30,2026-08-13 10:18:23.500243+05:30,https://dhanarthi-stockguru.s3.amazonaws.com/company_logos_webp/MMTC.webp,t,2.67 x
9427b295-cea2-49b2-90e1-d13da8238a8f,20182,ASHOKA,Ashoka Buildcon Limited,NSE,INE442H01029,NSE_EQ,5297.65,t,2026-08-11 11:53:07.316014+05:30,2026-08-13 10:18:23.500243+05:30,https://dhanarthi-stockguru.s3.amazonaws.com/company_logos_webp/ASHOKA.webp,t,2.92 x
9429acf6-6b37-46a8-b38a-8ea42f6da6f7,8953,ELDEHSG,Eldeco Housing And Industries Limited,NSE,INE668G01021,NSE_EQ,802.96,t,2026-08-11 11:53:07.477425+05:30,2026-08-13 10:18:23.500243+05:30,https://dhanarthi-stockguru.s3.amazonaws.com/company_logos_webp/ELDEHSG.webp,f,
942f1e46-3f93-45b4-aea7-25a715552380,482,AISL,AISL,NSE,INE635Y01015,NSE_EQ,93.39,t,2026-08-11 11:53:09.433391+05:30,2026-08-13 10:18:23.500243+05:30,https://dhanarthi-stockguru.s3.amazonaws.com/company_logos_webp/AISL.webp,f,
94312283-5e71-4b46-bcc3-556ac7edc31a,27097,NIVABUPA,Niva Bupa Health Insurance Company Limited,NSE,INE995S01015,NSE_EQ,14761.88,t,2026-08-11 11:53:07.749853+05:30,2026-08-13 10:18:23.500243+05:30,https://dhanarthi-stockguru.s3.amazonaws.com/company_logos_webp/NIVABUPA.webp,t,3.49 x
9435a004-6a1e-4f11-a208-61b47ed04a3c,2909,RICOAUTO,Rico Auto Industries Limited,NSE,INE209B01025,NSE_EQ,1279.74,t,2026-08-11 11:53:09.083277+05:30,2026-08-13 10:18:23.500243+05:30,https://dhanarthi-stockguru.s3.amazonaws.com/company_logos_webp/RICOAUTO.webp,t,2.46 x
945fd80a-cb79-46eb-bf3c-bb3470c8e956,11423,DATAMATICS,Datamatics Global Services Limited,NSE,INE365B01017,NSE_EQ,5172.69,t,2026-08-11 11:53:07.699563+05:30,2026-08-13 10:18:23.500243+05:30,https://dhanarthi-stockguru.s3.amazonaws.com/company_logos_webp/DATAMATICS.webp,t,2.73 x
946405c5-fedc-492c-a3c7-8fee8f979945,22770,INM,INM,NSE,INE0OPC01015,NSE_EQ,390.63,t,2026-08-11 11:53:08.268362+05:30,2026-08-13 10:18:23.500243+05:30,,f,
94643ba1-332e-451b-acbc-22277831eaa4,17364,VINATIORGA,Vinati Organics Limited,NSE,INE410B01037,NSE_EQ,17785.4,t,2026-08-11 11:53:09.143711+05:30,2026-08-13 10:18:23.500243+05:30,https://dhanarthi-stockguru.s3.amazonaws.com/company_logos_webp/VINATIORGA.webp,t,3.6 x
9465ff5d-f174-41d7-aed0-79393bc6d91a,11987,ICIL,Indo Count Industries Limited,NSE,INE483B01026,NSE_EQ,5515.59,t,2026-08-11 11:53:08.966518+05:30,2026-08-13 10:18:23.500243+05:30,https://dhanarthi-stockguru.s3.amazonaws.com/company_logos_webp/ICIL.webp,t,2.41 x
94828e46-f51c-4087-9658-4ae95a087dc8,17358,UTKARSHBNK,Utkarsh Small Finance Bank Limited,NSE,INE735W01017,NSE_EQ,2662.58,t,2026-08-11 11:53:08.851822+05:30,2026-08-13 10:18:23.500243+05:30,https://dhanarthi-stockguru.s3.amazonaws.com/company_logos_webp/UTKARSHBNK.webp,t,2.5 x
948f304d-541c-4166-a2e3-29d526f7506a,25240,SHUBHSHREE,SHUBHSHREE,NSE,INE0UL701015,NSE_EQ,219.13,t,2026-08-11 11:53:09.300416+05:30,2026-08-13 10:18:23.515881+05:30,,f,
94cfc282-50d6-4b8d-ab95-71354c3edbb1,1085,GABRIEL,Gabriel India Limited,NSE,INE524A01029,NSE_EQ,16171.38,t,2026-08-11 11:53:08.950386+05:30,2026-08-13 10:18:23.515881+05:30,https://dhanarthi-stockguru.s3.amazonaws.com/company_logos_webp/GABRIEL.webp,t,2.61 x
94d5875b-2036-4d8b-bebe-2b69d2c23d5b,20289,ROCKINGDCE,ROCKINGDCE,NSE,INE0PTR01012,NSE_EQ,117.03,t,2026-08-11 11:53:09.402111+05:30,2026-08-13 10:18:23.515881+05:30,https://dhanarthi-stockguru.s3.amazonaws.com/company_logos_webp/ROCKINGDCE.webp,f,
94e4d92f-dbbb-46b4-aff5-cc65e8b37957,13502,MOXSH,MOXSH,NSE,INE0N6D01014,NSE_EQ,48.9,t,2026-08-11 11:53:09.501618+05:30,2026-08-13 10:18:23.515881+05:30,https://dhanarthi-stockguru.s3.amazonaws.com/company_logos_webp/MOXSH.webp,f,
94ea8e46-9290-433a-9357-27463d44d109,2018,LUMAXIND,Lumax Industries Limited,NSE,INE162B01018,NSE_EQ,4281.3,t,2026-08-11 11:53:08.804555+05:30,2026-08-13 10:18:23.515881+05:30,https://dhanarthi-stockguru.s3.amazonaws.com/company_logos_webp/LUMAXIND.webp,t,2.74 x
9508338b-4f1f-405f-9160-2c90d6c7bdcc,760981,AYE,Aye Finance Limited,NSE,INE501X01029,NSE_EQ,,t,2026-08-11 11:53:08.152119+05:30,2026-08-13 10:18:23.515881+05:30,,t,2.5 x
95164cdc-be76-47fa-8d40-7f9f2638af1a,1270,AMBUJACEM,Ambuja Cements Limited,NSE,INE079A01024,NSE_EQ,140858.1,t,2026-08-11 11:53:07.282898+05:30,2026-08-13 10:18:23.515881+05:30,https://dhanarthi-stockguru.s3.amazonaws.com/company_logos_webp/AMBUJACEM.webp,t,4.17 x
954cd506-4ed1-4c5d-a030-86e745ff2995,9397,BHARATGEAR,Bharat Gears Limited,NSE,INE561C01019,NSE_EQ,158.36,t,2026-08-11 11:53:08.190785+05:30,2026-08-13 10:18:23.515881+05:30,https://dhanarthi-stockguru.s3.amazonaws.com/company_logos_webp/BHARATGEAR.webp,f,
95526897-5fb1-448d-89f8-6cf575c7a6c7,18649,HOLMARC,HOLMARC,NSE,INE0LXA01019,NSE_EQ,113.76,t,2026-08-11 11:53:09.402111+05:30,2026-08-13 10:18:23.515881+05:30,https://dhanarthi-stockguru.s3.amazonaws.com/company_logos_webp/HOLMARC.webp,f,
95526ed2-0a3b-439e-bdaf-a837abff2394,13526,HOMESFY,HOMESFY,NSE,INE0N7F01017,NSE_EQ,75.9,t,2026-08-11 11:53:09.450055+05:30,2026-08-13 10:18:23.515881+05:30,https://dhanarthi-stockguru.s3.amazonaws.com/company_logos_webp/HOMESFY.webp,f,
956e906e-d9fd-4efe-af7a-922906cb8948,11582,TRACXN,Tracxn Technologies Limited,NSE,INE0HMF01019,NSE_EQ,539.31,t,2026-08-11 11:53:08.728927+05:30,2026-08-13 10:18:23.515881+05:30,https://dhanarthi-stockguru.s3.amazonaws.com/company_logos_webp/TRACXN.webp,f,
956ebc9a-f943-442c-bec1-ba651d04f2b0,9111,ARVINDFASN,Arvind Fashions Limited,NSE,INE955V01021,NSE_EQ,6839.58,t,2026-08-11 11:53:07.316014+05:30,2026-08-13 10:18:23.515881+05:30,https://dhanarthi-stockguru.s3.amazonaws.com/company_logos_webp/ARVINDFASN.webp,t,3.1 x
9574968c-c8ab-493d-bc7b-19dc191fb67f,29452,AGARWALEYE,Dr. Agarwal's Health Care Limited,NSE,INE943P01029,NSE_EQ,15076.22,t,2026-08-11 11:53:07.26652+05:30,2026-08-13 10:18:23.515881+05:30,,t,3.62 x
957f38d8-de96-4813-8a69-1851bdaac53d,24596,RELTD,Ravindra Energy Limited,NSE,INE206N01018,NSE_EQ,2705.02,t,2026-08-11 11:53:07.9329+05:30,2026-08-13 10:18:23.515881+05:30,https://dhanarthi-stockguru.s3.amazonaws.com/company_logos_webp/RELTD.webp,t,2 x
959b7b2f-2f3c-4956-b724-c11d0ee7f366,742,COSMOFIRST,COSMO FIRST LIMITED,NSE,INE757A01017,NSE_EQ,2387.21,t,2026-08-11 11:53:08.234674+05:30,2026-08-13 10:18:23.515881+05:30,https://dhanarthi-stockguru.s3.amazonaws.com/company_logos_webp/COSMOFIRST.webp,t,2 x
959d6605-8d51-48ed-bdee-ba23a1e8740a,474,3MINDIA,3M India Limited,NSE,INE470A01017,NSE_EQ,35782.2,t,2026-08-11 11:53:08.033343+05:30,2026-08-13 10:18:23.515881+05:30,https://dhanarthi-stockguru.s3.amazonaws.com/company_logos_webp/3MINDIA.webp,t,3.46 x
95a499e4-788b-4533-bf6a-13bdc19fb276,759316,RUBICON,Rubicon Research Limited,NSE,INE506V01022,NSE_EQ,10638.21,t,2026-08-11 11:53:09.083277+05:30,2026-08-13 10:18:23.515881+05:30,,t,3.09 x
95d1d048-e9bd-452f-a24f-910726c78cb2,14631,HILTON,Hilton Metal Forging Limited,NSE,INE788H01017,NSE_EQ,119.14,t,2026-08-11 11:53:07.58278+05:30,2026-08-13 10:18:23.515881+05:30,https://dhanarthi-stockguru.s3.amazonaws.com/company_logos_webp/HILTON.webp,f,
95da34e9-5357-4a7b-93cc-3bffe3744358,19560,BHANDARI,Bhandari Hosiery Exports Limited,NSE,INE474E01029,NSE_EQ,115.04,t,2026-08-11 11:53:08.183371+05:30,2026-08-13 10:18:23.515881+05:30,https://dhanarthi-stockguru.s3.amazonaws.com/company_logos_webp/BHANDARI.webp,f,
95f5d7c1-c8dd-427a-92d9-5bbd1012531e,19108,ROLLT,Rollatainers Limited,NSE,INE927A01040,NSE_EQ,33.5,t,2026-08-11 11:53:07.9329+05:30,2026-08-13 10:18:23.515881+05:30,https://dhanarthi-stockguru.s3.amazonaws.com/company_logos_webp/ROLLT.webp,f,
96155b66-00da-4945-b660-bcc5a1e40ccd,13463,PIONEEREMB,Pioneer Embroideries Limited,NSE,INE156C01018,NSE_EQ,110.3,t,2026-08-11 11:53:07.866247+05:30,2026-08-13 10:18:23.515881+05:30,https://dhanarthi-stockguru.s3.amazonaws.com/company_logos_webp/PIONEEREMB.webp,f,
967b6fa7-d9bf-4dc2-a2c3-9e8225a0330e,3892,HATSUN,Hatsun Agro Product Limited,NSE,INE473B01035,NSE_EQ,21364.16,t,2026-08-11 11:53:08.966518+05:30,2026-08-13 10:18:23.515881+05:30,https://dhanarthi-stockguru.s3.amazonaws.com/company_logos_webp/HATSUN.webp,t,3.31 x
968fc0da-4630-41bf-8db5-615bb021045b,23693,INDGN,Indegene Limited,NSE,INE065X01017,NSE_EQ,13214.1,t,2026-08-11 11:53:07.599427+05:30,2026-08-13 10:18:23.515881+05:30,https://dhanarthi-stockguru.s3.amazonaws.com/company_logos_webp/INDGN.webp,t,3.33 x
9698a87d-d205-4b50-8ea5-dde0c8da4236,15030,ASCOM,ASCOM,NSE,INE08KD01015,NSE_EQ,117.45,t,2026-08-11 11:53:09.399511+05:30,2026-08-13 10:18:23.515881+05:30,https://dhanarthi-stockguru.s3.amazonaws.com/company_logos_webp/ASCOM.webp,f,
969fc265-f2a9-4558-858d-b5f48f02c0cd,2809,RAJSREESUG,Rajshree Sugars & Chemicals Limited,NSE,INE562B01019,NSE_EQ,133.84,t,2026-08-11 11:53:09.05507+05:30,2026-08-13 10:18:23.515881+05:30,https://dhanarthi-stockguru.s3.amazonaws.com/company_logos_webp/RAJSREESUG.webp,f,
96b51ee0-9db6-42e4-b81f-6530da97df11,13332,SOLARINDS,Solar Industries India Limited,NSE,INE343H01029,NSE_EQ,127241.23,t,2026-08-11 11:53:08.249896+05:30,2026-08-13 10:18:23.515881+05:30,https://dhanarthi-stockguru.s3.amazonaws.com/company_logos_webp/SOLARINDS.webp,t,4.13 x
96c1a98f-267c-4bbb-85b1-c9cf7819e30c,7406,GLENMARK,Glenmark Pharmaceuticals Limited,NSE,INE935A01035,NSE_EQ,55719.39,t,2026-08-11 11:53:07.533088+05:30,2026-08-13 10:18:23.515881+05:30,https://dhanarthi-stockguru.s3.amazonaws.com/company_logos_webp/GLENMARK.webp,t,4.35 x
96c2b40a-61bc-4fd9-901c-b5728669e9a4,763663,MERCURYEV,Mercury Ev-Tech Limited,NSE,INE763M01028,NSE_EQ,,t,2026-08-11 11:53:08.533071+05:30,2026-08-13 10:18:23.515881+05:30,,f,
96eab11c-bf20-415c-b740-c9b19e6b2035,11626,WELENT,Welspun Enterprises Limited,NSE,INE625G01013,NSE_EQ,7121.97,t,2026-08-11 11:53:09.166605+05:30,2026-08-13 10:18:23.515881+05:30,https://dhanarthi-stockguru.s3.amazonaws.com/company_logos_webp/WELENT.webp,t,3.08 x
96f7c869-6e31-4c91-85b6-a60fadf78fdb,15126,SVLL,Shree Vasu Logistics Limited,NSE,INE00CE01017,NSE_EQ,867.23,t,2026-08-11 11:53:08.516446+05:30,2026-08-13 10:18:23.515881+05:30,https://dhanarthi-stockguru.s3.amazonaws.com/company_logos_webp/SVLL.webp,f,
97177720-f2a6-4a43-b861-505c9b58e106,13611,IRCTC,Indian Railway Catering And Tourism Corporation Limited,NSE,INE335Y01020,NSE_EQ,57370.95,t,2026-08-11 11:53:08.457215+05:30,2026-08-13 10:18:23.515881+05:30,https://dhanarthi-stockguru.s3.amazonaws.com/company_logos_webp/IRCTC.webp,t,3.69 x
977dcaee-fc4e-4765-b901-8fdd8019885f,13794,BAIDFIN,Baid Finserv Limited,NSE,INE020D01022,NSE_EQ,142.48,t,2026-08-11 11:53:08.152119+05:30,2026-08-13 10:18:23.515881+05:30,https://dhanarthi-stockguru.s3.amazonaws.com/company_logos_webp/BAIDFIN.webp,f,
97c7dbe2-d191-4d19-b94d-ef83ff05f98a,15180,KIRLPNU,Kirloskar Pneumatic Company Limited,NSE,INE811A01020,NSE_EQ,7847.21,t,2026-08-11 11:53:07.799711+05:30,2026-08-13 10:18:23.515881+05:30,https://dhanarthi-stockguru.s3.amazonaws.com/company_logos_webp/KIRLPNU.webp,t,2.85 x
97ceec03-7418-471b-bf7e-b21d8251ba4e,761099,INA,Insolation Energy Limited,NSE,INE0LGX01024,NSE_EQ,,t,2026-08-11 11:53:08.419863+05:30,2026-08-13 10:18:23.515881+05:30,,t,2 x
97e0b13a-8a6b-4b26-ae79-dd1c8c0e1f26,3834,BHARATRAS,Bharat Rasayan Limited,NSE,INE838B01021,NSE_EQ,4320.49,t,2026-08-11 11:53:08.190785+05:30,2026-08-13 10:18:23.515881+05:30,https://dhanarthi-stockguru.s3.amazonaws.com/company_logos_webp/BHARATRAS.webp,t,2.84 x
97fb5231-329a-4852-a1aa-16c2e236dd6e,24385,KARMAENG,Karma Energy Limited,NSE,INE725L01011,NSE_EQ,65.73,t,2026-08-11 11:53:08.599841+05:30,2026-08-13 10:18:23.515881+05:30,https://dhanarthi-stockguru.s3.amazonaws.com/company_logos_webp/KARMAENG.webp,f,
97fb6be6-d96b-42a6-a630-67d061ffc5a7,760433,KSHINTL,KSH International Limited,NSE,INE987S01020,NSE_EQ,2351.86,t,2026-08-11 11:53:08.691433+05:30,2026-08-13 10:18:23.515881+05:30,,t,1 x
97fb7ee4-a0b0-428f-83f0-0bb59c5b8501,17256,ALBERTDAVD,Albert David Limited,NSE,INE155C01010,NSE_EQ,467.55,t,2026-08-11 11:53:08.086537+05:30,2026-08-13 10:18:23.515881+05:30,https://dhanarthi-stockguru.s3.amazonaws.com/company_logos_webp/ALBERTDAVD.webp,f,
982edb91-3316-44e4-9726-aafa2a0b35af,762690,GNRL,Gujarat Natural Resources Limited,NSE,INE207H01018,NSE_EQ,,t,2026-08-11 11:53:08.349673+05:30,2026-08-13 10:18:23.515881+05:30,,f,
98310d60-57b1-4d51-9286-022678c8bc18,6066,ATGL,Adani Total Gas Limited,NSE,INE399L01023,NSE_EQ,67970.27,t,2026-08-11 11:53:07.333244+05:30,2026-08-13 10:18:23.515881+05:30,https://dhanarthi-stockguru.s3.amazonaws.com/company_logos_webp/ATGL.webp,t,2.7 x
983cb576-2c1d-4918-9bb5-3eda61b325d7,393,GLOBE,GLOBE ENTERPRISES (INDIA) LIMITED,NSE,INE581X01021,NSE_EQ,108.18,t,2026-08-11 11:53:07.533088+05:30,2026-08-13 10:18:23.515881+05:30,,f,
9850bceb-af55-400e-bb98-8fce2878deb1,11798,ALLDIGI,Alldigi Tech Limited,NSE,INE835G01018,NSE_EQ,1397.88,t,2026-08-11 11:53:08.100027+05:30,2026-08-13 10:18:23.515881+05:30,https://dhanarthi-stockguru.s3.amazonaws.com/company_logos_webp/ALLDIGI.webp,t,2 x
9852af9e-bb92-4b75-9324-c1a20ae9480d,11522,NIITLTD,NIIT Limited,NSE,INE161A01038,NSE_EQ,1464.22,t,2026-08-11 11:53:07.743226+05:30,2026-08-13 10:18:23.515881+05:30,https://dhanarthi-stockguru.s3.amazonaws.com/company_logos_webp/NIITLTD.webp,t,1 x
9866b1bb-deee-4911-ad4e-8feb024ddc68,758941,CPEDU,Career Point Edutech Limited,NSE,INE0P6P01016,NSE_EQ,507.19,t,2026-08-11 11:53:07.62527+05:30,2026-08-13 10:18:23.515881+05:30,,f,
986eefa6-9d19-4f48-83ff-dbaf53239dc2,13192,ENIL,Entertainment Network (India) Limited,NSE,INE265F01028,NSE_EQ,683.17,t,2026-08-11 11:53:08.285762+05:30,2026-08-13 10:18:23.515881+05:30,https://dhanarthi-stockguru.s3.amazonaws.com/company_logos_webp/ENIL.webp,t,2 x
9870c8ee-f620-4c44-8967-7c20622c6788,14657,INSECTICID,Insecticides (India) Limited,NSE,INE070I01018,NSE_EQ,2346.65,t,2026-08-11 11:53:08.449906+05:30,2026-08-13 10:18:23.515881+05:30,https://dhanarthi-stockguru.s3.amazonaws.com/company_logos_webp/INSECTICID.webp,t,2 x
9899b5e6-90ae-4f3b-84dd-8ad1ae4a2783,24507,SATIPOLY,SATIPOLY,NSE,INE0RPM01017,NSE_EQ,36.58,t,2026-08-11 11:53:09.533354+05:30,2026-08-13 10:18:23.515881+05:30,https://dhanarthi-stockguru.s3.amazonaws.com/company_logos_webp/SATIPOLY.webp,f,
989b3b91-6292-4006-b4f7-f1b61884e8c9,31507,JPOLYINVST,Jindal Poly Investment and Finance Company Limited,NSE,INE147P01019,NSE_EQ,977.38,t,2026-08-11 11:53:08.533071+05:30,2026-08-13 10:18:23.515881+05:30,https://dhanarthi-stockguru.s3.amazonaws.com/company_logos_webp/JPOLYINVST.webp,t,2 x
98b7e066-a36e-49b6-b065-b3638b96c8ee,20314,NRAIL,N R Agarwal Industries Limited,NSE,INE740D01017,NSE_EQ,715.63,t,2026-08-11 11:53:07.761541+05:30,2026-08-13 10:18:23.531493+05:30,https://dhanarthi-stockguru.s3.amazonaws.com/company_logos_webp/NRAIL.webp,f,
98b9a457-8556-41ad-859f-62cbfaf22436,11895,DCXINDIA,DCX Systems Limited,NSE,INE0KL801015,NSE_EQ,2626.18,t,2026-08-11 11:53:07.435203+05:30,2026-08-13 10:18:23.531493+05:30,,t,2.65 x
98c7a161-cea1-4c4b-9e10-39d2d2d3a161,2963,SAIL,Steel Authority of India Limited,NSE,INE114A01011,NSE_EQ,54443.86,t,2026-08-11 11:53:07.970286+05:30,2026-08-13 10:18:23.531493+05:30,https://dhanarthi-stockguru.s3.amazonaws.com/company_logos_webp/SAIL.webp,t,3.93 x
98cafec1-c9cd-41b9-8c01-21558e8921f9,19943,DEEPAKNTR,Deepak Nitrite Limited,NSE,INE288B01029,NSE_EQ,24200.74,t,2026-08-11 11:53:07.435203+05:30,2026-08-13 10:18:23.531493+05:30,https://dhanarthi-stockguru.s3.amazonaws.com/company_logos_webp/DEEPAKNTR.webp,t,3.33 x
98ef984f-de77-4345-b325-d511d9a52bf1,16682,PTCIL,PTC Industries Limited,NSE,INE596F01018,NSE_EQ,23917.94,t,2026-08-11 11:53:09.041508+05:30,2026-08-13 10:18:23.531493+05:30,https://dhanarthi-stockguru.s3.amazonaws.com/company_logos_webp/PTCIL.webp,t,2.98 x
99081d69-e44d-4397-9dc8-a2799d9d2f50,757801,IGCL,Indogulf Cropsciences Limited,NSE,INE05J901018,NSE_EQ,643.1,t,2026-08-11 11:53:08.421862+05:30,2026-08-13 10:18:23.531493+05:30,,t,1 x
99272b50-5504-4e2d-9f38-420fe2c9b425,12913,SARVESHWAR,Sarveshwar Foods Limited,NSE,INE324X01026,NSE_EQ,721.98,t,2026-08-11 11:53:07.982932+05:30,2026-08-13 10:18:23.531493+05:30,https://dhanarthi-stockguru.s3.amazonaws.com/company_logos_webp/SARVESHWAR.webp,f,
992b6b01-c080-4cc5-a9ec-12d8bded252d,359,ROML,Raj Oil Mills Limited,NSE,INE294G01026,NSE_EQ,76.14,t,2026-08-11 11:53:07.9329+05:30,2026-08-13 10:18:23.531493+05:30,https://dhanarthi-stockguru.s3.amazonaws.com/company_logos_webp/ROML.webp,f,
99384311-caa7-4d12-acc1-6727995b7aa2,19372,SPCENET,Spacenet Enterprises India Limited,NSE,INE970N01027,NSE_EQ,427.35,t,2026-08-11 11:53:08.285762+05:30,2026-08-13 10:18:23.531493+05:30,https://dhanarthi-stockguru.s3.amazonaws.com/company_logos_webp/SPCENET.webp,f,
9952f98c-8979-4504-b317-590c2ebd0fb4,13376,UTTAMSUGAR,Uttam Sugar Mills Limited,NSE,INE786F01031,NSE_EQ,980.98,t,2026-08-11 11:53:08.851822+05:30,2026-08-13 10:18:23.531493+05:30,,t,2 x
9954f44b-26c7-45eb-b792-710ada69a1fe,25652,TECHERA,TECHERA,NSE,INE0JQS01019,NSE_EQ,372.07,t,2026-08-11 11:53:08.549767+05:30,2026-08-13 10:18:23.531493+05:30,https://dhanarthi-stockguru.s3.amazonaws.com/company_logos_webp/TECHERA.webp,f,
9958ad70-0df9-42b8-9f7b-6cb64b412191,11427,NDTV,New Delhi Television Limited,NSE,INE155G01029,NSE_EQ,1029.07,t,2026-08-11 11:53:07.718134+05:30,2026-08-13 10:18:23.531493+05:30,https://dhanarthi-stockguru.s3.amazonaws.com/company_logos_webp/NDTV.webp,t,2 x
996a7d62-1d40-4d88-9b41-a66e30c4a846,762897,SHARDUL,Shardul Securities Limited,NSE,INE037B01020,NSE_EQ,,t,2026-08-11 11:53:08.723927+05:30,2026-08-13 10:18:23.531493+05:30,,f,
99b9d4fb-e41a-4a86-959d-aaff37aa83f8,25327,EXCELLENT,EXCELLENT,NSE,INE0Y4801011,NSE_EQ,20.51,t,2026-08-11 11:53:09.550065+05:30,2026-08-13 10:18:23.531493+05:30,https://dhanarthi-stockguru.s3.amazonaws.com/company_logos_webp/EXCELLENT.webp,f,
99c2cf09-0991-4829-9b43-44b055c784e5,14871,USK,Udayshivakumar Infra Limited,NSE,INE0N0Y01013,NSE_EQ,168.14,t,2026-08-11 11:53:08.851822+05:30,2026-08-13 10:18:23.531493+05:30,https://dhanarthi-stockguru.s3.amazonaws.com/company_logos_webp/USK.webp,f,
99c3cfc4-7c3f-4cad-a88b-04b061053a7d,27066,SWIGGY,Swiggy Limited,NSE,INE00H001014,NSE_EQ,102180.65,t,2026-08-11 11:53:08.516446+05:30,2026-08-13 10:18:23.531493+05:30,https://dhanarthi-stockguru.s3.amazonaws.com/company_logos_webp/SWIGGY.webp,t,3.8 x
9a04d630-ebf8-4c61-8ab4-7342480f4cca,759381,MONEYBOXX,Moneyboxx Finance Limited,NSE,INE296Q01012,NSE_EQ,469.65,t,2026-08-11 11:53:07.67541+05:30,2026-08-13 10:18:23.531493+05:30,,f,
9a3890f1-c95f-4a34-b9aa-12515d4d7b29,4717,GAIL,GAIL (India) Limited,NSE,INE129A01019,NSE_EQ,117138.27,t,2026-08-11 11:53:07.515054+05:30,2026-08-13 10:18:23.531493+05:30,https://dhanarthi-stockguru.s3.amazonaws.com/company_logos_webp/GAIL.webp,t,4.35 x
9a56b088-49f4-45d8-87a6-0233fbe19f1f,18226,MANINFRA,Man Infraconstruction Limited,NSE,INE949H01023,NSE_EQ,5905.69,t,2026-08-11 11:53:08.833281+05:30,2026-08-13 10:18:23.531493+05:30,https://dhanarthi-stockguru.s3.amazonaws.com/company_logos_webp/MANINFRA.webp,t,2.86 x
9a64e79a-3257-45bc-b089-62e1f55a0218,20453,APCL,Anjani Portland Cement Limited,NSE,INE071F01012,NSE_EQ,393.57,t,2026-08-11 11:53:07.300879+05:30,2026-08-13 10:18:23.531493+05:30,https://dhanarthi-stockguru.s3.amazonaws.com/company_logos_webp/APCL.webp,f,
9aa4cd82-c77b-4795-9f53-f2daf602bdb2,17651,POKARNA,Pokarna Limited,NSE,INE637C01025,NSE_EQ,2760.07,t,2026-08-11 11:53:07.888357+05:30,2026-08-13 10:18:23.531493+05:30,https://dhanarthi-stockguru.s3.amazonaws.com/company_logos_webp/POKARNA.webp,t,2 x
9b8cbc47-dbb0-40d3-a39b-f04a0aa81f8c,9848,SUNDRMBRAK,Sundaram Brake Linings Limited,NSE,INE073D01013,NSE_EQ,302.62,t,2026-08-11 11:53:08.466626+05:30,2026-08-13 10:18:23.531493+05:30,https://dhanarthi-stockguru.s3.amazonaws.com/company_logos_webp/SUNDRMBRAK.webp,f,
9b967cfe-3ab2-4535-8ee7-310ccce0fc94,4229,ZFSTEERING,ZF Steering Gear (India) Limited,NSE,INE116C01012,NSE_EQ,,t,2026-08-11 11:53:08.883235+05:30,2026-08-13 10:18:23.531493+05:30,https://dhanarthi-stockguru.s3.amazonaws.com/company_logos_webp/ZFSTEERING.webp,f,
9b97ae0b-0295-4fdd-aa12-4520313f7b8b,1841,KCP,KCP Limited,NSE,INE805C01028,NSE_EQ,2541.21,t,2026-08-11 11:53:08.616446+05:30,2026-08-13 10:18:23.531493+05:30,https://dhanarthi-stockguru.s3.amazonaws.com/company_logos_webp/KCP.webp,t,2.5 x
9ba8932a-da63-4c7e-b8e2-819e78d885cb,16954,VILINBIO,VILINBIO,NSE,INE0L4V01013,NSE_EQ,34.04,t,2026-08-11 11:53:09.533354+05:30,2026-08-13 10:18:23.531493+05:30,https://dhanarthi-stockguru.s3.amazonaws.com/company_logos_webp/VILINBIO.webp,f,
9be5c15a-117c-471d-9fc2-542b371ebf87,757492,NRVANDANA,NRVANDANA,NSE,INE104101014,NSE_EQ,123.74,t,2026-08-11 11:53:09.383428+05:30,2026-08-13 10:18:23.531493+05:30,,f,
9beb3f42-fa04-4239-a932-d9f18c922455,18096,JUBLFOOD,Jubilant Foodworks Limited,NSE,INE797F01020,NSE_EQ,40946.09,t,2026-08-11 11:53:08.566457+05:30,2026-08-13 10:18:23.531493+05:30,https://dhanarthi-stockguru.s3.amazonaws.com/company_logos_webp/JUBLFOOD.webp,t,4.27 x
9befe432-ed31-4bb0-8d53-f3bca9c3cc10,15067,BLAL,BEML Land Assets Limited,NSE,INE0N7W01012,NSE_EQ,875.13,t,2026-08-11 11:53:07.372137+05:30,2026-08-13 10:18:23.531493+05:30,https://dhanarthi-stockguru.s3.amazonaws.com/company_logos_webp/BLAL.webp,t,1 x
9c13cd39-6d23-433b-9721-04e6f58dba39,5617,GANESHBE,Ganesh Benzoplast Limited,NSE,INE388A01029,NSE_EQ,644.6,t,2026-08-11 11:53:08.333105+05:30,2026-08-13 10:18:23.531493+05:30,https://dhanarthi-stockguru.s3.amazonaws.com/company_logos_webp/GANESHBE.webp,f,
9c13d77a-0d36-4dca-83dd-eca6abc08410,15283,KNRCON,KNR Constructions Limited,NSE,INE634I01029,NSE_EQ,5342.68,t,2026-08-11 11:53:08.65603+05:30,2026-08-13 10:18:23.531493+05:30,https://dhanarthi-stockguru.s3.amazonaws.com/company_logos_webp/KNRCON.webp,t,3 x
9c195d4e-96ed-4e2a-a1ec-2272a4755a2d,19469,SCML,SCML,NSE,INE460Q01014,NSE_EQ,125.4,t,2026-08-11 11:53:09.383428+05:30,2026-08-13 10:18:23.531493+05:30,https://dhanarthi-stockguru.s3.amazonaws.com/company_logos_webp/SCML.webp,f,
9c253cc7-9cf7-450d-8e4c-c3258e9fe2a1,20698,SCHAND,S Chand And Company Limited,NSE,INE807K01035,NSE_EQ,666.32,t,2026-08-11 11:53:08.021031+05:30,2026-08-13 10:18:23.531493+05:30,https://dhanarthi-stockguru.s3.amazonaws.com/company_logos_webp/SCHAND.webp,t,1 x
9c5e0ed1-fd66-4bca-8eaa-c80616b35cf9,762623,COCKERILL,John Cockerill India Limited,NSE,INE515A01019,NSE_EQ,,t,2026-08-11 11:53:08.224447+05:30,2026-08-13 10:18:23.531493+05:30,,f,
9c72bae2-eadd-47df-8199-2d9f6607cfcd,10999,MARUTI,Maruti Suzuki India Limited,NSE,INE585B01010,NSE_EQ,470458.29,t,2026-08-11 11:53:08.866736+05:30,2026-08-13 10:18:23.531493+05:30,https://dhanarthi-stockguru.s3.amazonaws.com/company_logos_webp/MARUTI.webp,t,4.55 x
9c89bd0a-16c9-4695-ba39-3932959652cd,15223,PATINTLOG,Patel Integrated Logistics Limited,NSE,INE529D01014,NSE_EQ,104.35,t,2026-08-11 11:53:07.851765+05:30,2026-08-13 10:18:23.531493+05:30,https://dhanarthi-stockguru.s3.amazonaws.com/company_logos_webp/PATINTLOG.webp,f,
9c951af2-a86c-4a72-9d6b-08478d0c63a9,24937,MFML,Mahalaxmi Fabric Mills Limited,NSE,INE0US801024,NSE_EQ,30.52,t,2026-08-11 11:53:07.649447+05:30,2026-08-13 10:18:23.531493+05:30,,f,
9cf3b4c8-fb41-4f3f-af4e-5e5c787912a3,25871,FRESHARA,FRESHARA,NSE,INE0SFW01015,NSE_EQ,413.35,t,2026-08-11 11:53:09.249972+05:30,2026-08-13 10:18:23.531493+05:30,https://dhanarthi-stockguru.s3.amazonaws.com/company_logos_webp/FRESHARA.webp,f,
9d890933-9bef-4929-b444-6d15a6a0c25c,27351,GANESHIN,GANESHIN,NSE,INE0TVT01024,NSE_EQ,932.7,t,2026-08-11 11:53:09.21498+05:30,2026-08-13 10:18:23.531493+05:30,,f,
9d990cff-a3ab-492c-ab14-c67680c13963,8944,RITCO,Ritco Logistics Limited,NSE,INE01EG01016,NSE_EQ,784.69,t,2026-08-11 11:53:07.9329+05:30,2026-08-13 10:18:23.531493+05:30,https://dhanarthi-stockguru.s3.amazonaws.com/company_logos_webp/RITCO.webp,t,2 x
9daf4cb1-888d-46a7-bc51-c5271eb99f3c,4184,SANGAMIND,Sangam (India) Limited,NSE,INE495C01010,NSE_EQ,2139.35,t,2026-08-11 11:53:09.100075+05:30,2026-08-13 10:18:23.531493+05:30,https://dhanarthi-stockguru.s3.amazonaws.com/company_logos_webp/SANGAMIND.webp,t,2 x
9e114c1c-54b3-4be7-8cd0-723f927caf1e,20825,HUDCO,Housing & Urban Development Corporation Limited,NSE,INE031A01017,NSE_EQ,44793.74,t,2026-08-11 11:53:07.594289+05:30,2026-08-13 10:18:23.531493+05:30,https://dhanarthi-stockguru.s3.amazonaws.com/company_logos_webp/HUDCO.webp,t,3.04 x
9e166391-5711-4070-a246-92f03f672a63,29598,REPCOHOME,Repco Home Finance Limited,NSE,INE612J01015,NSE_EQ,2495.98,t,2026-08-11 11:53:09.076099+05:30,2026-08-13 10:18:23.531493+05:30,https://dhanarthi-stockguru.s3.amazonaws.com/company_logos_webp/REPCOHOME.webp,t,2.5 x
9e3cd42e-677b-4835-9168-acb3f77323d6,8866,CHOICEIN,Choice International Limited,NSE,INE102B01014,NSE_EQ,15852.3,t,2026-08-11 11:53:08.930454+05:30,2026-08-13 10:18:23.531493+05:30,https://dhanarthi-stockguru.s3.amazonaws.com/company_logos_webp/CHOICEIN.webp,t,3.28 x
9e4be830-2e62-437f-af99-4056b606a35a,27309,AGARWALTUF,AGARWALTUF,NSE,INE0P8X01016,NSE_EQ,243.46,t,2026-08-11 11:53:09.286776+05:30,2026-08-13 10:18:23.531493+05:30,,f,
9e50d70f-bfeb-4c49-8b65-abf93fd8cb07,1782,KANPRPLA,Kanpur Plastipack Limited,NSE,INE694E01014,NSE_EQ,472.86,t,2026-08-11 11:53:08.599841+05:30,2026-08-13 10:18:23.531493+05:30,https://dhanarthi-stockguru.s3.amazonaws.com/company_logos_webp/KANPRPLA.webp,f,
9e548d2f-fa71-4d3f-8c7c-0d437cf6be80,19215,HMVL,Hindustan Media Ventures Limited,NSE,INE871K01015,NSE_EQ,592.22,t,2026-08-11 11:53:08.408425+05:30,2026-08-13 10:18:23.531493+05:30,https://dhanarthi-stockguru.s3.amazonaws.com/company_logos_webp/HMVL.webp,t,1.67 x
9ed5db8c-d8fc-4f75-b6a8-15529e52013e,8619,TRANSWORLD,TRANSWORLD SHIPPING LINES LIMITED,NSE,INE757B01015,NSE_EQ,533.48,t,2026-08-11 11:53:08.729927+05:30,2026-08-13 10:18:23.531493+05:30,,f,
9ed9e2b9-7818-4643-ba9b-bc2a460f6651,10925,GODREJIND,Godrej Industries Limited,NSE,INE233A01035,NSE_EQ,37680.96,t,2026-08-11 11:53:08.960894+05:30,2026-08-13 10:18:23.531493+05:30,https://dhanarthi-stockguru.s3.amazonaws.com/company_logos_webp/GODREJIND.webp,t,2.81 x
9eff4d8c-f0e5-47a1-b8e2-7bc76b179fe9,13106,NAHARINDUS,Nahar Industrial Enterprises Limited,NSE,INE289A01011,NSE_EQ,501.75,t,2026-08-11 11:53:07.699563+05:30,2026-08-13 10:18:23.531493+05:30,https://dhanarthi-stockguru.s3.amazonaws.com/company_logos_webp/NAHARINDUS.webp,f,
ea47cf53-b5f4-4875-b6b2-0b42c7f48061,757493,NEPTUNE,NEPTUNE,NSE,INE156901014,NSE_EQ,367.75,t,2026-08-11 11:53:08.566457+05:30,2026-08-13 10:18:23.760023+05:30,,f,
9f032c45-19ca-4d2b-8b3d-7916bd89910f,11301,LUXIND,Lux Industries Limited,NSE,INE150G01020,NSE_EQ,3868.5,t,2026-08-11 11:53:08.804555+05:30,2026-08-13 10:18:23.531493+05:30,https://dhanarthi-stockguru.s3.amazonaws.com/company_logos_webp/LUXIND.webp,t,2.73 x
9f176c50-36a7-4af0-8309-ee88641cfc16,757690,CEDAAR,CEDAAR,NSE,INE11J101017,NSE_EQ,137.43,t,2026-08-11 11:53:09.367101+05:30,2026-08-13 10:18:23.531493+05:30,,f,
9f18d779-82f8-4efe-947b-7ee8b124a045,28913,ROSSELLIND,Rossell India Limited,NSE,INE847C01020,NSE_EQ,392.96,t,2026-08-11 11:53:07.947194+05:30,2026-08-13 10:18:23.531493+05:30,https://dhanarthi-stockguru.s3.amazonaws.com/company_logos_webp/ROSSELLIND.webp,f,
9f1a5f6c-b4c6-4e10-b0ee-eada5fa722d1,6017,EVERESTIND,Everest Industries Limited,NSE,INE295A01018,NSE_EQ,936.37,t,2026-08-11 11:53:08.300128+05:30,2026-08-13 10:18:23.531493+05:30,https://dhanarthi-stockguru.s3.amazonaws.com/company_logos_webp/EVERESTIND.webp,f,
9f1fa391-0545-46aa-874c-858a2392771e,18564,LTTS,L&T Technology Services Limited,NSE,INE010V01017,NSE_EQ,45466.68,t,2026-08-11 11:53:08.804555+05:30,2026-08-13 10:18:23.547116+05:30,https://dhanarthi-stockguru.s3.amazonaws.com/company_logos_webp/LTTS.webp,t,3.12 x
9f291d3f-7dee-44c8-8b51-a25aba95c4a5,4747,INDNIPPON,India Nippon Electricals Limited,NSE,INE092B01025,NSE_EQ,1965.58,t,2026-08-11 11:53:08.423661+05:30,2026-08-13 10:18:23.547116+05:30,https://dhanarthi-stockguru.s3.amazonaws.com/company_logos_webp/INDNIPPON.webp,t,2.5 x
9f32cbc9-0971-4c40-9ff1-47b0ef0d68dc,8840,USHAMART,Usha Martin Limited,NSE,INE228A01035,NSE_EQ,12709.41,t,2026-08-11 11:53:08.851822+05:30,2026-08-13 10:18:23.547116+05:30,https://dhanarthi-stockguru.s3.amazonaws.com/company_logos_webp/USHAMART.webp,t,3.12 x
9f57ca9c-27f3-490a-a6d2-55bad0c360be,22980,MUKKA,Mukka Proteins Limited,NSE,INE0CG401037,NSE_EQ,799.31,t,2026-08-11 11:53:07.686802+05:30,2026-08-13 10:18:23.547116+05:30,https://dhanarthi-stockguru.s3.amazonaws.com/company_logos_webp/MUKKA.webp,t,2 x
9f57ec93-130d-421f-8888-7393831e2418,18211,ORIENTLTD,Orient Press Limited,NSE,INE609C01024,NSE_EQ,85.54,t,2026-08-11 11:53:07.81617+05:30,2026-08-13 10:18:23.547116+05:30,https://dhanarthi-stockguru.s3.amazonaws.com/company_logos_webp/ORIENTLTD.webp,f,
9f685960-82c4-4992-a0e5-513e0dfc028a,10285,AYMSYNTEX,AYM Syntex Limited,NSE,INE193B01039,NSE_EQ,1108.3,t,2026-08-11 11:53:08.152119+05:30,2026-08-13 10:18:23.547116+05:30,https://dhanarthi-stockguru.s3.amazonaws.com/company_logos_webp/AYMSYNTEX.webp,t,2 x
9f6c2180-ede1-4c21-8d71-2c074acb005a,9750,ETHOSLTD,Ethos Limited,NSE,INE04TZ01018,NSE_EQ,7391.26,t,2026-08-11 11:53:08.950386+05:30,2026-08-13 10:18:23.547116+05:30,https://dhanarthi-stockguru.s3.amazonaws.com/company_logos_webp/ETHOSLTD.webp,t,3.14 x
9f7a1bb7-3875-46ef-8cee-7e0df02831c0,23864,AWFIS,Awfis Space Solutions Limited,NSE,INE108V01019,NSE_EQ,4103.21,t,2026-08-11 11:53:07.333244+05:30,2026-08-13 10:18:23.547116+05:30,https://dhanarthi-stockguru.s3.amazonaws.com/company_logos_webp/AWFIS.webp,t,2.5 x
9f7ab60a-bd94-41e1-a847-5629c3af2ad7,16249,CCAVENUE,AvenuesAI Limited,NSE,INE483S01020,NSE_EQ,,t,2026-08-11 11:53:07.682792+05:30,2026-08-13 10:18:23.547116+05:30,,t,2.96 x
9f80aafd-5b61-4d96-8788-37ddde8f694a,11504,FROG,FROG,NSE,INE385O01018,NSE_EQ,333.38,t,2026-08-11 11:53:08.756631+05:30,2026-08-13 10:18:23.547116+05:30,https://dhanarthi-stockguru.s3.amazonaws.com/company_logos_webp/FROG.webp,f,
9f8bdb74-5333-4643-b824-377941bc3163,7374,STAR,Strides Pharma Science Limited,NSE,INE939A01011,NSE_EQ,8103,t,2026-08-11 11:53:08.333105+05:30,2026-08-13 10:18:23.547116+05:30,https://dhanarthi-stockguru.s3.amazonaws.com/company_logos_webp/STAR.webp,t,2.96 x
9f9be971-e983-477e-8dd3-fd250e6fabbb,22663,JSFB,Jana Small Finance Bank Limited,NSE,INE953L01027,NSE_EQ,4885.48,t,2026-08-11 11:53:07.76627+05:30,2026-08-13 10:18:23.547116+05:30,,t,2.88 x
9f9f88f2-2301-4592-b556-2b9ac6b0251f,3466,TFCILTD,Tourism Finance Corporation of India Limited,NSE,INE305A01023,NSE_EQ,3021.76,t,2026-08-11 11:53:08.639972+05:30,2026-08-13 10:18:23.547116+05:30,https://dhanarthi-stockguru.s3.amazonaws.com/company_logos_webp/TFCILTD.webp,t,2.65 x
9fb7fa2b-f0d2-43f4-9aca-6efb96044e3e,18520,CUPID,Cupid Limited,NSE,INE509F01029,NSE_EQ,6516.75,t,2026-08-11 11:53:07.699563+05:30,2026-08-13 10:18:23.547116+05:30,https://dhanarthi-stockguru.s3.amazonaws.com/company_logos_webp/CUPID.webp,t,1 x
9fc1c505-ed18-4db8-8c77-5d5db41f59cf,19220,VALIANTLAB,Valiant Laboratories Limited,NSE,INE0JWS01017,NSE_EQ,450.48,t,2026-08-11 11:53:08.851822+05:30,2026-08-13 10:18:23.547116+05:30,https://dhanarthi-stockguru.s3.amazonaws.com/company_logos_webp/VALIANTLAB.webp,f,
9fecf17c-6a3e-4522-b381-f5b0534c44b6,10710,VEEKAYEM,VEEKAYEM,NSE,INE0KTW01013,NSE_EQ,151.34,t,2026-08-11 11:53:09.361041+05:30,2026-08-13 10:18:23.547116+05:30,https://dhanarthi-stockguru.s3.amazonaws.com/company_logos_webp/VEEKAYEM.webp,f,
a0075649-e7f6-4b13-868d-ba3e9fff29fc,5366,WINDLAS,Windlas Biotech Limited,NSE,INE0H5O01029,NSE_EQ,1902.78,t,2026-08-11 11:53:09.18223+05:30,2026-08-13 10:18:23.547116+05:30,https://dhanarthi-stockguru.s3.amazonaws.com/company_logos_webp/WINDLAS.webp,t,2.5 x
a01769f1-b6ca-4858-81c5-677190d5439c,159,MILTON,MILTON,NSE,INE376Y01016,NSE_EQ,48.19,t,2026-08-11 11:53:09.501618+05:30,2026-08-13 10:18:23.547116+05:30,https://dhanarthi-stockguru.s3.amazonaws.com/company_logos_webp/MILTON.webp,f,
a017b5ab-15ef-49b3-9235-52d9d65fd183,13868,AARTIPHARM,Aarti Pharmalabs Limited,NSE,INE0LRU01027,NSE_EQ,7527.4,t,2026-08-11 11:53:08.049697+05:30,2026-08-13 10:18:23.547116+05:30,https://dhanarthi-stockguru.s3.amazonaws.com/company_logos_webp/AARTIPHARM.webp,t,2.86 x
a04c0adb-00d5-468d-83f2-febea99d8d73,4503,MPHASIS,MphasiS Limited,NSE,INE356A01018,NSE_EQ,53505.61,t,2026-08-11 11:53:07.686802+05:30,2026-08-13 10:18:23.547116+05:30,https://dhanarthi-stockguru.s3.amazonaws.com/company_logos_webp/MPHASIS.webp,t,4.35 x
a0733134-afdb-45be-9f9e-979d421c973a,5926,INTELLECT,Intellect Design Arena Limited,NSE,INE306R01017,NSE_EQ,14475.84,t,2026-08-11 11:53:08.456705+05:30,2026-08-13 10:18:23.547116+05:30,https://dhanarthi-stockguru.s3.amazonaws.com/company_logos_webp/INTELLECT.webp,t,2.86 x
a09ae4c3-6ead-4f33-92c5-24b44c4087bf,764445,ASTRON,Astron Paper & Board Mill Limited,NSE,INE646X01014,NSE_EQ,55.26,t,2026-08-11 11:53:07.322446+05:30,2026-08-13 10:18:23.547116+05:30,https://dhanarthi-stockguru.s3.amazonaws.com/company_logos_webp/ASTRON.webp,f,
a0ed8562-0f5b-4e70-8c85-445f6b8c74fd,29135,INDUSTOWER,Indus Towers Limited,NSE,INE121J01017,NSE_EQ,99639.12,t,2026-08-11 11:53:08.4492+05:30,2026-08-13 10:18:23.547116+05:30,https://dhanarthi-stockguru.s3.amazonaws.com/company_logos_webp/INDUSTOWER.webp,t,4.17 x
a0faa12d-59b5-47f1-b5c7-0ec1c9f83530,11796,HPIL,Hindprakash Industries Limited,NSE,INE05X901010,NSE_EQ,155.54,t,2026-08-11 11:53:08.408933+05:30,2026-08-13 10:18:23.547116+05:30,,f,
a0faa8fb-f5a4-49ee-a530-c2d3beed7857,750290,VISL,Vedanta Iron and Steel Limited,NSE,INE1CLE01013,NSE_EQ,,t,2026-08-11 11:53:08.851822+05:30,2026-08-13 10:18:23.547116+05:30,,f,
a1132e20-8059-4ccf-9e61-789f1420b586,1139,GICHSGFIN,GIC Housing Finance Limited,NSE,INE289B01019,NSE_EQ,955.21,t,2026-08-11 11:53:07.533088+05:30,2026-08-13 10:18:23.547116+05:30,https://dhanarthi-stockguru.s3.amazonaws.com/company_logos_webp/GICHSGFIN.webp,t,2 x
a123faea-3ce0-4a34-a21c-98553c2f0d23,1808,KAJARIACER,Kajaria Ceramics Limited,NSE,INE217B01036,NSE_EQ,18611.57,t,2026-08-11 11:53:08.587055+05:30,2026-08-13 10:18:23.547116+05:30,https://dhanarthi-stockguru.s3.amazonaws.com/company_logos_webp/KAJARIACER.webp,t,3.38 x
a12ac50b-b846-474e-9f43-887a0fc3e033,9879,CHEVIOT,Cheviot Company Limited,NSE,INE974B01016,NSE_EQ,672.03,t,2026-08-11 11:53:08.21644+05:30,2026-08-13 10:18:23.547116+05:30,https://dhanarthi-stockguru.s3.amazonaws.com/company_logos_webp/CHEVIOT.webp,t,2 x
a1446879-3c8e-4df8-8c9b-c3cad6c9126f,760715,HALDER,Halder Venture Limited,NSE,INE115S01010,NSE_EQ,,t,2026-08-11 11:53:08.370496+05:30,2026-08-13 10:18:23.547116+05:30,,f,
a14b4575-8b9b-408e-9d8f-7c4cd621a71e,13131,QUICKHEAL,Quick Heal Technologies Limited,NSE,INE306L01010,NSE_EQ,1707.22,t,2026-08-11 11:53:07.917696+05:30,2026-08-13 10:18:23.547116+05:30,https://dhanarthi-stockguru.s3.amazonaws.com/company_logos_webp/QUICKHEAL.webp,f,
a15d2094-5c84-4a0d-94ad-0f05992c4a8e,15228,UJJIVANSFB,Ujjivan Small Finance Bank Limited,NSE,INE551W01018,NSE_EQ,9430.81,t,2026-08-11 11:53:08.783106+05:30,2026-08-13 10:18:23.547116+05:30,https://dhanarthi-stockguru.s3.amazonaws.com/company_logos_webp/UJJIVANSFB.webp,t,2.99 x
a238580b-b3bc-4259-be38-a904872963dc,6543,GRPLTD,GRP Limited,NSE,INE137I01015,NSE_EQ,1131.88,t,2026-08-11 11:53:07.549834+05:30,2026-08-13 10:18:23.547116+05:30,https://dhanarthi-stockguru.s3.amazonaws.com/company_logos_webp/GRPLTD.webp,f,
a2493de9-143e-4a2b-9e1f-c4dd68bffb40,8931,SUPERSPIN,Super Spinning Mills Limited,NSE,INE662A01027,NSE_EQ,51.34,t,2026-08-11 11:53:08.466626+05:30,2026-08-13 10:18:23.547116+05:30,https://dhanarthi-stockguru.s3.amazonaws.com/company_logos_webp/SUPERSPIN.webp,f,
a2543b5c-7a1b-48d4-af46-be5c191e6817,18365,PERSISTENT,Persistent Systems Limited,NSE,INE262H01021,NSE_EQ,89034.17,t,2026-08-11 11:53:07.854273+05:30,2026-08-13 10:18:23.547116+05:30,https://dhanarthi-stockguru.s3.amazonaws.com/company_logos_webp/PERSISTENT.webp,t,3.92 x
a26312ba-d572-4d75-bfde-7d3c5ee7f6f2,4751,INDRAMEDCO,Indraprastha Medical Corporation Limited,NSE,INE681B01017,NSE_EQ,4544.09,t,2026-08-11 11:53:08.433272+05:30,2026-08-13 10:18:23.547116+05:30,https://dhanarthi-stockguru.s3.amazonaws.com/company_logos_webp/INDRAMEDCO.webp,t,2.82 x
a27cf30a-5b59-4ebb-9d73-7ee019eaae23,761581,CMPDI,Central Mine Planning & Design Institute Limited,NSE,INE05HV01027,NSE_EQ,,t,2026-08-11 11:53:08.224447+05:30,2026-08-13 10:18:23.547116+05:30,,t,3.38 x
a28bcdac-e5b2-47f2-aa98-bf00110d3f1e,762812,NEAGI,Neelamalai Agro Industries Limited,NSE,INE605D01012,NSE_EQ,,t,2026-08-11 11:53:08.566457+05:30,2026-08-13 10:18:23.547116+05:30,,f,
a2c100d8-9923-4154-8684-e56b3fa9bf39,8945,KAKATCEM,Kakatiya Cement Sugar & Industries Limited,NSE,INE437B01014,NSE_EQ,114.95,t,2026-08-11 11:53:08.587055+05:30,2026-08-13 10:18:23.547116+05:30,,f,
a2c96de3-efaf-4354-aa4e-8e66e65b8b2a,24851,SUYOG,Suyog Telematics Limited,NSE,INE442P01014,NSE_EQ,858.58,t,2026-08-11 11:53:08.516446+05:30,2026-08-13 10:18:23.547116+05:30,https://dhanarthi-stockguru.s3.amazonaws.com/company_logos_webp/SUYOG.webp,t,2 x
a31f11c1-5ab1-4238-b457-f51117ef163d,25116,STYLEBAAZA,Baazar Style Retail Limited,NSE,INE01FR01028,NSE_EQ,2325.33,t,2026-08-11 11:53:08.423661+05:30,2026-08-13 10:18:23.547116+05:30,https://dhanarthi-stockguru.s3.amazonaws.com/company_logos_webp/STYLEBAAZA.webp,f,
a31f8afb-67e8-4eee-8a36-9bda16c32a91,11892,VHL,Vardhman Holdings Limited,NSE,INE701A01023,NSE_EQ,1231.49,t,2026-08-11 11:53:07.349583+05:30,2026-08-13 10:18:23.547116+05:30,https://dhanarthi-stockguru.s3.amazonaws.com/company_logos_webp/VHL.webp,f,
a34fc262-676d-4cd4-9d7a-fb57d9dfefad,3088,INDOSTAR,IndoStar Capital Finance Limited,NSE,INE896L01010,NSE_EQ,3616.67,t,2026-08-11 11:53:08.433272+05:30,2026-08-13 10:18:23.547116+05:30,https://dhanarthi-stockguru.s3.amazonaws.com/company_logos_webp/INDOSTAR.webp,t,2.5 x
a357e7d8-6816-4198-b799-6841f2667120,760121,VIJAYPD,VIJAYPD,NSE,INE0WL901019,NSE_EQ,88.33,t,2026-08-11 11:53:09.433391+05:30,2026-08-13 10:18:23.547116+05:30,,f,
a36b72ca-44e3-4bbc-b4f8-e489a9d01638,24711,ASHALOG,ASHALOG,NSE,INE0LAA01017,NSE_EQ,94.89,t,2026-08-11 11:53:09.433391+05:30,2026-08-13 10:18:23.547116+05:30,https://dhanarthi-stockguru.s3.amazonaws.com/company_logos_webp/ASHALOG.webp,f,
a36c408b-3b37-460f-8f4b-99326a34d61a,27176,NTPCGREEN,NTPC Green Energy Limited,NSE,INE0ONG01011,NSE_EQ,84831.07,t,2026-08-11 11:53:07.763047+05:30,2026-08-13 10:18:23.547116+05:30,,t,3.33 x
a3712979-b73b-4839-b191-0406f1544eb0,11778,GOKEX,Gokaldas Exports Limited,NSE,INE887G01027,NSE_EQ,6018.21,t,2026-08-11 11:53:08.966518+05:30,2026-08-13 10:18:23.547116+05:30,https://dhanarthi-stockguru.s3.amazonaws.com/company_logos_webp/GOKEX.webp,t,2.5 x
a3b285a2-221b-466a-9b52-a5ae29eef445,20621,PENIND,Pennar Industries Limited,NSE,INE932A01024,NSE_EQ,3148.19,t,2026-08-11 11:53:07.854273+05:30,2026-08-13 10:18:23.547116+05:30,https://dhanarthi-stockguru.s3.amazonaws.com/company_logos_webp/PENIND.webp,t,2.61 x
a3cfe3b1-65f8-439e-9bab-fc1cb001c0a0,11915,YESBANK,Yes Bank Limited,NSE,INE528G01035,NSE_EQ,66347.81,t,2026-08-11 11:53:09.183625+05:30,2026-08-13 10:18:23.547116+05:30,https://dhanarthi-stockguru.s3.amazonaws.com/company_logos_webp/YESBANK.webp,t,4.17 x
a3e39318-250d-4700-9186-0012990c9611,8311,BLUESTARCO,Blue Star Limited,NSE,INE472A01039,NSE_EQ,37850.99,t,2026-08-11 11:53:07.384171+05:30,2026-08-13 10:18:23.547116+05:30,https://dhanarthi-stockguru.s3.amazonaws.com/company_logos_webp/BLUESTARCO.webp,t,4.15 x
a40c8a11-6c06-49d5-b57a-f23e508298d1,5435,APTUS,Aptus Value Housing Finance India Limited,NSE,INE852O01025,NSE_EQ,15825.61,t,2026-08-11 11:53:07.315519+05:30,2026-08-13 10:18:23.547116+05:30,https://dhanarthi-stockguru.s3.amazonaws.com/company_logos_webp/APTUS.webp,t,3.24 x
a41982cc-5a53-492f-9bd7-d6f5ceff65b6,758460,JSWCEMENT,JSW Cement Limited,NSE,INE718I01012,NSE_EQ,18255.94,t,2026-08-11 11:53:08.555275+05:30,2026-08-13 10:18:23.547116+05:30,,t,3.61 x
a43a7166-2a86-4a4b-a68a-362ec9b45c2a,15362,VGUARD,V-Guard Industries Limited,NSE,INE951I01027,NSE_EQ,15849.24,t,2026-08-11 11:53:07.282898+05:30,2026-08-13 10:18:23.547116+05:30,https://dhanarthi-stockguru.s3.amazonaws.com/company_logos_webp/VGUARD.webp,t,3.66 x
a43bd015-af3d-41af-a007-03a658cda9e4,14445,NAHARPOLY,Nahar Poly Films Limited,NSE,INE308A01027,NSE_EQ,725.48,t,2026-08-11 11:53:07.699563+05:30,2026-08-13 10:18:23.547116+05:30,https://dhanarthi-stockguru.s3.amazonaws.com/company_logos_webp/NAHARPOLY.webp,f,
a4431af5-d124-4747-8ee4-a9b88fca8339,17770,GROBTEA,The Grob Tea Company Limited,NSE,INE646C01018,NSE_EQ,122.86,t,2026-08-11 11:53:07.549834+05:30,2026-08-13 10:18:23.547116+05:30,https://dhanarthi-stockguru.s3.amazonaws.com/company_logos_webp/GROBTEA.webp,f,
a4437d0f-a0dd-4969-870b-34d9c202dcf3,15156,KALYANIFRG,Kalyani Forge Limited,NSE,INE314G01014,NSE_EQ,253.51,t,2026-08-11 11:53:08.587055+05:30,2026-08-13 10:18:23.547116+05:30,https://dhanarthi-stockguru.s3.amazonaws.com/company_logos_webp/KALYANIFRG.webp,f,
a460a691-940d-408f-8c65-d1cb3b263c64,5072,SHEMAROO,Shemaroo Entertainment Limited,NSE,INE363M01019,NSE_EQ,318.04,t,2026-08-11 11:53:07.999612+05:30,2026-08-13 10:18:23.547116+05:30,https://dhanarthi-stockguru.s3.amazonaws.com/company_logos_webp/SHEMAROO.webp,f,
a473c2f9-e67a-4c91-97d0-7986c19228c4,8024,CINEVISTA,Cinevista Limited,NSE,INE039B01026,NSE_EQ,100.63,t,2026-08-11 11:53:08.224447+05:30,2026-08-13 10:18:23.547116+05:30,https://dhanarthi-stockguru.s3.amazonaws.com/company_logos_webp/CINEVISTA.webp,f,
a4760cd8-2ad8-4756-823d-49b8ed50c47d,14255,REDINGTON,Redington Limited,NSE,INE891D01026,NSE_EQ,21393.39,t,2026-08-11 11:53:09.066591+05:30,2026-08-13 10:18:23.562743+05:30,https://dhanarthi-stockguru.s3.amazonaws.com/company_logos_webp/REDINGTON.webp,t,2.77 x
a49209fb-64b3-420f-90d9-706cd2813fd1,21131,TEJASNET,Tejas Networks Limited,NSE,INE010J01012,NSE_EQ,9989.2,t,2026-08-11 11:53:08.599841+05:30,2026-08-13 10:18:23.562743+05:30,https://dhanarthi-stockguru.s3.amazonaws.com/company_logos_webp/TEJASNET.webp,t,2.43 x
a4c7e57f-fadf-4e38-87ad-1cf6171cce50,762937,TAMBOLIIN,Tamboli Industries Limited,NSE,INE864J01012,NSE_EQ,,t,2026-08-11 11:53:08.783106+05:30,2026-08-13 10:18:23.562743+05:30,,f,
a4cd4a4f-529c-4502-9750-81cc9244d003,759179,TIGERLOGS,Tiger Logistics (India) Limited,NSE,INE906O01029,NSE_EQ,441.29,t,2026-08-11 11:53:08.666851+05:30,2026-08-13 10:18:23.562743+05:30,,f,
a4cf5ce3-c316-42cd-b056-1b37fe51f016,12124,DOLATALGO,Dolat Algotech Limited,NSE,INE966A01022,NSE_EQ,1474.37,t,2026-08-11 11:53:08.268362+05:30,2026-08-13 10:18:23.562743+05:30,https://dhanarthi-stockguru.s3.amazonaws.com/company_logos_webp/DOLATALGO.webp,t,2.5 x
a4d39a76-bf0e-44ca-bdb1-d97b0a869982,14490,NCLIND,NCL Industries Limited,NSE,INE732C01016,NSE_EQ,945.95,t,2026-08-11 11:53:07.718134+05:30,2026-08-13 10:18:23.562743+05:30,https://dhanarthi-stockguru.s3.amazonaws.com/company_logos_webp/NCLIND.webp,t,2 x
a4f0b579-4164-4f52-8c14-7ce2efd0b6b6,760300,LEMERITE,Le Merite Exports Limited,NSE,INE0G1L01025,NSE_EQ,1000.12,t,2026-08-11 11:53:08.738164+05:30,2026-08-13 10:18:23.562743+05:30,https://dhanarthi-stockguru.s3.amazonaws.com/company_logos_webp/LEMERITE.webp,f,
a4f74114-1317-4eb4-ab4a-df8f2ef6f67f,20454,GRAPHISAD,GRAPHISAD,NSE,INE0POU01017,NSE_EQ,67.88,t,2026-08-11 11:53:09.478253+05:30,2026-08-13 10:18:23.562743+05:30,https://dhanarthi-stockguru.s3.amazonaws.com/company_logos_webp/GRAPHISAD.webp,f,
a54275cd-de10-47b5-8166-a53cc8e9886d,20203,URJA,Urja Global Limited,NSE,INE550C01020,NSE_EQ,692.64,t,2026-08-11 11:53:08.833281+05:30,2026-08-13 10:18:23.562743+05:30,https://dhanarthi-stockguru.s3.amazonaws.com/company_logos_webp/URJA.webp,t,1 x
a55876ba-1d41-4ec1-9698-a4efa41a6936,762239,GSPCROP,GSP Crop Science Limited,NSE,INE713R01022,NSE_EQ,,t,2026-08-11 11:53:08.370496+05:30,2026-08-13 10:18:23.562743+05:30,,f,
a580dfca-76b3-4388-aee9-be69711d4682,3389,AGARIND,Agarwal Industrial Corporation Limited,NSE,INE204E01012,NSE_EQ,1289.16,t,2026-08-11 11:53:08.082996+05:30,2026-08-13 10:18:23.562743+05:30,https://dhanarthi-stockguru.s3.amazonaws.com/company_logos_webp/AGARIND.webp,t,2 x
a58b356b-cea6-453a-a1c1-8f3bc82d988f,29482,MCLOUD,Magellanic Cloud Limited,NSE,INE613C01026,NSE_EQ,3825.58,t,2026-08-11 11:53:07.644274+05:30,2026-08-13 10:18:23.562743+05:30,,t,2 x
a5906efb-6ed2-46ba-ad45-b5dcfcf7fb2b,25860,LAKSHYA,LAKSHYA,NSE,INE0VZS01015,NSE_EQ,131.88,t,2026-08-11 11:53:08.086537+05:30,2026-08-13 10:18:23.562743+05:30,https://dhanarthi-stockguru.s3.amazonaws.com/company_logos_webp/LAKSHYA.webp,f,
a5ba8223-83b2-4e8e-8003-8e6eaa48bf91,1008,FACT,Fertilizers and Chemicals Travancore Limited,NSE,INE188A01015,NSE_EQ,59608.27,t,2026-08-11 11:53:08.950386+05:30,2026-08-13 10:18:23.562743+05:30,https://dhanarthi-stockguru.s3.amazonaws.com/company_logos_webp/FACT.webp,t,2.76 x
a5c712f3-4e54-44c5-9346-f82d962df44f,8268,SOFTTECH,Softtech Engineers Limited,NSE,INE728Z01015,NSE_EQ,501.89,t,2026-08-11 11:53:08.249896+05:30,2026-08-13 10:18:23.562743+05:30,https://dhanarthi-stockguru.s3.amazonaws.com/company_logos_webp/SOFTTECH.webp,f,
a5f47d04-e43d-43d8-bffa-a13e1194d4f0,14707,TIMETECHNO,Time Technoplast Limited,NSE,INE508G01029,NSE_EQ,9964.94,t,2026-08-11 11:53:08.666851+05:30,2026-08-13 10:18:23.562743+05:30,https://dhanarthi-stockguru.s3.amazonaws.com/company_logos_webp/TIMETECHNO.webp,t,2.89 x
a628bd8c-d8fb-4ff6-afea-e903b71784f8,2350,NURECA,Nureca Limited,NSE,INE0DSF01015,NSE_EQ,263.5,t,2026-08-11 11:53:07.76627+05:30,2026-08-13 10:18:23.562743+05:30,https://dhanarthi-stockguru.s3.amazonaws.com/company_logos_webp/NURECA.webp,f,
a6612d3d-050b-4307-89db-30d2c19b32df,1949,KSB,Ksb Limited,NSE,INE999A01023,NSE_EQ,13968.64,t,2026-08-11 11:53:08.999929+05:30,2026-08-13 10:18:23.562743+05:30,https://dhanarthi-stockguru.s3.amazonaws.com/company_logos_webp/KSB.webp,t,3.33 x
a66c9364-016d-4463-ad61-ac34445d2fda,3724,VSTIND,VST Industries Limited,NSE,INE710A01016,NSE_EQ,4536.15,t,2026-08-11 11:53:09.150053+05:30,2026-08-13 10:18:23.562743+05:30,https://dhanarthi-stockguru.s3.amazonaws.com/company_logos_webp/VSTIND.webp,t,2.86 x
a67620a1-46de-4cf9-aefe-81205b9f1ea2,2463,MIDHANI,Mishra Dhatu Nigam Limited,NSE,INE099Z01011,NSE_EQ,7042.46,t,2026-08-11 11:53:08.999929+05:30,2026-08-13 10:18:23.562743+05:30,https://dhanarthi-stockguru.s3.amazonaws.com/company_logos_webp/MIDHANI.webp,t,2.81 x
a6a81c23-b3d8-4882-a351-51b485090ad9,3066,SESHAPAPER,Seshasayee Paper and Boards Limited,NSE,INE630A01024,NSE_EQ,1652.45,t,2026-08-11 11:53:07.616094+05:30,2026-08-13 10:18:23.562743+05:30,https://dhanarthi-stockguru.s3.amazonaws.com/company_logos_webp/SESHAPAPER.webp,t,2 x
a6ec1db3-2030-43f4-9b54-b4c2bd8d790c,8510,GATEWAY,Gateway Distriparks Limited,NSE,INE079J01017,NSE_EQ,3169.65,t,2026-08-11 11:53:07.522076+05:30,2026-08-13 10:18:23.562743+05:30,https://dhanarthi-stockguru.s3.amazonaws.com/company_logos_webp/GATEWAY.webp,t,2.5 x
a6f200f5-1270-4ff7-a136-a9873acf92c8,5265,ALIVUS,Alivus Life Sciences Limited,NSE,INE03Q201024,NSE_EQ,11605.41,t,2026-08-11 11:53:07.282898+05:30,2026-08-13 10:18:23.562743+05:30,,t,3.33 x
a706d77a-7c45-4eca-9964-e162125cb014,9878,GOLDTECH,AION-TECH SOLUTIONS LIMITED,NSE,INE805A01014,NSE_EQ,329.73,t,2026-08-11 11:53:08.349673+05:30,2026-08-13 10:18:23.562743+05:30,https://dhanarthi-stockguru.s3.amazonaws.com/company_logos_webp/GOLDTECH.webp,f,
a71b61a7-854b-4038-bc01-6fea65fc4ae6,5404,NGIL,Nakoda Group of Industries Limited,NSE,INE236Y01012,NSE_EQ,47.56,t,2026-08-11 11:53:07.733094+05:30,2026-08-13 10:18:23.562743+05:30,https://dhanarthi-stockguru.s3.amazonaws.com/company_logos_webp/NGIL.webp,f,
a752e904-9578-4bd1-8de0-095b89929ce0,25520,AVIANSH,AVIANSH,NSE,INE0TFB01017,NSE_EQ,150.37,t,2026-08-11 11:53:09.361041+05:30,2026-08-13 10:18:23.562743+05:30,https://dhanarthi-stockguru.s3.amazonaws.com/company_logos_webp/AVIANSH.webp,f,
a77ea113-aa12-4f8c-997c-6fe9d2c2f4e7,2814,ARVEE,Arvee Laboratories (India) Limited,NSE,INE006Z01016,NSE_EQ,194.01,t,2026-08-11 11:53:08.133117+05:30,2026-08-13 10:18:23.562743+05:30,https://dhanarthi-stockguru.s3.amazonaws.com/company_logos_webp/ARVEE.webp,f,
a7abfe27-4fb2-46c1-9b9e-7279ecfe8f30,703,DICIND,DIC India Limited,NSE,INE303A01010,NSE_EQ,507.28,t,2026-08-11 11:53:07.449913+05:30,2026-08-13 10:18:23.562743+05:30,https://dhanarthi-stockguru.s3.amazonaws.com/company_logos_webp/DICIND.webp,f,
a7c4cd93-0b93-4c0e-8dd8-d5e17a28364d,14745,ADVANIHOTR,Advani Hotels & Resorts (India) Limited,NSE,INE199C01026,NSE_EQ,544.14,t,2026-08-11 11:53:08.06671+05:30,2026-08-13 10:18:23.562743+05:30,https://dhanarthi-stockguru.s3.amazonaws.com/company_logos_webp/ADVANIHOTR.webp,t,1 x
a7d40466-9bed-423f-9160-83fe8bd3580a,9362,CAMPUS,Campus Activewear Limited,NSE,INE278Y01022,NSE_EQ,8326.32,t,2026-08-11 11:53:08.925947+05:30,2026-08-13 10:18:23.562743+05:30,https://dhanarthi-stockguru.s3.amazonaws.com/company_logos_webp/CAMPUS.webp,t,3.39 x
a83d0dd8-7e99-4916-bb17-57c5b9a0cf96,757938,BELLACASA,Bella Casa Fashion & Retail Limited,NSE,INE344T01014,NSE_EQ,550.36,t,2026-08-11 11:53:08.173906+05:30,2026-08-13 10:18:23.562743+05:30,,f,
a87c8a8f-e43a-4a45-974c-e66e73f4513e,2229,MODIRUBBER,Modi Rubber Limited,NSE,INE832A01018,NSE_EQ,299.69,t,2026-08-11 11:53:07.666109+05:30,2026-08-13 10:18:23.562743+05:30,https://dhanarthi-stockguru.s3.amazonaws.com/company_logos_webp/MODIRUBBER.webp,f,
a889c09b-d909-4ca0-a1ba-fd66f4eb382b,8529,GMRP&UI,GMR Power and Urban Infra Limited,NSE,INE0CU601026,NSE_EQ,8320.72,t,2026-08-11 11:53:07.548714+05:30,2026-08-13 10:18:23.562743+05:30,https://dhanarthi-stockguru.s3.amazonaws.com/company_logos_webp/GMRP_UI.webp,t,2.82 x
a8930fec-c436-46ce-8038-01f779fe6d83,7930,BYKE,The Byke Hospitality Ltd,NSE,INE319B01014,NSE_EQ,347.61,t,2026-08-11 11:53:08.202533+05:30,2026-08-13 10:18:23.562743+05:30,https://dhanarthi-stockguru.s3.amazonaws.com/company_logos_webp/BYKE.webp,f,
a8941a27-b8cf-4f73-963f-1cf4d53fcf76,19134,MAL,MAL,NSE,INE00C401011,NSE_EQ,144.81,t,2026-08-11 11:53:09.367101+05:30,2026-08-13 10:18:23.562743+05:30,,f,
a89ca840-1ec3-4a02-ac85-a56de20d2bc4,1494,RBA,Restaurant Brands Asia Limited,NSE,INE07T201019,NSE_EQ,4315.41,t,2026-08-11 11:53:09.066591+05:30,2026-08-13 10:18:23.562743+05:30,https://dhanarthi-stockguru.s3.amazonaws.com/company_logos_webp/RBA.webp,t,3.36 x
a8e6ae6b-f232-4ac4-b5ea-3c842eeba0b3,10238,CONFIPET,Confidence Petroleum India Limited,NSE,INE552D01024,NSE_EQ,1496.83,t,2026-08-11 11:53:08.234674+05:30,2026-08-13 10:18:23.562743+05:30,https://dhanarthi-stockguru.s3.amazonaws.com/company_logos_webp/CONFIPET.webp,t,2 x
a8ed7177-8288-477d-9eea-b97ca127b5c4,22717,ENTERO,Entero Healthcare Solutions Limited,NSE,INE010601016,NSE_EQ,4936.17,t,2026-08-11 11:53:07.486795+05:30,2026-08-13 10:18:23.562743+05:30,https://dhanarthi-stockguru.s3.amazonaws.com/company_logos_webp/ENTERO.webp,t,3.04 x
a8fc853d-94c9-4031-82b0-81e52dcfccc9,762680,FERMENTA,Fermenta Biotech Limited,NSE,INE225B01021,NSE_EQ,,t,2026-08-11 11:53:08.300128+05:30,2026-08-13 10:18:23.562743+05:30,,f,
a917fb8f-8016-4705-b9f1-c8a89173ad18,17081,URAVIDEF,Uravi Defence and Technology Limited,NSE,INE568Z01015,NSE_EQ,362.02,t,2026-08-11 11:53:08.833281+05:30,2026-08-13 10:18:23.562743+05:30,,f,
a92270dc-5896-4c38-8c91-501ecd9cecb9,3339,SUNDARMFIN,Sundaram Finance Limited,NSE,INE660A01013,NSE_EQ,52674.25,t,2026-08-11 11:53:08.466626+05:30,2026-08-13 10:18:23.562743+05:30,https://dhanarthi-stockguru.s3.amazonaws.com/company_logos_webp/SUNDARMFIN.webp,t,3.23 x
a9318d4d-44aa-4c60-8bd1-008a5be6f97d,4959,GANGAFORGE,Ganga Forging Limited,NSE,INE691Z01023,NSE_EQ,47.63,t,2026-08-11 11:53:07.516067+05:30,2026-08-13 10:18:23.562743+05:30,https://dhanarthi-stockguru.s3.amazonaws.com/company_logos_webp/GANGAFORGE.webp,f,
a939d412-9e49-4725-8fb2-e9ec4ff3a70d,756802,OSWALPUMPS,Oswal Pumps Limited,NSE,INE0BYP01024,NSE_EQ,7999.62,t,2026-08-11 11:53:09.024045+05:30,2026-08-13 10:18:23.562743+05:30,,t,2.92 x
a97f3efa-9742-43b1-976e-a763f5da266d,3252,SPIC,Southern Petrochemicals Industries Corporation  Limited,NSE,INE147A01011,NSE_EQ,1878.7,t,2026-08-11 11:53:08.316303+05:30,2026-08-13 10:18:23.562743+05:30,https://dhanarthi-stockguru.s3.amazonaws.com/company_logos_webp/SPIC.webp,t,2.5 x
a9952d29-a489-46b1-bdd3-bca4b6843ed6,2168,RAJMET,Rajnandini Metal Limited,NSE,INE00KV01022,NSE_EQ,124.3,t,2026-08-11 11:53:09.05507+05:30,2026-08-13 10:18:23.562743+05:30,https://dhanarthi-stockguru.s3.amazonaws.com/company_logos_webp/RAJMET.webp,f,
a9a34ce8-dcd3-4b8a-a4e5-16431d280f20,7248,LYKALABS,Lyka Labs Limited,NSE,INE933A01014,NSE_EQ,341.85,t,2026-08-11 11:53:08.804555+05:30,2026-08-13 10:18:23.562743+05:30,https://dhanarthi-stockguru.s3.amazonaws.com/company_logos_webp/LYKALABS.webp,f,
a9b49ffc-f6c2-4c40-9f29-d1f6fae4356b,10343,RADHIKAJWE,Radhika Jeweltech Limited,NSE,INE583V01021,NSE_EQ,1037.98,t,2026-08-11 11:53:09.049966+05:30,2026-08-13 10:18:23.562743+05:30,https://dhanarthi-stockguru.s3.amazonaws.com/company_logos_webp/RADHIKAJWE.webp,t,2 x
a9ba8196-f41e-4f93-a834-f1caeb5ed79f,757777,RTL,RTL,NSE,INE14W901010,NSE_EQ,85.57,t,2026-08-11 11:53:09.450055+05:30,2026-08-13 10:18:23.578368+05:30,,f,
a9bf8056-e30b-414a-a35b-08df15d186da,13839,DONEAR,Donear Industries Limited,NSE,INE668D01028,NSE_EQ,515.07,t,2026-08-11 11:53:08.268362+05:30,2026-08-13 10:18:23.578368+05:30,https://dhanarthi-stockguru.s3.amazonaws.com/company_logos_webp/DONEAR.webp,f,
a9df812a-0c67-4576-adf5-f00734144f8a,8167,MANYAVAR,Vedant Fashions Limited,NSE,INE825V01034,NSE_EQ,16925.3,t,2026-08-11 11:53:08.866736+05:30,2026-08-13 10:18:23.578368+05:30,https://dhanarthi-stockguru.s3.amazonaws.com/company_logos_webp/MANYAVAR.webp,t,3.3 x
a9ec8929-298c-42be-b5c0-466ecd7211ff,12092,KAYNES,Kaynes Technology India Limited,NSE,INE918Z01012,NSE_EQ,39866.09,t,2026-08-11 11:53:08.615465+05:30,2026-08-13 10:18:23.578368+05:30,https://dhanarthi-stockguru.s3.amazonaws.com/company_logos_webp/KAYNES.webp,t,3.05 x
a9ecfa4a-a372-4bb9-9fb9-5079fac9b232,11471,EXCELINDUS,Excel Industries Limited,NSE,INE369A01029,NSE_EQ,1433.7,t,2026-08-11 11:53:08.300128+05:30,2026-08-13 10:18:23.578368+05:30,https://dhanarthi-stockguru.s3.amazonaws.com/company_logos_webp/EXCELINDUS.webp,t,2 x
aa06facd-2ce5-4a35-99fd-7465bf8ee88f,14479,DIVGIITTS,Divgi Torqtransfer Systems Limited,NSE,INE753U01022,NSE_EQ,1936.31,t,2026-08-11 11:53:07.449913+05:30,2026-08-13 10:18:23.578368+05:30,https://dhanarthi-stockguru.s3.amazonaws.com/company_logos_webp/DIVGIITTS.webp,t,2 x
aa093456-3a9d-4ea1-bd3a-1161b3fde118,7083,STARHEALTH,Star Health and Allied Insurance Company Limited,NSE,INE575P01011,NSE_EQ,26977.36,t,2026-08-11 11:53:08.333105+05:30,2026-08-13 10:18:23.578368+05:30,https://dhanarthi-stockguru.s3.amazonaws.com/company_logos_webp/STARHEALTH.webp,t,3.66 x
aa12f7fe-ff61-4c98-ae1a-8a1b24d9dac9,2513,BCLIND,Bcl Industries Limited,NSE,INE412G01024,NSE_EQ,1158.34,t,2026-08-11 11:53:07.357961+05:30,2026-08-13 10:18:23.578368+05:30,https://dhanarthi-stockguru.s3.amazonaws.com/company_logos_webp/BCLIND.webp,t,2 x
aa1ef345-1a12-494a-b2d5-2a171a73a2ce,7229,HCLTECH,HCL Technologies Limited,NSE,INE860A01027,NSE_EQ,418769.14,t,2026-08-11 11:53:07.566237+05:30,2026-08-13 10:18:23.578368+05:30,https://dhanarthi-stockguru.s3.amazonaws.com/company_logos_webp/HCLTECH.webp,t,4.44 x
aa359c77-1fba-48c7-8799-b7e5709366aa,14853,OMAXE,Omaxe Limited,NSE,INE800H01010,NSE_EQ,1548.25,t,2026-08-11 11:53:07.76627+05:30,2026-08-13 10:18:23.578368+05:30,https://dhanarthi-stockguru.s3.amazonaws.com/company_logos_webp/OMAXE.webp,t,2.5 x
aa626e53-ad19-47c5-9fe7-23eb95b44e23,19322,HISARMETAL,Hisar Metal Industries Limited,NSE,INE598C01011,NSE_EQ,99.4,t,2026-08-11 11:53:08.399736+05:30,2026-08-13 10:18:23.578368+05:30,https://dhanarthi-stockguru.s3.amazonaws.com/company_logos_webp/HISARMETAL.webp,f,
aa7ad5dc-26f6-4d17-aeb8-90b75beebb15,3325,MODISONLTD,MODISON LIMITED,NSE,INE737D01021,NSE_EQ,511.46,t,2026-08-11 11:53:07.672198+05:30,2026-08-13 10:18:23.578368+05:30,https://dhanarthi-stockguru.s3.amazonaws.com/company_logos_webp/MODISONLTD.webp,f,
aa934e5d-7e4f-45d6-abd9-b2d6cda4163a,23507,UEL,Ujaas Energy Limited,NSE,INE899L01030,NSE_EQ,3916.21,t,2026-08-11 11:53:08.766558+05:30,2026-08-13 10:18:23.578368+05:30,,f,
aa9419b4-406c-4e85-bd9a-06103a9a5452,20374,COALINDIA,Coal India Limited,NSE,INE522F01014,NSE_EQ,237339.14,t,2026-08-11 11:53:08.933682+05:30,2026-08-13 10:18:23.578368+05:30,https://dhanarthi-stockguru.s3.amazonaws.com/company_logos_webp/COALINDIA.webp,t,4.55 x
aab85580-45bd-4540-9e7e-cbfa02299aac,212,ASHOKLEY,Ashok Leyland Limited,NSE,INE208A01029,NSE_EQ,82093.21,t,2026-08-11 11:53:07.316014+05:30,2026-08-13 10:18:23.578368+05:30,https://dhanarthi-stockguru.s3.amazonaws.com/company_logos_webp/ASHOKLEY.webp,t,3.98 x
aade3016-91f6-4e68-8c9b-7b3e6663fbea,1508,ASTERDM,Aster DM Healthcare Limited,NSE,INE914M01019,NSE_EQ,32949.85,t,2026-08-11 11:53:07.322446+05:30,2026-08-13 10:18:23.578368+05:30,https://dhanarthi-stockguru.s3.amazonaws.com/company_logos_webp/ASTERDM.webp,t,3.33 x
aaf5d591-695a-4071-b61c-bed08598ec9f,29547,KEN,KEN,NSE,INE15DO01012,NSE_EQ,116.59,t,2026-08-11 11:53:09.402111+05:30,2026-08-13 10:18:23.578368+05:30,,f,
ab1018c2-0409-4c36-adf4-55dd5f3645ad,6863,BAJAJHCARE,Bajaj Healthcare Limited,NSE,INE411U01027,NSE_EQ,1432.95,t,2026-08-11 11:53:08.152119+05:30,2026-08-13 10:18:23.578368+05:30,https://dhanarthi-stockguru.s3.amazonaws.com/company_logos_webp/BAJAJHCARE.webp,t,2.5 x
ab1e758e-d577-4a69-a164-58440c937ef8,23621,JNKINDIA,JNK India Limited,NSE,INE0OAF01028,NSE_EQ,1613.07,t,2026-08-11 11:53:08.533071+05:30,2026-08-13 10:18:23.578368+05:30,,t,1 x
ab557c74-2d69-40a6-bbce-bb694b3aaebb,11195,INDIGO,InterGlobe Aviation Limited,NSE,INE646L01027,NSE_EQ,219787.15,t,2026-08-11 11:53:07.616094+05:30,2026-08-13 10:18:23.578368+05:30,https://dhanarthi-stockguru.s3.amazonaws.com/company_logos_webp/INDIGO.webp,t,4 x
ab5c6e8f-99e2-45bd-bc78-50124958bac9,761330,AEPL,Artemis Electricals and Projects Limited,NSE,INE757T01025,NSE_EQ,,t,2026-08-11 11:53:08.06671+05:30,2026-08-13 10:18:23.578368+05:30,,f,
ab5e2178-0c78-4cc5-8d71-557d0897342e,28314,ANUHPHR,Anuh Pharma Limited,NSE,INE489G01022,NSE_EQ,876.06,t,2026-08-11 11:53:07.300879+05:30,2026-08-13 10:18:23.578368+05:30,,f,
ab6cc6c7-f5dc-4e58-a11b-4d87166e0f60,17092,GREENCHEF,GREENCHEF,NSE,INE0O7P01015,NSE_EQ,143.62,t,2026-08-11 11:53:09.367101+05:30,2026-08-13 10:18:23.578368+05:30,https://dhanarthi-stockguru.s3.amazonaws.com/company_logos_webp/GREENCHEF.webp,f,
abbf55dc-0539-4df2-bbea-5f75558c0685,17433,NETWEB,Netweb Technologies India Limited,NSE,INE0NT901020,NSE_EQ,16708.58,t,2026-08-11 11:53:09.016559+05:30,2026-08-13 10:18:23.578368+05:30,https://dhanarthi-stockguru.s3.amazonaws.com/company_logos_webp/NETWEB.webp,t,2.46 x
abe81eb3-0265-4e02-ad0c-c41a0f1a4e74,18962,RAJRATAN,Rajratan Global Wire Limited,NSE,INE451D01029,NSE_EQ,1980.46,t,2026-08-11 11:53:09.05507+05:30,2026-08-13 10:18:23.578368+05:30,https://dhanarthi-stockguru.s3.amazonaws.com/company_logos_webp/RAJRATAN.webp,t,2 x
abeca0bb-bafb-4c51-a021-3c9955a38014,14677,GUJAPOLLO,Gujarat Apollo Industries Limited,NSE,INE826C01016,NSE_EQ,533.82,t,2026-08-11 11:53:07.549834+05:30,2026-08-13 10:18:23.578368+05:30,https://dhanarthi-stockguru.s3.amazonaws.com/company_logos_webp/GUJAPOLLO.webp,f,
ac126acc-7c49-4bb1-aabd-6aff78ea4c57,19461,PLAZACABLE,Plaza Wires Limited,NSE,INE0INJ01017,NSE_EQ,224.21,t,2026-08-11 11:53:07.866247+05:30,2026-08-13 10:18:23.578368+05:30,https://dhanarthi-stockguru.s3.amazonaws.com/company_logos_webp/PLAZACABLE.webp,f,
ac12946e-acb0-4f1d-bfa3-88dc354f9c23,24445,AGIIL,Agi Infra Limited,NSE,INE976R01033,NSE_EQ,2976.52,t,2026-08-11 11:53:08.086029+05:30,2026-08-13 10:18:23.578368+05:30,https://dhanarthi-stockguru.s3.amazonaws.com/company_logos_webp/AGIIL.webp,t,2.59 x
ac23d4bb-381b-4170-9288-b834541a32f1,23984,AIMTRON,AIMTRON,NSE,INE0RUV01018,NSE_EQ,1575.34,t,2026-08-11 11:53:09.145235+05:30,2026-08-13 10:18:23.578368+05:30,https://dhanarthi-stockguru.s3.amazonaws.com/company_logos_webp/AIMTRON.webp,f,
ac3a691c-fefb-4105-8c85-3c010700f176,166,ANDHRAPAP,ANDHRA PAPER LIMITED,NSE,INE435A01051,NSE_EQ,1507.23,t,2026-08-11 11:53:07.282898+05:30,2026-08-13 10:18:23.578368+05:30,https://dhanarthi-stockguru.s3.amazonaws.com/company_logos_webp/ANDHRAPAP.webp,t,2 x
ac3bef8f-ce04-475d-9a43-a68babcf6334,3396,TAINWALCHM,Tainwala Chemical and Plastic (I) Limited,NSE,INE123C01018,NSE_EQ,195.42,t,2026-08-11 11:53:08.549767+05:30,2026-08-13 10:18:23.578368+05:30,https://dhanarthi-stockguru.s3.amazonaws.com/company_logos_webp/TAINWALCHM.webp,f,
ac8dd714-40ab-4414-9a4f-c0e986127013,19931,ORISSAMINE,The Orissa Minerals Development Company Limited,NSE,INE725E01024,NSE_EQ,2987.98,t,2026-08-11 11:53:07.81617+05:30,2026-08-13 10:18:23.578368+05:30,https://dhanarthi-stockguru.s3.amazonaws.com/company_logos_webp/ORISSAMINE.webp,t,2.5 x
ac9137b5-eda0-4ea0-8e03-c59c167e78aa,759239,FINKURVE,Finkurve Financial Services Limited,NSE,INE734I01027,NSE_EQ,1535.48,t,2026-08-11 11:53:07.499428+05:30,2026-08-13 10:18:23.578368+05:30,,f,
ac971065-a2a9-4e4d-a244-ef6a94e0d08f,3813,ARIHANTCAP,Arihant Capital Markets Limited,NSE,INE420B01036,NSE_EQ,1049.98,t,2026-08-11 11:53:08.121787+05:30,2026-08-13 10:18:23.578368+05:30,https://dhanarthi-stockguru.s3.amazonaws.com/company_logos_webp/ARIHANTCAP.webp,t,2 x
aca3e9c1-a717-4605-9f4c-d07bbeb7582c,762725,INVPRECQ,Investment & Precision Castings Limited,NSE,INE155E01016,NSE_EQ,,t,2026-08-11 11:53:08.433272+05:30,2026-08-13 10:18:23.578368+05:30,,f,
acb7dbe5-b743-43d1-8c54-5caa5fccf6cf,28879,CARRARO,Carraro India Limited,NSE,INE0V7W01012,NSE_EQ,2751.34,t,2026-08-11 11:53:08.202533+05:30,2026-08-13 10:18:23.578368+05:30,,t,2.76 x
acccb6bd-b533-42dd-a0d9-c39fdccf570c,11571,PPLPHARMA,Piramal Pharma Limited,NSE,INE0DK501011,NSE_EQ,25720.2,t,2026-08-11 11:53:07.888357+05:30,2026-08-13 10:18:23.578368+05:30,https://dhanarthi-stockguru.s3.amazonaws.com/company_logos_webp/PPLPHARMA.webp,t,3.07 x
acccdfb4-b67d-4f6a-9697-75214086a168,11763,JPPOWER,Jaiprakash Power Ventures Limited,NSE,INE351F01018,NSE_EQ,13056.87,t,2026-08-11 11:53:08.555275+05:30,2026-08-13 10:18:23.578368+05:30,https://dhanarthi-stockguru.s3.amazonaws.com/company_logos_webp/JPPOWER.webp,t,2.51 x
acd4c508-7ae5-4937-9005-e35c32b3ca4e,12026,RENUKA,Shree Renuka Sugars Limited,NSE,INE087H01022,NSE_EQ,6285.02,t,2026-08-11 11:53:09.076099+05:30,2026-08-13 10:18:23.578368+05:30,https://dhanarthi-stockguru.s3.amazonaws.com/company_logos_webp/RENUKA.webp,t,3.13 x
acde16dd-99c1-40b1-b9a9-6a332354d4e8,9356,MSTCLTD,Mstc Limited,NSE,INE255X01014,NSE_EQ,3559.5,t,2026-08-11 11:53:07.686802+05:30,2026-08-13 10:18:23.578368+05:30,,t,1 x
ad0453bc-2cec-4110-80c5-f5f9361ea746,16913,ARTEMISMED,Artemis Medicare Services Limited,NSE,INE025R01021,NSE_EQ,3490.11,t,2026-08-11 11:53:08.121787+05:30,2026-08-13 10:18:23.578368+05:30,https://dhanarthi-stockguru.s3.amazonaws.com/company_logos_webp/ARTEMISMED.webp,t,2.04 x
ad466cfa-f1e4-49c7-92be-8ad8a328eb0c,21683,BRNL,Bharat Road Network Limited,NSE,INE727S01012,NSE_EQ,185.48,t,2026-08-11 11:53:08.202533+05:30,2026-08-13 10:18:23.578368+05:30,https://dhanarthi-stockguru.s3.amazonaws.com/company_logos_webp/BRNL.webp,f,
ad58db2c-602b-48d0-95fe-de8de065a880,12749,DJML,DJ Mediaprint & Logistics Limited,NSE,INE0B1K01014,NSE_EQ,301.29,t,2026-08-11 11:53:08.268362+05:30,2026-08-13 10:18:23.578368+05:30,https://dhanarthi-stockguru.s3.amazonaws.com/company_logos_webp/DJML.webp,f,
ad6c2c01-5dbe-45e3-b9b7-d27f74ca22ad,758558,KALPATARU,Kalpataru Limited,NSE,INE227J01012,NSE_EQ,7829.97,t,2026-08-11 11:53:08.587055+05:30,2026-08-13 10:18:23.578368+05:30,,t,3.29 x
adafb6dd-aa1b-4629-92f5-593aedfba0b0,757545,TRAVELFOOD,Travel Food Services Limited,NSE,INE103V01028,NSE_EQ,16504,t,2026-08-11 11:53:08.741671+05:30,2026-08-13 10:18:23.578368+05:30,,t,3.53 x
adb584aa-b168-4d8e-af2c-f4ae474bb75b,4953,ADROITINFO,Adroit Infotech Limited,NSE,INE737B01033,NSE_EQ,58.21,t,2026-08-11 11:53:08.06671+05:30,2026-08-13 10:18:23.578368+05:30,,f,
adbbb5d9-bd1b-4650-b72f-34090ea3083a,758115,JSLL,Jeena Sikho Lifecare Limited,NSE,INE0J5801029,NSE_EQ,8579.8,t,2026-08-11 11:53:08.991121+05:30,2026-08-13 10:18:23.578368+05:30,https://dhanarthi-stockguru.s3.amazonaws.com/company_logos_webp/JSLL.webp,t,2.22 x
adcb2f76-2011-4103-98bd-019ec89c0361,21021,FMNL,Future Market Networks Limited,NSE,INE360L01017,NSE_EQ,73.36,t,2026-08-11 11:53:08.316303+05:30,2026-08-13 10:18:23.578368+05:30,https://dhanarthi-stockguru.s3.amazonaws.com/company_logos_webp/FMNL.webp,f,
ae22231c-2783-4cd6-b4db-99bdbfd9b53b,25170,NAMOEWASTE,NAMOEWASTE,NSE,INE08NZ01012,NSE_EQ,412.52,t,2026-08-11 11:53:09.249972+05:30,2026-08-13 10:18:23.578368+05:30,https://dhanarthi-stockguru.s3.amazonaws.com/company_logos_webp/NAMOEWASTE.webp,f,
ae55c452-cafb-4fa0-9821-e3419f9a667c,10473,POWERMECH,Power Mech Projects Limited,NSE,INE211R01019,NSE_EQ,8793.29,t,2026-08-11 11:53:07.888357+05:30,2026-08-13 10:18:23.578368+05:30,https://dhanarthi-stockguru.s3.amazonaws.com/company_logos_webp/POWERMECH.webp,t,2.92 x
ae6b87b0-2ae4-4ff7-a7f0-77e22d64df54,13517,EMAMILTD,Emami Limited,NSE,INE548C01032,NSE_EQ,24404.61,t,2026-08-11 11:53:07.477425+05:30,2026-08-13 10:18:23.578368+05:30,https://dhanarthi-stockguru.s3.amazonaws.com/company_logos_webp/EMAMILTD.webp,t,3.45 x
ae74982d-62e7-4a5f-99b3-e2291ed4a92c,15423,DPSCLTD,DPSC Limited,NSE,INE360C01024,NSE_EQ,1157.8,t,2026-08-11 11:53:08.268362+05:30,2026-08-13 10:18:23.578368+05:30,https://dhanarthi-stockguru.s3.amazonaws.com/company_logos_webp/DPSCLTD.webp,f,
ae798083-91ec-46a9-81fa-4024989a1e80,13414,RSYSTEMS,R Systems International Limited,NSE,INE411H01032,NSE_EQ,5047.01,t,2026-08-11 11:53:09.083277+05:30,2026-08-13 10:18:23.578368+05:30,https://dhanarthi-stockguru.s3.amazonaws.com/company_logos_webp/RSYSTEMS.webp,t,2.78 x
ae804914-3451-47a9-9b47-e7c6bd46c6ca,7323,DCM,DCM  Limited,NSE,INE498A01018,NSE_EQ,184.87,t,2026-08-11 11:53:08.249896+05:30,2026-08-13 10:18:23.578368+05:30,https://dhanarthi-stockguru.s3.amazonaws.com/company_logos_webp/DCM.webp,f,
aefb3d2d-890e-4114-b2f9-472faa8e6d63,24678,ESPRIT,ESPRIT,NSE,INE0SBP01018,NSE_EQ,177.89,t,2026-08-11 11:53:09.329823+05:30,2026-08-13 10:18:23.578368+05:30,https://dhanarthi-stockguru.s3.amazonaws.com/company_logos_webp/ESPRIT.webp,f,
af22f1ec-b8fa-483d-a94a-c229469774ca,17684,SHRITECH,SHRITECH,NSE,INE0OMF01015,NSE_EQ,182.36,t,2026-08-11 11:53:09.316798+05:30,2026-08-13 10:18:23.578368+05:30,https://dhanarthi-stockguru.s3.amazonaws.com/company_logos_webp/SHRITECH.webp,f,
af41521f-4a06-432d-82b2-52716f0f11a5,17728,ASTEC,Astec LifeSciences Limited,NSE,INE563J01010,NSE_EQ,1776.46,t,2026-08-11 11:53:07.322446+05:30,2026-08-13 10:18:23.593999+05:30,https://dhanarthi-stockguru.s3.amazonaws.com/company_logos_webp/ASTEC.webp,t,2.5 x
af550123-f7ce-44a8-836e-7ed8cf2c9cda,27,GATECHDVR,GACM Technologies Limited,NSE,INE224E01036,NSE_EQ,,t,2026-08-11 11:53:08.326737+05:30,2026-08-13 10:18:23.593999+05:30,https://dhanarthi-stockguru.s3.amazonaws.com/company_logos_webp/GATECHDVR.webp,f,
af67728d-5676-41e3-a971-d42e8eb65a4e,13536,VIDHIING,Vidhi Specialty Food Ingredients Limited,NSE,INE632C01026,NSE_EQ,1842.95,t,2026-08-11 11:53:07.423337+05:30,2026-08-13 10:18:23.593999+05:30,https://dhanarthi-stockguru.s3.amazonaws.com/company_logos_webp/VIDHIING.webp,t,2 x
af91adca-4fe3-42b5-9291-646ab1fbac2b,19531,BAJAJCON,Bajaj Consumer Care Limited,NSE,INE933K01021,NSE_EQ,3412.06,t,2026-08-11 11:53:08.152119+05:30,2026-08-13 10:18:23.593999+05:30,https://dhanarthi-stockguru.s3.amazonaws.com/company_logos_webp/BAJAJCON.webp,t,1 x
afb06324-be19-472e-bf9c-8d96a49f8126,10577,KRBL,KRBL Limited,NSE,INE001B01026,NSE_EQ,9179.62,t,2026-08-11 11:53:08.999929+05:30,2026-08-13 10:18:23.593999+05:30,https://dhanarthi-stockguru.s3.amazonaws.com/company_logos_webp/KRBL.webp,t,2.96 x
afbcd3a9-1fda-4f3f-83cf-0f7fc23e4450,762832,PIONRINV,Pioneer Investcorp Limited,NSE,INE746D01014,NSE_EQ,,t,2026-08-11 11:53:08.616446+05:30,2026-08-13 10:18:23.593999+05:30,,f,
f85c5e2b-0a02-42c3-aad4-ae3138aac2bc,29583,NATCAPSUQ,Natural Capsules Limited,NSE,INE936B01015,NSE_EQ,215.23,t,2026-08-11 11:53:07.699563+05:30,2026-08-13 10:18:23.809914+05:30,,f,
afbd9a26-cf91-4923-b3d7-82a8c2ba38d1,6018,ABSLAMC,Aditya Birla Sun Life AMC Limited,NSE,INE404A01024,NSE_EQ,23402.74,t,2026-08-11 11:53:08.883235+05:30,2026-08-13 10:18:23.593999+05:30,https://dhanarthi-stockguru.s3.amazonaws.com/company_logos_webp/ABSLAMC.webp,t,3.05 x
afcbe5cf-0c4f-4bb3-8346-52a1c6da1de5,7457,HAVISHA,Sri Havisha Hospitality and Infrastructure Limited,NSE,INE293B01029,NSE_EQ,31.08,t,2026-08-11 11:53:08.390006+05:30,2026-08-13 10:18:23.593999+05:30,,f,
afe604f3-e268-42ba-9554-165a3560439a,25392,PANAMAPET,Panama Petrochem Limited,NSE,INE305C01029,NSE_EQ,1853.13,t,2026-08-11 11:53:07.832918+05:30,2026-08-13 10:18:23.593999+05:30,https://dhanarthi-stockguru.s3.amazonaws.com/company_logos_webp/PANAMAPET.webp,t,2.5 x
afea7049-52ef-4440-9d21-e51792be8054,16822,IKIO,IKIO Technologies Limited,NSE,INE0LOJ01019,NSE_EQ,1568.61,t,2026-08-11 11:53:08.033343+05:30,2026-08-13 10:18:23.593999+05:30,https://dhanarthi-stockguru.s3.amazonaws.com/company_logos_webp/IKIO.webp,t,1.56 x
b08d6d38-a89c-443e-a844-883abd5d2c9a,578,LIKHITHA,Likhitha Infrastructure Limited,NSE,INE060901027,NSE_EQ,933.97,t,2026-08-11 11:53:08.782633+05:30,2026-08-13 10:18:23.593999+05:30,https://dhanarthi-stockguru.s3.amazonaws.com/company_logos_webp/LIKHITHA.webp,f,
b090b8e5-6d66-4a51-8920-37230ad217cd,11223,UCOBANK,UCO Bank,NSE,INE691A01018,NSE_EQ,38057.46,t,2026-08-11 11:53:08.766558+05:30,2026-08-13 10:18:23.593999+05:30,https://dhanarthi-stockguru.s3.amazonaws.com/company_logos_webp/UCOBANK.webp,t,3.22 x
b09508e8-8232-4f67-849f-25b1cb118f23,24267,SYLVANPLY,SYLVANPLY,NSE,INE01IH01015,NSE_EQ,136.69,t,2026-08-11 11:53:09.367101+05:30,2026-08-13 10:18:23.593999+05:30,https://dhanarthi-stockguru.s3.amazonaws.com/company_logos_webp/SYLVANPLY.webp,f,
b0ac0e57-d4c5-45bf-9796-a59262db9dbd,20498,PRESSTONIC,PRESSTONIC,NSE,INE0R1601012,NSE_EQ,60.54,t,2026-08-11 11:53:09.48377+05:30,2026-08-13 10:18:23.593999+05:30,https://dhanarthi-stockguru.s3.amazonaws.com/company_logos_webp/PRESSTONIC.webp,f,
b0b97a88-f3c9-49f1-8091-0726641cec46,13761,BBL,Bharat Bijlee Limited,NSE,INE464A01036,NSE_EQ,3380.58,t,2026-08-11 11:53:07.357961+05:30,2026-08-13 10:18:23.593999+05:30,https://dhanarthi-stockguru.s3.amazonaws.com/company_logos_webp/BBL.webp,t,2.86 x
b0dcbfcc-ccd6-46d7-887d-b041342d4f41,10346,DGCONTENT,Digicontent Limited,NSE,INE03JI01017,NSE_EQ,214.61,t,2026-08-11 11:53:07.435203+05:30,2026-08-13 10:18:23.593999+05:30,https://dhanarthi-stockguru.s3.amazonaws.com/company_logos_webp/DGCONTENT.webp,f,
b10b31f0-b324-4239-8fe6-a82a3310873d,11864,PRIMESECU,Prime Securities Limited,NSE,INE032B01021,NSE_EQ,953.46,t,2026-08-11 11:53:07.899672+05:30,2026-08-13 10:18:23.593999+05:30,https://dhanarthi-stockguru.s3.amazonaws.com/company_logos_webp/PRIMESECU.webp,f,
b12b10f6-051b-4eff-9b88-d59107a4ec11,25312,PNGJL,P N Gadgil Jewellers Limited,NSE,INE953R01016,NSE_EQ,8328.24,t,2026-08-11 11:53:09.024045+05:30,2026-08-13 10:18:23.593999+05:30,https://dhanarthi-stockguru.s3.amazonaws.com/company_logos_webp/PNGJL.webp,t,3.14 x
b133f520-92df-410c-a196-e0a936357bbe,23445,RADIOWALLA,RADIOWALLA,NSE,INE430U01019,NSE_EQ,43.7,t,2026-08-11 11:53:09.516964+05:30,2026-08-13 10:18:23.593999+05:30,https://dhanarthi-stockguru.s3.amazonaws.com/company_logos_webp/RADIOWALLA.webp,f,
b15419d8-646a-451e-97a1-3094dbfe3e63,22478,NOVAAGRI,Nova Agritech Limited,NSE,INE02H701025,NSE_EQ,445.83,t,2026-08-11 11:53:07.749853+05:30,2026-08-13 10:18:23.593999+05:30,https://dhanarthi-stockguru.s3.amazonaws.com/company_logos_webp/NOVAAGRI.webp,f,
b171343e-339b-47b1-b1d5-bc08e5ccbbf9,30289,GCHOTELS,GCHOTELS,NSE,INE12E301017,NSE_EQ,455.99,t,2026-08-11 11:53:09.233275+05:30,2026-08-13 10:18:23.593999+05:30,,f,
b1798b61-3ecb-4908-a1d9-54dc08f13548,6977,ICDSLTD,ICDS Limited,NSE,INE613B01010,NSE_EQ,62.77,t,2026-08-11 11:53:08.408933+05:30,2026-08-13 10:18:23.593999+05:30,https://dhanarthi-stockguru.s3.amazonaws.com/company_logos_webp/ICDSLTD.webp,f,
b1b38b06-00de-49db-8217-a22308b65f60,4136,BIOFILCHEM,Biofil Chemicals & Pharmaceuticals Limited,NSE,INE829A01014,NSE_EQ,66.63,t,2026-08-11 11:53:07.372137+05:30,2026-08-13 10:18:23.593999+05:30,https://dhanarthi-stockguru.s3.amazonaws.com/company_logos_webp/BIOFILCHEM.webp,f,
b1bb0f3b-2071-4c86-83c2-a17431893229,16192,PAVNAIND,Pavna Industries Limited,NSE,INE07S101038,NSE_EQ,502.71,t,2026-08-11 11:53:07.851765+05:30,2026-08-13 10:18:23.593999+05:30,,f,
b1ec0ed0-d4b8-4c98-92e4-366d7d494580,17764,REFEX,Refex Industries Limited,NSE,INE056I01025,NSE_EQ,4768.93,t,2026-08-11 11:53:09.066591+05:30,2026-08-13 10:18:23.593999+05:30,https://dhanarthi-stockguru.s3.amazonaws.com/company_logos_webp/REFEX.webp,t,2.53 x
b209fb48-f81f-4b19-8898-487c6b8ade90,758150,MBEL,M & B Engineering Limited,NSE,INE08N601015,NSE_EQ,2370.32,t,2026-08-11 11:53:07.632766+05:30,2026-08-13 10:18:23.593999+05:30,,t,2.5 x
b211fe4b-45b9-4f16-8d1b-fff059ddb3fd,5258,INDUSINDBK,IndusInd Bank Limited,NSE,INE095A01012,NSE_EQ,62528.8,t,2026-08-11 11:53:08.440281+05:30,2026-08-13 10:18:23.593999+05:30,https://dhanarthi-stockguru.s3.amazonaws.com/company_logos_webp/INDUSINDBK.webp,t,4.06 x
b218000a-1ab0-4bf8-bc84-ad9e62869f85,4221,VISAKAIND,Visaka Industries Limited,NSE,INE392A01021,NSE_EQ,688.74,t,2026-08-11 11:53:09.150053+05:30,2026-08-13 10:18:23.593999+05:30,,t,2 x
b22adb64-4fa8-46e2-91b3-7618c3ea3f34,23027,LANCORHOL,Lancor Holdings Limited,NSE,INE572G01025,NSE_EQ,177.58,t,2026-08-11 11:53:08.719928+05:30,2026-08-13 10:18:23.593999+05:30,https://dhanarthi-stockguru.s3.amazonaws.com/company_logos_webp/LANCORHOL.webp,f,
b270e936-20b2-42c6-acf7-0d7e841e8a9e,30023,ATULAUTO,Atul Auto Limited,NSE,INE951D01028,NSE_EQ,1290.95,t,2026-08-11 11:53:07.333244+05:30,2026-08-13 10:18:23.593999+05:30,https://dhanarthi-stockguru.s3.amazonaws.com/company_logos_webp/ATULAUTO.webp,t,2.5 x
b27ddbcb-1b98-4805-be90-d01202c8bfa4,29439,SUPREME,Supreme Holdings & Hospitality (India) Limited,NSE,INE822E01011,NSE_EQ,310.98,t,2026-08-11 11:53:08.483046+05:30,2026-08-13 10:18:23.593999+05:30,,t,1 x
b2855109-13a8-4293-9f57-172fe278e6c5,14924,LAL,Lorenzini Apparels Limited,NSE,INE740X01023,NSE_EQ,182.16,t,2026-08-11 11:53:08.714477+05:30,2026-08-13 10:18:23.593999+05:30,https://dhanarthi-stockguru.s3.amazonaws.com/company_logos_webp/LAL.webp,f,
b28d9535-f660-4f1d-96fe-203e0b5d5abf,13381,KKCL,Kewal Kiran Clothing Limited,NSE,INE401H01017,NSE_EQ,3258.43,t,2026-08-11 11:53:08.639972+05:30,2026-08-13 10:18:23.593999+05:30,https://dhanarthi-stockguru.s3.amazonaws.com/company_logos_webp/KKCL.webp,t,2.5 x
b295a5d8-d436-4701-99bc-fdef2bc88289,25178,TDPOWERSYS,TD Power Systems Limited,NSE,INE419M01027,NSE_EQ,9559.58,t,2026-08-11 11:53:08.599841+05:30,2026-08-13 10:18:23.593999+05:30,https://dhanarthi-stockguru.s3.amazonaws.com/company_logos_webp/TDPOWERSYS.webp,t,1 x
b2f2963a-bde1-4c28-9b91-55e3eecd2cc9,17094,CROMPTON,Crompton Greaves Consumer Electricals Limited,NSE,INE299U01018,NSE_EQ,19297.92,t,2026-08-11 11:53:07.420446+05:30,2026-08-13 10:18:23.593999+05:30,https://dhanarthi-stockguru.s3.amazonaws.com/company_logos_webp/CROMPTON.webp,t,4.35 x
b378aa64-5993-4be3-a501-f8594c625800,25527,BIKEWO,BIKEWO,NSE,INE0SQH01013,NSE_EQ,23,t,2026-08-11 11:53:09.550065+05:30,2026-08-13 10:18:23.593999+05:30,https://dhanarthi-stockguru.s3.amazonaws.com/company_logos_webp/BIKEWO.webp,f,
b37b5a06-1bfa-4466-a92a-521d7bed3271,25231,VIESL,VIESL,NSE,INE0TR001017,NSE_EQ,526.82,t,2026-08-11 11:53:09.233275+05:30,2026-08-13 10:18:23.593999+05:30,,f,
b38970e4-206c-47d8-96f4-b07f10cbe00f,25203,BALAJEE,Shree Tirupati Balajee Agro Trading Company Limited,NSE,INE0S2G01011,NSE_EQ,378.68,t,2026-08-11 11:53:08.152119+05:30,2026-08-13 10:18:23.593999+05:30,https://dhanarthi-stockguru.s3.amazonaws.com/company_logos_webp/BALAJEE.webp,t,1 x
b39088f5-81ad-46e4-9544-2e231bc2b780,2912,RIIL,Reliance Industrial Infrastructure Limited,NSE,INE046A01015,NSE_EQ,1338.23,t,2026-08-11 11:53:09.083277+05:30,2026-08-13 10:18:23.593999+05:30,https://dhanarthi-stockguru.s3.amazonaws.com/company_logos_webp/RIIL.webp,t,2.5 x
b39175be-9c29-4a70-bfc2-6a21c2bccb2c,2124,MASTEK,Mastek Limited,NSE,INE759A01021,NSE_EQ,7203.96,t,2026-08-11 11:53:08.999929+05:30,2026-08-13 10:18:23.593999+05:30,https://dhanarthi-stockguru.s3.amazonaws.com/company_logos_webp/MASTEK.webp,t,3.03 x
b3ae52ca-0530-4204-9d92-13e5b2807060,13885,ARIHANT,Arihant Foundations & Housing Limited,NSE,INE413D01011,NSE_EQ,,t,2026-08-11 11:53:08.11928+05:30,2026-08-13 10:18:23.593999+05:30,https://dhanarthi-stockguru.s3.amazonaws.com/company_logos_webp/ARIHANT.webp,f,
b3b20d8d-dd7b-41c0-a341-8754910d18e6,11373,BIOCON,Biocon Limited,NSE,INE376G01013,NSE_EQ,50163.67,t,2026-08-11 11:53:07.372137+05:30,2026-08-13 10:18:23.593999+05:30,https://dhanarthi-stockguru.s3.amazonaws.com/company_logos_webp/BIOCON.webp,t,4.17 x
b3dd7063-8f6f-4b33-8e39-a0e55c3d552e,13796,MANALIPETC,Manali Petrochemicals Limited,NSE,INE201A01024,NSE_EQ,1165.39,t,2026-08-11 11:53:08.833281+05:30,2026-08-13 10:18:23.593999+05:30,https://dhanarthi-stockguru.s3.amazonaws.com/company_logos_webp/MANALIPETC.webp,t,1 x
b404ad00-0de7-4f0b-8bf2-77ea0213ddff,3676,VESUVIUS,Vesuvius India Limited,NSE,INE386A01023,NSE_EQ,10246.44,t,2026-08-11 11:53:08.883235+05:30,2026-08-13 10:18:23.593999+05:30,,t,3.17 x
b42d2ff5-7ed5-437f-b4d0-4ee0d91d4717,758173,PROSTARM,Prostarm Info Systems Limited,NSE,INE0BX301013,NSE_EQ,1118.19,t,2026-08-11 11:53:09.033437+05:30,2026-08-13 10:18:23.593999+05:30,,t,2 x
b434f3d7-932b-43ee-b20b-950e7b43c9dd,6188,STERTOOLS,Sterling Tools Limited,NSE,INE334A01023,NSE_EQ,1139.56,t,2026-08-11 11:53:08.349673+05:30,2026-08-13 10:18:23.593999+05:30,https://dhanarthi-stockguru.s3.amazonaws.com/company_logos_webp/STERTOOLS.webp,f,
b4780793-6a29-430e-8a14-6bb99775e91c,5382,EPIGRAL,Epigral Limited,NSE,INE071N01016,NSE_EQ,7236.86,t,2026-08-11 11:53:08.300128+05:30,2026-08-13 10:18:23.593999+05:30,https://dhanarthi-stockguru.s3.amazonaws.com/company_logos_webp/EPIGRAL.webp,t,2.79 x
b47ab7ed-37d8-4101-a97d-192784530a0c,15638,AVG,AVG Logistics Limited,NSE,INE680Z01018,NSE_EQ,340.23,t,2026-08-11 11:53:08.149611+05:30,2026-08-13 10:18:23.593999+05:30,https://dhanarthi-stockguru.s3.amazonaws.com/company_logos_webp/AVG.webp,f,
b4877979-d32d-4351-bab0-a031776108eb,19299,ITDC,India Tourism Development Corporation Limited,NSE,INE353K01014,NSE_EQ,5047.8,t,2026-08-11 11:53:08.483046+05:30,2026-08-13 10:18:23.593999+05:30,,t,2.38 x
b492ddad-c151-4149-96fc-f5985af7e5aa,14003,ZEEMEDIA,Zee Media Corporation Limited,NSE,INE966H01019,NSE_EQ,718.49,t,2026-08-11 11:53:09.183625+05:30,2026-08-13 10:18:23.593999+05:30,https://dhanarthi-stockguru.s3.amazonaws.com/company_logos_webp/ZEEMEDIA.webp,t,2 x
b4c72b14-e30d-41f0-9a02-39835bb7695c,5097,ETERNAL,ETERNAL LIMITED,NSE,INE758T01015,NSE_EQ,297138.51,t,2026-08-11 11:53:07.486795+05:30,2026-08-13 10:18:23.593999+05:30,https://dhanarthi-stockguru.s3.amazonaws.com/company_logos_webp/ETERNAL.webp,t,3.97 x
b4d8eb2d-6685-4fa6-93ab-29d0807250f1,762717,INDPRUD,Industrial & Prudential Investment Company Limited,NSE,INE620D01011,NSE_EQ,,t,2026-08-11 11:53:08.423661+05:30,2026-08-13 10:18:23.593999+05:30,,f,
b50d5639-be60-4fa0-af2e-89236d2769c2,761192,KRISHNADEF,Krishna Defence And Allied Industries Limited,NSE,INE0J5601015,NSE_EQ,1158.39,t,2026-08-11 11:53:08.683952+05:30,2026-08-13 10:18:23.609629+05:30,https://dhanarthi-stockguru.s3.amazonaws.com/company_logos_webp/KRISHNADEF.webp,t,2 x
b5415c5c-9690-452c-9e18-503ee15cc660,762740,KANCHI,Kanchi Karpooram Limited,NSE,INE081G01019,NSE_EQ,,t,2026-08-11 11:53:08.457215+05:30,2026-08-13 10:18:23.609629+05:30,,f,
b546a7d4-a144-4c32-99df-e62a2814577b,10588,SHREEPUSHK,Shree Pushkar Chemicals & Fertilisers Limited,NSE,INE712K01011,NSE_EQ,1240.23,t,2026-08-11 11:53:08.006368+05:30,2026-08-13 10:18:23.609629+05:30,https://dhanarthi-stockguru.s3.amazonaws.com/company_logos_webp/SHREEPUSHK.webp,t,2 x
b5597db5-d61c-4034-802d-f92e9d802c32,21740,CHOLAHLDNG,Cholamandalam Financial Holdings Limited,NSE,INE149A01033,NSE_EQ,35810.29,t,2026-08-11 11:53:08.933682+05:30,2026-08-13 10:18:23.609629+05:30,https://dhanarthi-stockguru.s3.amazonaws.com/company_logos_webp/CHOLAHLDNG.webp,t,3.03 x
b568510c-85f5-498c-8c54-cb708a03efb3,759206,JKIPL,Jinkushal Industries Limited,NSE,INE1FF001016,NSE_EQ,422.46,t,2026-08-11 11:53:08.533071+05:30,2026-08-13 10:18:23.609629+05:30,,f,
b59698ee-9c8d-489b-ba3f-65b3c4adf95c,17187,CYIENTDLM,Cyient DLM Limited,NSE,INE055S01018,NSE_EQ,3543.75,t,2026-08-11 11:53:08.234674+05:30,2026-08-13 10:18:23.609629+05:30,https://dhanarthi-stockguru.s3.amazonaws.com/company_logos_webp/CYIENTDLM.webp,t,2.5 x
b59b6ec5-116a-4cf2-b82a-54fcf26a1be2,573,FELIX,FELIX,NSE,INE901X01013,NSE_EQ,262.34,t,2026-08-11 11:53:09.27914+05:30,2026-08-13 10:18:23.609629+05:30,https://dhanarthi-stockguru.s3.amazonaws.com/company_logos_webp/FELIX.webp,f,
b5e45e7f-4370-45a2-8add-4263e84bb80f,25073,RAYMONDLSL,Raymond Lifestyle Limited,NSE,INE02ID01020,NSE_EQ,7113.51,t,2026-08-11 11:53:09.066591+05:30,2026-08-13 10:18:23.609629+05:30,https://dhanarthi-stockguru.s3.amazonaws.com/company_logos_webp/RAYMONDLSL.webp,t,2.86 x
b5ee7bae-c540-4300-8c35-40b4b3845893,22415,LOVABLE,Lovable Lingerie Limited,NSE,INE597L01014,NSE_EQ,135.88,t,2026-08-11 11:53:08.783106+05:30,2026-08-13 10:18:23.609629+05:30,https://dhanarthi-stockguru.s3.amazonaws.com/company_logos_webp/LOVABLE.webp,f,
b60c443f-d7d5-46c4-9e26-709039a9284c,4548,GUJRAFFIA,Gujarat Raffia Industries Limited,NSE,INE610B01024,NSE_EQ,25.55,t,2026-08-11 11:53:08.370496+05:30,2026-08-13 10:18:23.609629+05:30,https://dhanarthi-stockguru.s3.amazonaws.com/company_logos_webp/GUJRAFFIA.webp,f,
b62f2e11-1bd3-48b4-815a-0dfb46a1f6f4,25150,JEYYAM,JEYYAM,NSE,INE0RXB01022,NSE_EQ,263.02,t,2026-08-11 11:53:09.27914+05:30,2026-08-13 10:18:23.609629+05:30,https://dhanarthi-stockguru.s3.amazonaws.com/company_logos_webp/JEYYAM.webp,f,
b64457bb-fd30-470b-9478-f6258bb1d2ac,24478,SAHAJSOLAR,SAHAJSOLAR,NSE,INE0P4701011,NSE_EQ,483.67,t,2026-08-11 11:53:09.233275+05:30,2026-08-13 10:18:23.609629+05:30,https://dhanarthi-stockguru.s3.amazonaws.com/company_logos_webp/SAHAJSOLAR.webp,f,
b6457d78-4b18-45fe-b600-17976b30a685,1624,IOC,Indian Oil Corporation Limited,NSE,INE242A01010,NSE_EQ,216884.51,t,2026-08-11 11:53:07.62527+05:30,2026-08-13 10:18:23.609629+05:30,https://dhanarthi-stockguru.s3.amazonaws.com/company_logos_webp/IOC.webp,t,4.44 x
b65180db-7a0b-4394-bb59-b3bffd7f2654,2514,OSWALAGRO,Oswal Agro Mills Limited,NSE,INE142A01012,NSE_EQ,976.6,t,2026-08-11 11:53:07.832918+05:30,2026-08-13 10:18:23.609629+05:30,https://dhanarthi-stockguru.s3.amazonaws.com/company_logos_webp/OSWALAGRO.webp,f,
b6634da2-56e9-4993-9aa3-56870174805e,6302,APOLSINHOT,Apollo Sindoori Hotels Limited,NSE,INE451F01024,NSE_EQ,349.71,t,2026-08-11 11:53:07.311658+05:30,2026-08-13 10:18:23.609629+05:30,https://dhanarthi-stockguru.s3.amazonaws.com/company_logos_webp/APOLSINHOT.webp,f,
b6c1a724-ef0f-4552-97b2-c1ae4a3a1eb7,16657,ANIKINDS,Anik Industries Limited,NSE,INE087B01017,NSE_EQ,217.04,t,2026-08-11 11:53:07.300879+05:30,2026-08-13 10:18:23.609629+05:30,https://dhanarthi-stockguru.s3.amazonaws.com/company_logos_webp/ANIKINDS.webp,f,
b6d92aef-8e93-49d8-bc20-1bc6a2c28688,22803,ZENITHDRUG,ZENITHDRUG,NSE,INE0QWN01013,NSE_EQ,109.04,t,2026-08-11 11:53:09.402111+05:30,2026-08-13 10:18:23.609629+05:30,https://dhanarthi-stockguru.s3.amazonaws.com/company_logos_webp/ZENITHDRUG.webp,f,
b6ddc2f6-dc16-42c6-89bc-0ce83c1910cb,25984,AVL,Aditya Vision Limited,NSE,INE679V01027,NSE_EQ,6324.99,t,2026-08-11 11:53:07.333244+05:30,2026-08-13 10:18:23.609629+05:30,https://dhanarthi-stockguru.s3.amazonaws.com/company_logos_webp/AVL.webp,t,3.08 x
b6deab83-153b-42fb-b4ed-6ebfa974321e,1196,KANSAINER,Kansai Nerolac Paints Limited,NSE,INE531A01024,NSE_EQ,19574.82,t,2026-08-11 11:53:08.996627+05:30,2026-08-13 10:18:23.609629+05:30,https://dhanarthi-stockguru.s3.amazonaws.com/company_logos_webp/KANSAINER.webp,t,3.55 x
b6f2e130-71e3-4bfa-94d6-a4250b13156f,17795,TREL,Transindia Real Estate Limited,NSE,INE0O3901029,NSE_EQ,759.45,t,2026-08-11 11:53:08.741671+05:30,2026-08-13 10:18:23.609629+05:30,https://dhanarthi-stockguru.s3.amazonaws.com/company_logos_webp/TREL.webp,f,
b72e5892-3d66-492f-8b84-a878b1d95ba4,762621,BTTL,Bhilwara Technical Textiles Limited,NSE,INE274K01012,NSE_EQ,,t,2026-08-11 11:53:08.202533+05:30,2026-08-13 10:18:23.609629+05:30,,f,
b72e9a26-bd1d-4351-90b0-8bdbd3dec324,14501,BALAMINES,Balaji Amines Limited,NSE,INE050E01027,NSE_EQ,4644.79,t,2026-08-11 11:53:08.916528+05:30,2026-08-13 10:18:23.609629+05:30,https://dhanarthi-stockguru.s3.amazonaws.com/company_logos_webp/BALAMINES.webp,t,1 x
b732322a-4b96-491d-b648-ebf24c8ec868,13745,GTLINFRA,GTL Infrastructure Limited,NSE,INE221H01019,NSE_EQ,1885.58,t,2026-08-11 11:53:07.549834+05:30,2026-08-13 10:18:23.609629+05:30,https://dhanarthi-stockguru.s3.amazonaws.com/company_logos_webp/GTLINFRA.webp,t,2 x
b732a920-38fd-45ce-bd07-521bb3003eab,12219,RUSTOMJEE,Keystone Realtors Limited,NSE,INE263M01029,NSE_EQ,7447.66,t,2026-08-11 11:53:07.949549+05:30,2026-08-13 10:18:23.609629+05:30,https://dhanarthi-stockguru.s3.amazonaws.com/company_logos_webp/RUSTOMJEE.webp,t,3.26 x
b75024ae-42a0-440f-8a9c-a745e4c1f76c,11155,CNL,Creative Newtech Limited,NSE,INE985W01018,NSE_EQ,991.01,t,2026-08-11 11:53:08.224447+05:30,2026-08-13 10:18:23.609629+05:30,,f,
b78a8b5a-a38d-4798-bbe9-e0cc28074ba3,11325,MUKANDLTD,Mukand Limited,NSE,INE304A01026,NSE_EQ,1959.53,t,2026-08-11 11:53:07.686802+05:30,2026-08-13 10:18:23.609629+05:30,https://dhanarthi-stockguru.s3.amazonaws.com/company_logos_webp/MUKANDLTD.webp,t,2.5 x
b79a3cbe-daea-4b46-bc4c-b2cef488977e,762787,MENNPIS,Menon Pistons Limited,NSE,INE650G01029,NSE_EQ,,t,2026-08-11 11:53:08.533071+05:30,2026-08-13 10:18:23.609629+05:30,,f,
b79c0b8c-58f9-4dca-95eb-738ab33b4552,19686,BLUEJET,Blue Jet Healthcare Limited,NSE,INE0KBH01020,NSE_EQ,11961.47,t,2026-08-11 11:53:08.925427+05:30,2026-08-13 10:18:23.609629+05:30,https://dhanarthi-stockguru.s3.amazonaws.com/company_logos_webp/BLUEJET.webp,t,2.62 x
b7a7cf19-f96b-4790-beb1-09f1fd9461cc,757704,SAVY,SAVY,NSE,INE0UCN01017,NSE_EQ,311.08,t,2026-08-11 11:53:08.906394+05:30,2026-08-13 10:18:23.609629+05:30,,f,
b7b8328e-3d06-4332-ba8c-4e1850db2ce5,2313,MURUDCERA,Murudeshwar Ceramics Limited,NSE,INE692B01014,NSE_EQ,250.8,t,2026-08-11 11:53:07.69663+05:30,2026-08-13 10:18:23.609629+05:30,https://dhanarthi-stockguru.s3.amazonaws.com/company_logos_webp/MURUDCERA.webp,f,
b7f49ff6-6c7e-4e90-8ff0-e5cecf386532,739,COROMANDEL,Coromandel International Limited,NSE,INE169A01031,NSE_EQ,67892.55,t,2026-08-11 11:53:07.419446+05:30,2026-08-13 10:18:23.609629+05:30,https://dhanarthi-stockguru.s3.amazonaws.com/company_logos_webp/COROMANDEL.webp,t,3.27 x
b80c3a12-d3cf-40f5-915e-aaba57b6a6af,24439,GGBL,GGBL,NSE,INE0R8C01018,NSE_EQ,1044.18,t,2026-08-11 11:53:08.933682+05:30,2026-08-13 10:18:23.609629+05:30,https://dhanarthi-stockguru.s3.amazonaws.com/company_logos_webp/GGBL.webp,f,
b81d4b3a-2348-46ad-9ec7-708a4c8aeb60,4525,DYNAMATECH,Dynamatic Technologies Limited,NSE,INE221B01012,NSE_EQ,5255.83,t,2026-08-11 11:53:08.933682+05:30,2026-08-13 10:18:23.609629+05:30,https://dhanarthi-stockguru.s3.amazonaws.com/company_logos_webp/DYNAMATECH.webp,t,2.8 x
b83a0fd0-a685-4e38-ab4f-9cdaeced8484,13270,JKCEMENT,JK Cement Limited,NSE,INE823G01014,NSE_EQ,48693.16,t,2026-08-11 11:53:08.533071+05:30,2026-08-13 10:18:23.609629+05:30,https://dhanarthi-stockguru.s3.amazonaws.com/company_logos_webp/JKCEMENT.webp,t,3.28 x
b847d9ca-454d-4836-bbc6-ecb1e92eae50,14403,RAJTV,Raj Television Network Limited,NSE,INE952H01027,NSE_EQ,217.52,t,2026-08-11 11:53:09.05507+05:30,2026-08-13 10:18:23.609629+05:30,https://dhanarthi-stockguru.s3.amazonaws.com/company_logos_webp/RAJTV.webp,f,
b87f1a18-2d64-4eef-b008-d9ab6c9b9f36,3570,UCAL,UCAL LIMITED,NSE,INE139B01016,NSE_EQ,294.81,t,2026-08-11 11:53:08.766558+05:30,2026-08-13 10:18:23.609629+05:30,https://dhanarthi-stockguru.s3.amazonaws.com/company_logos_webp/UCAL.webp,t,1 x
b8b2dc2a-a562-435e-add4-7bda38ee6ec3,4422,INDIANCARD,Indian Card Clothing Company Limited,NSE,INE061A01014,NSE_EQ,159.67,t,2026-08-11 11:53:08.423661+05:30,2026-08-13 10:18:23.609629+05:30,https://dhanarthi-stockguru.s3.amazonaws.com/company_logos_webp/INDIANCARD.webp,f,
b8ddfdfb-2c4a-4f2c-ab6e-2227242014b9,4041,JAYAGROGN,Jayant Agro Organics Limited,NSE,INE785A01026,NSE_EQ,697.82,t,2026-08-11 11:53:08.509009+05:30,2026-08-13 10:18:23.609629+05:30,,t,2 x
b9012016-a4e8-478e-af15-d5c228da795a,11369,TTKHLTCARE,TTK Healthcare Limited,NSE,INE910C01018,NSE_EQ,1649.36,t,2026-08-11 11:53:08.749803+05:30,2026-08-13 10:18:23.609629+05:30,https://dhanarthi-stockguru.s3.amazonaws.com/company_logos_webp/TTKHLTCARE.webp,t,2 x
b923e891-26ef-4094-8dc4-2d2a96496803,18644,DIAMINESQ,Diamines & Chemicals Limited,NSE,INE591D01014,NSE_EQ,323.15,t,2026-08-11 11:53:07.449913+05:30,2026-08-13 10:18:23.609629+05:30,https://dhanarthi-stockguru.s3.amazonaws.com/company_logos_webp/DIAMINESQ.webp,f,
b92d07d0-96e2-45ca-a930-24dbadde0c42,21334,JYOTICNC,Jyoti CNC Automation Limited,NSE,INE980O01024,NSE_EQ,21736.38,t,2026-08-11 11:53:08.566457+05:30,2026-08-13 10:18:23.609629+05:30,https://dhanarthi-stockguru.s3.amazonaws.com/company_logos_webp/JYOTICNC.webp,t,2.76 x
b92dbbad-b326-412c-9e77-1458437ef434,762780,MAJESAUT,Majestic Auto Limited,NSE,INE201B01022,NSE_EQ,,t,2026-08-11 11:53:08.516446+05:30,2026-08-13 10:18:23.609629+05:30,,f,
b9816bbb-6dc9-4f1b-9ca5-f575f0f626f7,24286,DPEL,DPEL,NSE,INE0SCO01019,NSE_EQ,531.04,t,2026-08-11 11:53:09.233275+05:30,2026-08-13 10:18:23.609629+05:30,,f,
b9b2ebcf-2e8e-46ef-9170-c41d8a656b0d,21551,HALEOSLABS,HALEOS LABS LIMITED,NSE,INE320X01016,NSE_EQ,364.92,t,2026-08-11 11:53:08.383036+05:30,2026-08-13 10:18:23.609629+05:30,,f,
b9be11e8-a1c6-4554-a526-61dc60484b5e,9741,PARADEEP,Paradeep Phosphates Limited,NSE,INE088F01024,NSE_EQ,14696.75,t,2026-08-11 11:53:09.024045+05:30,2026-08-13 10:18:23.609629+05:30,https://dhanarthi-stockguru.s3.amazonaws.com/company_logos_webp/PARADEEP.webp,t,2.83 x
b9be1448-0106-406b-befa-5b61da5d3bc2,20323,RESPONIND,Responsive Industries Limited,NSE,INE688D01026,NSE_EQ,5455.17,t,2026-08-11 11:53:09.076099+05:30,2026-08-13 10:18:23.609629+05:30,https://dhanarthi-stockguru.s3.amazonaws.com/company_logos_webp/RESPONIND.webp,t,2.58 x
b9d618a5-10fb-466b-a3e0-406020737ec2,436,IFGLEXPOR,IFGL Refractories Limited,NSE,INE133Y01011,NSE_EQ,1756.13,t,2026-08-11 11:53:08.419863+05:30,2026-08-13 10:18:23.609629+05:30,https://dhanarthi-stockguru.s3.amazonaws.com/company_logos_webp/IFGLEXPOR.webp,t,2 x
b9df9a35-1bd4-46af-9258-e062cfc4ebc4,14942,NAGREEKCAP,Nagreeka Capital & Infrastructure Limited,NSE,INE245I01016,NSE_EQ,35.39,t,2026-08-11 11:53:07.699563+05:30,2026-08-13 10:18:23.609629+05:30,https://dhanarthi-stockguru.s3.amazonaws.com/company_logos_webp/NAGREEKCAP.webp,f,
b9e878ba-78b0-4742-a8cf-4939f1c4004e,18944,KINGFA,Kingfa Science & Technology (India) Limited,NSE,INE473D01015,NSE_EQ,5187.87,t,2026-08-11 11:53:08.635351+05:30,2026-08-13 10:18:23.609629+05:30,https://dhanarthi-stockguru.s3.amazonaws.com/company_logos_webp/KINGFA.webp,t,2.86 x
ba0af030-d9a5-4988-be21-ca32720b6e6c,16696,GHCLTEXTIL,GHCL Textiles Limited,NSE,INE0PA801013,NSE_EQ,767.47,t,2026-08-11 11:53:07.533088+05:30,2026-08-13 10:18:23.609629+05:30,https://dhanarthi-stockguru.s3.amazonaws.com/company_logos_webp/GHCLTEXTIL.webp,t,2 x
ba1b23dd-3373-4a2b-8af9-34808beb1ead,17722,DEN,Den Networks Limited,NSE,INE947J01015,NSE_EQ,1652.25,t,2026-08-11 11:53:07.435203+05:30,2026-08-13 10:18:23.609629+05:30,https://dhanarthi-stockguru.s3.amazonaws.com/company_logos_webp/DEN.webp,t,2.5 x
ba30de4b-3460-4903-ab82-06f30f670656,1503,SHIVAMILLS,Shiva Mills Limited,NSE,INE644Y01017,NSE_EQ,59.71,t,2026-08-11 11:53:07.999612+05:30,2026-08-13 10:18:23.62525+05:30,https://dhanarthi-stockguru.s3.amazonaws.com/company_logos_webp/SHIVAMILLS.webp,f,
ba6702a6-32c3-4102-91ae-00ffa24c38e8,7506,WOCKPHARMA,Wockhardt Limited,NSE,INE049B01025,NSE_EQ,23918.64,t,2026-08-11 11:53:09.183625+05:30,2026-08-13 10:18:23.62525+05:30,https://dhanarthi-stockguru.s3.amazonaws.com/company_logos_webp/WOCKPHARMA.webp,t,1 x
ba6b8502-31d7-4246-ab04-c4d64f2d09e0,16758,KDL,KDL,NSE,INE0O4R01018,NSE_EQ,271.11,t,2026-08-11 11:53:09.266611+05:30,2026-08-13 10:18:23.62525+05:30,https://dhanarthi-stockguru.s3.amazonaws.com/company_logos_webp/KDL.webp,f,
ba7699ef-d662-441a-a919-000850d19cce,13091,EKC,Everest Kanto Cylinder Limited,NSE,INE184H01027,NSE_EQ,1510.94,t,2026-08-11 11:53:07.476906+05:30,2026-08-13 10:18:23.62525+05:30,https://dhanarthi-stockguru.s3.amazonaws.com/company_logos_webp/EKC.webp,t,2.5 x
ba80b2b2-ad16-4215-aba7-c87835c354bd,15039,CERA,Cera Sanitaryware Limited,NSE,INE739E01017,NSE_EQ,7863.99,t,2026-08-11 11:53:08.930454+05:30,2026-08-13 10:18:23.62525+05:30,https://dhanarthi-stockguru.s3.amazonaws.com/company_logos_webp/CERA.webp,t,3.34 x
baca7ec9-6075-497d-9409-e11f6aec3cdb,928,ELECTCAST,Electrosteel Castings Limited,NSE,INE086A01029,NSE_EQ,5877.37,t,2026-08-11 11:53:08.949308+05:30,2026-08-13 10:18:23.62525+05:30,https://dhanarthi-stockguru.s3.amazonaws.com/company_logos_webp/ELECTCAST.webp,t,2.63 x
bae4ee8f-2441-4017-b10c-288d61bf1115,17922,GEEKAYWIRE,Geekay Wires Limited,NSE,INE669X01032,NSE_EQ,355.43,t,2026-08-11 11:53:07.522076+05:30,2026-08-13 10:18:23.62525+05:30,https://dhanarthi-stockguru.s3.amazonaws.com/company_logos_webp/GEEKAYWIRE.webp,f,
bae5058c-3f78-4ecb-8375-b23e9dbbd901,24438,EFFWA,EFFWA,NSE,INE0U9101019,NSE_EQ,529.78,t,2026-08-11 11:53:09.233275+05:30,2026-08-13 10:18:23.62525+05:30,https://dhanarthi-stockguru.s3.amazonaws.com/company_logos_webp/EFFWA.webp,f,
bb305c82-431e-47c1-9f66-2a6373866481,27629,ETML,ETML,NSE,INE0RHD01013,NSE_EQ,238.29,t,2026-08-11 11:53:09.286776+05:30,2026-08-13 10:18:23.62525+05:30,,f,
bb489d6d-cf57-4b0f-a39d-7af539c19f68,2004,AHLADA,Ahlada Engineers Limited,NSE,INE00PV01013,NSE_EQ,75.97,t,2026-08-11 11:53:07.26652+05:30,2026-08-13 10:18:23.62525+05:30,https://dhanarthi-stockguru.s3.amazonaws.com/company_logos_webp/AHLADA.webp,f,
bb5deeb9-75ca-409c-b5e9-9df22b6f130d,5662,BEWLTD,BEWLTD,NSE,INE0HQI01014,NSE_EQ,187.05,t,2026-08-11 11:53:09.316798+05:30,2026-08-13 10:18:23.62525+05:30,https://dhanarthi-stockguru.s3.amazonaws.com/company_logos_webp/BEWLTD.webp,f,
bb77cf9e-7895-4582-9ce6-7d6072f2f77d,6489,IRIS,IRIS RegTech Solutions Limited,NSE,INE864K01010,NSE_EQ,689.17,t,2026-08-11 11:53:08.466626+05:30,2026-08-13 10:18:23.62525+05:30,https://dhanarthi-stockguru.s3.amazonaws.com/company_logos_webp/IRIS.webp,f,
bb7e42b5-0198-43b9-9535-f91e659597b3,14602,WEBELSOLAR,Websol Energy System Limited,NSE,INE855C01023,NSE_EQ,5132.07,t,2026-08-11 11:53:07.566237+05:30,2026-08-13 10:18:23.62525+05:30,https://dhanarthi-stockguru.s3.amazonaws.com/company_logos_webp/WEBELSOLAR.webp,t,1 x
bb9f99e5-c810-4879-9703-923fab7efbdb,4656,SBCL,Shivalik Bimetal Controls Limited,NSE,INE386D01027,NSE_EQ,2879.78,t,2026-08-11 11:53:07.322446+05:30,2026-08-13 10:18:23.62525+05:30,https://dhanarthi-stockguru.s3.amazonaws.com/company_logos_webp/SBCL.webp,t,2.72 x
bba07c66-49dd-49b3-9987-2e4121645d11,2616,SEAMECLTD,Seamec Limited,NSE,INE497B01018,NSE_EQ,2288.85,t,2026-08-11 11:53:08.021031+05:30,2026-08-13 10:18:23.62525+05:30,https://dhanarthi-stockguru.s3.amazonaws.com/company_logos_webp/SEAMECLTD.webp,t,2.5 x
bbc42064-bbd9-4c33-8b5b-a92409f986a1,40,AEGISLOG,Aegis Logistics Limited,NSE,INE208C01025,NSE_EQ,26424.77,t,2026-08-11 11:53:07.26652+05:30,2026-08-13 10:18:23.62525+05:30,https://dhanarthi-stockguru.s3.amazonaws.com/company_logos_webp/AEGISLOG.webp,t,1 x
bbd32dfd-4e81-4159-9959-120a0aaf2434,761056,BONLON,Bonlon Industries Limited,NSE,INE0B9A01018,NSE_EQ,,t,2026-08-11 11:53:08.190785+05:30,2026-08-13 10:18:23.62525+05:30,,f,
bbe8ec66-052c-487b-b49a-d1436115076a,29251,ITCHOTELS,ITC Hotels Limited,NSE,INE379A01028,NSE_EQ,46313.66,t,2026-08-11 11:53:08.483046+05:30,2026-08-13 10:18:23.62525+05:30,,t,3.36 x
bc133bd5-ed7f-4b56-bb8b-7ad020f0cb3e,16736,MKPL,M K Proteins Limited,NSE,INE964W01021,NSE_EQ,252.65,t,2026-08-11 11:53:07.666109+05:30,2026-08-13 10:18:23.62525+05:30,https://dhanarthi-stockguru.s3.amazonaws.com/company_logos_webp/MKPL.webp,f,
bc4a1154-ca9c-4dfa-a41c-1385b35fd796,24025,KRONOX,Kronox Lab Sciences Limited,NSE,INE0ATZ01017,NSE_EQ,596.85,t,2026-08-11 11:53:08.683952+05:30,2026-08-13 10:18:23.62525+05:30,https://dhanarthi-stockguru.s3.amazonaws.com/company_logos_webp/KRONOX.webp,t,1 x
bc646574-87e2-4c84-92a7-816ddf67dfea,8119,RPSGVENT,RPSG VENTURES LIMITED,NSE,INE425Y01011,NSE_EQ,2817.98,t,2026-08-11 11:53:07.949549+05:30,2026-08-13 10:18:23.62525+05:30,https://dhanarthi-stockguru.s3.amazonaws.com/company_logos_webp/RPSGVENT.webp,t,2.63 x
bc8552cf-d012-4e27-a92f-d949d013082e,759093,SHRINGARMS,Shringar House of Mangalsutra Limited,NSE,INE1B3L01017,NSE_EQ,2030.05,t,2026-08-11 11:53:08.006368+05:30,2026-08-13 10:18:23.62525+05:30,,t,2.5 x
bcb3b42e-c24f-40ab-912f-13b951e8549d,13510,AKASH,Akash Infra-Projects Limited,NSE,INE737W01013,NSE_EQ,46.26,t,2026-08-11 11:53:08.086537+05:30,2026-08-13 10:18:23.62525+05:30,https://dhanarthi-stockguru.s3.amazonaws.com/company_logos_webp/AKASH.webp,f,
bcd0e453-0ef5-43be-91ce-94847ac668d2,20233,CLEDUCATE,CL Educate Limited,NSE,INE201M01029,NSE_EQ,502.76,t,2026-08-11 11:53:08.224447+05:30,2026-08-13 10:18:23.62525+05:30,https://dhanarthi-stockguru.s3.amazonaws.com/company_logos_webp/CLEDUCATE.webp,f,
bceb1570-3c91-4fee-b197-4e9c04dae0cc,10770,AHIMSA,AHIMSA,NSE,INE136T01014,NSE_EQ,13.34,t,2026-08-11 11:53:09.566749+05:30,2026-08-13 10:18:23.62525+05:30,https://dhanarthi-stockguru.s3.amazonaws.com/company_logos_webp/AHIMSA.webp,f,
bd06935d-6782-4832-a81c-cbda8e68cafb,25496,ONELIFECAP,Onelife Capital Advisors Limited,NSE,INE912L01015,NSE_EQ,18.09,t,2026-08-11 11:53:07.799711+05:30,2026-08-13 10:18:23.62525+05:30,https://dhanarthi-stockguru.s3.amazonaws.com/company_logos_webp/ONELIFECAP.webp,f,
bd293957-d65e-4d29-9a8c-5cd8c91cb1a0,23142,PVSL,Popular Vehicles and Services Limited,NSE,INE772T01024,NSE_EQ,946.01,t,2026-08-11 11:53:09.04541+05:30,2026-08-13 10:18:23.62525+05:30,https://dhanarthi-stockguru.s3.amazonaws.com/company_logos_webp/PVSL.webp,t,2 x
bd45f141-af6d-46db-8e6e-7d01c4b19b87,4064,CUBEXTUB,Cubex Tubings Limited,NSE,INE144D01012,NSE_EQ,131.47,t,2026-08-11 11:53:07.422447+05:30,2026-08-13 10:18:23.62525+05:30,https://dhanarthi-stockguru.s3.amazonaws.com/company_logos_webp/CUBEXTUB.webp,f,
bd48b6ac-5a21-40b0-9a1a-6029763cd9e6,20242,OBEROIRLTY,Oberoi Realty Limited,NSE,INE093I01010,NSE_EQ,61138.39,t,2026-08-11 11:53:07.76627+05:30,2026-08-13 10:18:23.62525+05:30,https://dhanarthi-stockguru.s3.amazonaws.com/company_logos_webp/OBEROIRLTY.webp,t,4.35 x
bd8d1c81-a272-4dd9-b0b9-13dca357e7bf,10293,KCK,KCK,NSE,INE0J1E01027,NSE_EQ,233.97,t,2026-08-11 11:53:09.286776+05:30,2026-08-13 10:18:23.62525+05:30,https://dhanarthi-stockguru.s3.amazonaws.com/company_logos_webp/KCK.webp,f,
bd90ae1a-b5c8-4041-bb39-a3c9222e1413,2303,HAL,Hindustan Aeronautics Limited,NSE,INE066F01020,NSE_EQ,309448.61,t,2026-08-11 11:53:07.566237+05:30,2026-08-13 10:18:23.62525+05:30,https://dhanarthi-stockguru.s3.amazonaws.com/company_logos_webp/HAL.webp,t,4.17 x
bdadd8c9-4b20-4f77-9d77-04f082a03b99,8132,BLBLIMITED,BLB Limited,NSE,INE791A01024,NSE_EQ,82.58,t,2026-08-11 11:53:07.372137+05:30,2026-08-13 10:18:23.62525+05:30,https://dhanarthi-stockguru.s3.amazonaws.com/company_logos_webp/BLBLIMITED.webp,f,
bdbd7906-4298-460d-852d-113d40d9aa4d,9581,METROPOLIS,Metropolis Healthcare Limited,NSE,INE112L01020,NSE_EQ,10326.83,t,2026-08-11 11:53:07.649447+05:30,2026-08-13 10:18:23.62525+05:30,,t,3.32 x
bdd00f51-bf57-4d31-9683-93880c88c43d,8124,AJANTPHARM,Ajanta Pharma Limited,NSE,INE031B01049,NSE_EQ,32251.71,t,2026-08-11 11:53:07.282898+05:30,2026-08-13 10:18:23.62525+05:30,https://dhanarthi-stockguru.s3.amazonaws.com/company_logos_webp/AJANTPHARM.webp,t,3.42 x
bdeb93ea-77aa-45ea-b91d-166aefe1560a,20790,SUMEETINDS,Sumeet Industries Limited,NSE,INE235C01036,NSE_EQ,1324.21,t,2026-08-11 11:53:08.440281+05:30,2026-08-13 10:18:23.62525+05:30,https://dhanarthi-stockguru.s3.amazonaws.com/company_logos_webp/SUMEETINDS.webp,f,
be24bcd7-1bad-491d-ad28-c9c0c0e0b5d2,18321,LGBBROSLTD,LG Balakrishnan & Bros Limited,NSE,INE337A01034,NSE_EQ,4770.43,t,2026-08-11 11:53:08.756631+05:30,2026-08-13 10:18:23.62525+05:30,https://dhanarthi-stockguru.s3.amazonaws.com/company_logos_webp/LGBBROSLTD.webp,t,3.15 x
be5328a0-f2ed-4505-b74e-6a6a9d347a21,25062,ECOSMOBLTY,Ecos (India) Mobility & Hospitality Limited,NSE,INE06HJ01020,NSE_EQ,1556.59,t,2026-08-11 11:53:07.468569+05:30,2026-08-13 10:18:23.62525+05:30,https://dhanarthi-stockguru.s3.amazonaws.com/company_logos_webp/ECOSMOBLTY.webp,f,
be5792e0-1177-4801-a161-3fd5607c9e39,760346,NEPHROPLUS,Nephrocare Health Services Limited,NSE,INE428V01029,NSE_EQ,4675.38,t,2026-08-11 11:53:07.727642+05:30,2026-08-13 10:18:23.62525+05:30,,t,3.28 x
be63fab5-a3f0-4bd2-b71e-ec839597c3cb,31258,NDL,Nandan Denim Limited,NSE,INE875G01048,NSE_EQ,484.15,t,2026-08-11 11:53:07.718134+05:30,2026-08-13 10:18:23.62525+05:30,https://dhanarthi-stockguru.s3.amazonaws.com/company_logos_webp/NDL.webp,f,
be7016d2-a2f3-4897-9f2a-87ef48626c7a,24145,RETAIL,JHS Svendgaard Retail Ventures Limited,NSE,INE03DD01011,NSE_EQ,24.16,t,2026-08-11 11:53:09.076099+05:30,2026-08-13 10:18:23.62525+05:30,https://dhanarthi-stockguru.s3.amazonaws.com/company_logos_webp/RETAIL.webp,f,
be95ccc8-a1b0-4907-85af-f003bb3b0013,625,ABREL,Aditya Birla Real Estate Limited,NSE,INE055A01016,NSE_EQ,20445.32,t,2026-08-11 11:53:07.26652+05:30,2026-08-13 10:18:23.62525+05:30,https://dhanarthi-stockguru.s3.amazonaws.com/company_logos_webp/ABREL.webp,t,2.9 x
be9675a5-d1bf-4790-9840-facbab68794a,9219,TPLPLASTEH,TPL Plastech Limited,NSE,INE413G01022,NSE_EQ,570.4,t,2026-08-11 11:53:08.727927+05:30,2026-08-13 10:18:23.62525+05:30,,t,1 x
bea50b1f-3063-4054-8a13-4a2f72174a8d,357,NAM-INDIA,Nippon Life India Asset Management Limited,NSE,INE298J01013,NSE_EQ,53958.92,t,2026-08-11 11:53:09.016559+05:30,2026-08-13 10:18:23.62525+05:30,https://dhanarthi-stockguru.s3.amazonaws.com/company_logos_webp/NAM-INDIA.webp,t,3.71 x
beb3b527-3a7c-4772-b4fd-714f917897a6,16687,DIGISPICE,DiGiSPICE Technologies Limited,NSE,INE927C01020,NSE_EQ,582.86,t,2026-08-11 11:53:07.449913+05:30,2026-08-13 10:18:23.62525+05:30,,f,
bec0ebc1-4a07-4e06-b90c-0f5922f78883,18423,RATNAVEER,Ratnaveer Precision Engineering Limited,NSE,INE05CZ01011,NSE_EQ,803.3,t,2026-08-11 11:53:09.066591+05:30,2026-08-13 10:18:23.62525+05:30,https://dhanarthi-stockguru.s3.amazonaws.com/company_logos_webp/RATNAVEER.webp,t,2.74 x
bec7f1b6-31a0-4678-abd1-2787d64f7727,14176,SHERA,SHERA,NSE,INE0MM001019,NSE_EQ,325.29,t,2026-08-11 11:53:08.804555+05:30,2026-08-13 10:18:23.62525+05:30,https://dhanarthi-stockguru.s3.amazonaws.com/company_logos_webp/SHERA.webp,f,
bef8e724-ce9b-40cb-9a84-5d8b4c7ffa2a,25680,DIVYADHAN,DIVYADHAN,NSE,INE0QYI01019,NSE_EQ,60.63,t,2026-08-11 11:53:09.48377+05:30,2026-08-13 10:18:23.62525+05:30,https://dhanarthi-stockguru.s3.amazonaws.com/company_logos_webp/DIVYADHAN.webp,f,
befa15bb-0c8d-46c9-8763-17b5e59ca455,1627,LINDEINDIA,Linde India Limited,NSE,INE473A01011,NSE_EQ,53250.35,t,2026-08-11 11:53:08.783106+05:30,2026-08-13 10:18:23.62525+05:30,https://dhanarthi-stockguru.s3.amazonaws.com/company_logos_webp/LINDEINDIA.webp,t,3.32 x
bf3a428a-c14d-4b28-b6db-f5c3a8d8cd47,12814,HYBRIDFIN,Hybrid Financial Services Limited,NSE,INE965B01022,NSE_EQ,54.2,t,2026-08-11 11:53:08.408933+05:30,2026-08-13 10:18:23.62525+05:30,https://dhanarthi-stockguru.s3.amazonaws.com/company_logos_webp/HYBRIDFIN.webp,f,
bf498dfa-1d28-4912-8453-a291b2f048b0,14947,MOTILALOFS,Motilal Oswal Financial Services Limited,NSE,INE338I01027,NSE_EQ,55855.06,t,2026-08-11 11:53:09.016042+05:30,2026-08-13 10:18:23.64087+05:30,https://dhanarthi-stockguru.s3.amazonaws.com/company_logos_webp/MOTILALOFS.webp,t,3.57 x
bf4b863b-f394-4626-8da9-2874b4f3cae7,9558,AKSHAR,Akshar Spintex Limited,NSE,INE256Z01025,NSE_EQ,44.05,t,2026-08-11 11:53:08.086537+05:30,2026-08-13 10:18:23.64087+05:30,https://dhanarthi-stockguru.s3.amazonaws.com/company_logos_webp/AKSHAR.webp,f,
bf4ca458-0829-4610-86d8-5097773fb934,21001,PSB,Punjab & Sind Bank,NSE,INE608A01012,NSE_EQ,21025.18,t,2026-08-11 11:53:09.041+05:30,2026-08-13 10:18:23.64087+05:30,https://dhanarthi-stockguru.s3.amazonaws.com/company_logos_webp/PSB.webp,t,3.04 x
bf804b1d-5ad1-412c-8603-59ff742ea652,3703,VIPIND,VIP Industries Limited,NSE,INE054A01027,NSE_EQ,5893.65,t,2026-08-11 11:53:09.14942+05:30,2026-08-13 10:18:23.64087+05:30,https://dhanarthi-stockguru.s3.amazonaws.com/company_logos_webp/VIPIND.webp,t,2.99 x
bfa44784-a956-4c8f-b533-53b8bbda63cc,21726,MATRIMONY,Matrimony.Com Limited,NSE,INE866R01028,NSE_EQ,1112.19,t,2026-08-11 11:53:08.87527+05:30,2026-08-13 10:18:23.64087+05:30,https://dhanarthi-stockguru.s3.amazonaws.com/company_logos_webp/MATRIMONY.webp,t,2 x
bfb2a3e9-93c4-4aee-8f7f-10536f7616de,13725,DCBBANK,DCB Bank Limited,NSE,INE503A01015,NSE_EQ,4637.81,t,2026-08-11 11:53:08.933682+05:30,2026-08-13 10:18:23.64087+05:30,https://dhanarthi-stockguru.s3.amazonaws.com/company_logos_webp/DCBBANK.webp,t,3.11 x
bfb2fea3-8bef-472b-9326-a49e4d6a9c18,4007,CORALFINAC,Coral India Finance & Housing Limited,NSE,INE558D01021,NSE_EQ,173.72,t,2026-08-11 11:53:08.234674+05:30,2026-08-13 10:18:23.64087+05:30,https://dhanarthi-stockguru.s3.amazonaws.com/company_logos_webp/CORALFINAC.webp,f,
bfc9f179-cd3b-4e5e-b3ac-5bf23b2db2ec,3426,TATAPOWER,Tata Power Company Limited,NSE,INE245A01021,NSE_EQ,124860.56,t,2026-08-11 11:53:08.583546+05:30,2026-08-13 10:18:23.64087+05:30,https://dhanarthi-stockguru.s3.amazonaws.com/company_logos_webp/TATAPOWER.webp,t,4.55 x
bffbcef8-40bc-416b-bfb9-c26105c3376a,759152,VMSTMT,VMS TMT Limited,NSE,INE0SJA01013,NSE_EQ,327.39,t,2026-08-11 11:53:09.150053+05:30,2026-08-13 10:18:23.64087+05:30,,f,
bfff8594-9e0d-43b5-9651-2bc260db1549,1164,NEWGEN,Newgen Software Technologies Limited,NSE,INE619B01017,NSE_EQ,12917.28,t,2026-08-11 11:53:09.016559+05:30,2026-08-13 10:18:23.64087+05:30,https://dhanarthi-stockguru.s3.amazonaws.com/company_logos_webp/NEWGEN.webp,t,2.44 x
c00ad9d4-471f-46a5-9ffa-9c6ce9b69e31,5457,DUGLOBAL,DUGLOBAL,NSE,INE0HPK01020,NSE_EQ,273.79,t,2026-08-11 11:53:09.266611+05:30,2026-08-13 10:18:23.64087+05:30,https://dhanarthi-stockguru.s3.amazonaws.com/company_logos_webp/DUGLOBAL.webp,f,
c021048d-6f18-4f53-a6ee-595090415aab,22517,FONEBOX,FONEBOX,NSE,INE0Q4701019,NSE_EQ,96.2,t,2026-08-11 11:53:09.421327+05:30,2026-08-13 10:18:23.64087+05:30,https://dhanarthi-stockguru.s3.amazonaws.com/company_logos_webp/FONEBOX.webp,f,
c043feed-9010-4e99-a44e-e3d8f16c970b,762947,THACKER,Thacker & Company Limited,NSE,INE077P01034,NSE_EQ,,t,2026-08-11 11:53:07.632766+05:30,2026-08-13 10:18:23.64087+05:30,,f,
c072701b-067a-4aba-a98a-41a0bfe93943,20410,MARINETRAN,MARINETRAN,NSE,INE0P1P01017,NSE_EQ,21.45,t,2026-08-11 11:53:09.550065+05:30,2026-08-13 10:18:23.64087+05:30,https://dhanarthi-stockguru.s3.amazonaws.com/company_logos_webp/MARINETRAN.webp,f,
c0861ef9-c7c2-4a0f-8560-b7de0a02426b,8595,AKSHOPTFBR,Aksh Optifibre Limited,NSE,INE523B01011,NSE_EQ,123.6,t,2026-08-11 11:53:08.086537+05:30,2026-08-13 10:18:23.64087+05:30,https://dhanarthi-stockguru.s3.amazonaws.com/company_logos_webp/AKSHOPTFBR.webp,f,
c0b5c917-90cf-4228-b410-15cddabfcd0e,2492,SILGO,Silgo Retail Limited,NSE,INE01II01013,NSE_EQ,149.85,t,2026-08-11 11:53:08.104534+05:30,2026-08-13 10:18:23.64087+05:30,https://dhanarthi-stockguru.s3.amazonaws.com/company_logos_webp/SILGO.webp,f,
c15ddfa2-4f0d-44f2-83eb-0a0275bf3ffc,15275,CORDSCABLE,Cords Cable Industries Limited,NSE,INE792I01017,NSE_EQ,238.99,t,2026-08-11 11:53:08.234674+05:30,2026-08-13 10:18:23.64087+05:30,https://dhanarthi-stockguru.s3.amazonaws.com/company_logos_webp/CORDSCABLE.webp,f,
c1880035-bc9c-4e07-bb9f-71af92897598,4471,ELPROINTL,Elpro International Limited,NSE,INE579B01039,NSE_EQ,,t,2026-08-11 11:53:08.285762+05:30,2026-08-13 10:18:23.64087+05:30,https://dhanarthi-stockguru.s3.amazonaws.com/company_logos_webp/ELPROINTL.webp,f,
c1d30a9c-8803-43c9-aa82-aac231d89c2d,4986,IRCON,Ircon International Limited,NSE,INE962Y01021,NSE_EQ,16191.14,t,2026-08-11 11:53:08.457215+05:30,2026-08-13 10:18:23.64087+05:30,https://dhanarthi-stockguru.s3.amazonaws.com/company_logos_webp/IRCON.webp,t,2.85 x
c206e51b-72f2-44d0-aac6-9379c34fad98,181,ARENTERP,Rajdarshan Industries Limited,NSE,INE610C01014,NSE_EQ,14.99,t,2026-08-11 11:53:08.121787+05:30,2026-08-13 10:18:23.64087+05:30,https://dhanarthi-stockguru.s3.amazonaws.com/company_logos_webp/ARENTERP.webp,f,
c216482c-b843-4a05-bf06-e2dfba6b1a6c,29229,EMAPARTNER,EMAPARTNER,NSE,INE0ZOL01023,NSE_EQ,224.31,t,2026-08-11 11:53:09.300416+05:30,2026-08-13 10:18:23.64087+05:30,,f,
c244d120-b53a-4cf1-a169-b7c6ac852ea3,22777,TCL,TCL,NSE,INE0QJL01014,NSE_EQ,268.49,t,2026-08-11 11:53:09.266611+05:30,2026-08-13 10:18:23.64087+05:30,https://dhanarthi-stockguru.s3.amazonaws.com/company_logos_webp/TCL.webp,f,
c2495ffe-5c3e-486d-abdc-45c145d961a1,21794,DAVANGERE,Davangere Sugar Company Limited,NSE,INE179G01029,NSE_EQ,488.09,t,2026-08-11 11:53:08.234674+05:30,2026-08-13 10:18:23.64087+05:30,https://dhanarthi-stockguru.s3.amazonaws.com/company_logos_webp/DAVANGERE.webp,f,
f8beb9cd-4627-46bd-9606-2d59468c71f2,29025,INDOFARM,Indo Farm Equipment Limited,NSE,INE622H01018,NSE_EQ,1045.32,t,2026-08-11 11:53:08.423661+05:30,2026-08-13 10:18:23.809914+05:30,,t,2 x
c2650559-cae7-4072-b0b9-8b8d409d09d4,21406,AVADHSUGAR,Avadh Sugar & Energy Limited,NSE,INE349W01017,NSE_EQ,854.48,t,2026-08-11 11:53:07.333244+05:30,2026-08-13 10:18:23.64087+05:30,https://dhanarthi-stockguru.s3.amazonaws.com/company_logos_webp/AVADHSUGAR.webp,f,
c2653fa2-bfda-4780-8e09-b3be05d2369c,14096,SIYSIL,Siyaram Silk Mills Limited,NSE,INE076B01028,NSE_EQ,3120.85,t,2026-08-11 11:53:08.133117+05:30,2026-08-13 10:18:23.64087+05:30,https://dhanarthi-stockguru.s3.amazonaws.com/company_logos_webp/SIYSIL.webp,t,2.5 x
c26846d8-5d64-4960-baa2-ee2cff27fe60,9354,TAJGVK,Taj GVK Hotels & Resorts Limited,NSE,INE586B01026,NSE_EQ,2598.55,t,2026-08-11 11:53:08.549767+05:30,2026-08-13 10:18:23.64087+05:30,https://dhanarthi-stockguru.s3.amazonaws.com/company_logos_webp/TAJGVK.webp,t,2.5 x
c26b297a-ac98-434e-b82f-c24a64fb4e5d,7242,METROBRAND,Metro Brands Limited,NSE,INE317I01021,NSE_EQ,32062.81,t,2026-08-11 11:53:08.999929+05:30,2026-08-13 10:18:23.64087+05:30,https://dhanarthi-stockguru.s3.amazonaws.com/company_logos_webp/METROBRAND.webp,t,3.33 x
c27398d1-06f1-4a95-8370-650e8d8c0a9c,760594,BUILDPRO,Shankara Buildpro Limited,NSE,INE24OJ01011,NSE_EQ,,t,2026-08-11 11:53:08.202533+05:30,2026-08-13 10:18:23.64087+05:30,,t,2 x
c276c8cb-e454-4bc3-b819-21d1f72cd652,8262,MADHAVBAUG,MADHAVBAUG,NSE,INE0JR301013,NSE_EQ,271.98,t,2026-08-11 11:53:09.266611+05:30,2026-08-13 10:18:23.64087+05:30,https://dhanarthi-stockguru.s3.amazonaws.com/company_logos_webp/MADHAVBAUG.webp,f,
c27b0921-98d9-42cc-9026-ac916bd0c6c9,9893,SMARTLINK,Smartlink Holdings Limited,NSE,INE178C01020,NSE_EQ,142.45,t,2026-08-11 11:53:08.249896+05:30,2026-08-13 10:18:23.64087+05:30,https://dhanarthi-stockguru.s3.amazonaws.com/company_logos_webp/SMARTLINK.webp,f,
c291c344-2717-4828-8d2d-ebe65b8671fd,9294,GINNIFILA,Ginni Filaments Limited,NSE,INE424C01010,NSE_EQ,380.99,t,2026-08-11 11:53:07.533088+05:30,2026-08-13 10:18:23.64087+05:30,https://dhanarthi-stockguru.s3.amazonaws.com/company_logos_webp/GINNIFILA.webp,f,
c294eb49-6177-4e10-80cb-54d1087ebe6f,20528,PRUDMOULI,Prudential Sugar Corporation Limited,NSE,INE024D01016,NSE_EQ,102.54,t,2026-08-11 11:53:09.033437+05:30,2026-08-13 10:18:23.64087+05:30,https://dhanarthi-stockguru.s3.amazonaws.com/company_logos_webp/PRUDMOULI.webp,f,
c2d006d4-fef2-4281-8574-1115fcd4664a,25941,GODAVARIB,Godavari Biorefineries Limited,NSE,INE497S01012,NSE_EQ,1388.16,t,2026-08-11 11:53:08.349673+05:30,2026-08-13 10:18:23.64087+05:30,https://dhanarthi-stockguru.s3.amazonaws.com/company_logos_webp/GODAVARIB.webp,t,2 x
c2d21938-e435-42df-8199-205626ff34f7,15057,MOS,MOS,NSE,INE0N7S01028,NSE_EQ,611.29,t,2026-08-11 11:53:09.21661+05:30,2026-08-13 10:18:23.64087+05:30,https://dhanarthi-stockguru.s3.amazonaws.com/company_logos_webp/MOS.webp,f,
c2d85c4d-a882-4a52-b5af-261268255c88,13288,AFSL,Abans Financial Services Limited,NSE,INE00ZE01026,NSE_EQ,1080.17,t,2026-08-11 11:53:08.082451+05:30,2026-08-13 10:18:23.64087+05:30,,t,2 x
c2de81cd-1607-4d69-813d-a03d8731657c,18011,WHIRLPOOL,Whirlpool of India Limited,NSE,INE716A01013,NSE_EQ,15740.42,t,2026-08-11 11:53:09.166605+05:30,2026-08-13 10:18:23.64087+05:30,https://dhanarthi-stockguru.s3.amazonaws.com/company_logos_webp/WHIRLPOOL.webp,t,3.12 x
c2df8723-d96e-43fb-8e64-426ed9599248,21119,KICL,Kalyani Investment Company Limited,NSE,INE029L01018,NSE_EQ,2202.69,t,2026-08-11 11:53:08.634842+05:30,2026-08-13 10:18:23.64087+05:30,https://dhanarthi-stockguru.s3.amazonaws.com/company_logos_webp/KICL.webp,t,2.5 x
c300834e-2f64-4544-86a7-6bbc9c826cf7,1011,SCHAEFFLER,Schaeffler India Limited,NSE,INE513A01022,NSE_EQ,62603.85,t,2026-08-11 11:53:08.021031+05:30,2026-08-13 10:18:23.64087+05:30,https://dhanarthi-stockguru.s3.amazonaws.com/company_logos_webp/SCHAEFFLER.webp,t,3.33 x
c3648245-42a6-4524-9163-afc604ecb528,21078,TECHLABS,TECHLABS,NSE,INE0QD201012,NSE_EQ,795.69,t,2026-08-11 11:53:09.21661+05:30,2026-08-13 10:18:23.64087+05:30,https://dhanarthi-stockguru.s3.amazonaws.com/company_logos_webp/TECHLABS.webp,f,
c3cfab8e-6fdb-4513-abe7-544af3e3a0b0,371,BATAINDIA,Bata India Limited,NSE,INE176A01028,NSE_EQ,14409.88,t,2026-08-11 11:53:07.357961+05:30,2026-08-13 10:18:23.64087+05:30,https://dhanarthi-stockguru.s3.amazonaws.com/company_logos_webp/BATAINDIA.webp,t,3.32 x
c3e1f347-da22-41c1-9683-9b6de3631606,759434,WEWORK,WeWork India Management Limited,NSE,INE085001019,NSE_EQ,8227.38,t,2026-08-11 11:53:09.166605+05:30,2026-08-13 10:18:23.64087+05:30,,t,3.21 x
c4332128-df13-413b-99a6-5ac14de969a5,157,APOLLOHOSP,Apollo Hospitals Enterprise Limited,NSE,INE437A01024,NSE_EQ,107953.35,t,2026-08-11 11:53:07.311658+05:30,2026-08-13 10:18:23.64087+05:30,https://dhanarthi-stockguru.s3.amazonaws.com/company_logos_webp/APOLLOHOSP.webp,t,4.55 x
c44bffda-c591-4a07-bab2-387fba36a61a,15266,JKIL,J.Kumar Infraprojects Limited,NSE,INE576I01022,NSE_EQ,4845.18,t,2026-08-11 11:53:08.533071+05:30,2026-08-13 10:18:23.64087+05:30,https://dhanarthi-stockguru.s3.amazonaws.com/company_logos_webp/JKIL.webp,t,3.18 x
c44dc987-6a2d-417d-a043-b6e7bb513c73,11992,SYNCOMF,Syncom Formulations (India) Limited,NSE,INE312C01025,NSE_EQ,1585.12,t,2026-08-11 11:53:08.533071+05:30,2026-08-13 10:18:23.64087+05:30,https://dhanarthi-stockguru.s3.amazonaws.com/company_logos_webp/SYNCOMF.webp,t,2 x
c45b4271-711f-4036-9cad-869967469b80,4067,MARICO,Marico Limited,NSE,INE196A01026,NSE_EQ,93828.48,t,2026-08-11 11:53:08.866736+05:30,2026-08-13 10:18:23.64087+05:30,https://dhanarthi-stockguru.s3.amazonaws.com/company_logos_webp/MARICO.webp,t,4.55 x
c4683351-f0fb-4cbb-b5a9-057a04ca9902,14197,NINSYS,NINtec Systems Limited,NSE,INE395U01014,NSE_EQ,801.08,t,2026-08-11 11:53:07.743226+05:30,2026-08-13 10:18:23.64087+05:30,https://dhanarthi-stockguru.s3.amazonaws.com/company_logos_webp/NINSYS.webp,f,
c496461f-145c-4f3c-b504-ab6c95d72902,25426,NORTHARC,Northern Arc Capital Limited,NSE,INE850M01015,NSE_EQ,4151.31,t,2026-08-11 11:53:07.749853+05:30,2026-08-13 10:18:23.64087+05:30,https://dhanarthi-stockguru.s3.amazonaws.com/company_logos_webp/NORTHARC.webp,t,2.99 x
c4b0431f-fb1c-4316-b519-02d849530456,10447,UNITDSPR,United Spirits Limited,NSE,INE854D01024,NSE_EQ,99548.53,t,2026-08-11 11:53:08.823566+05:30,2026-08-13 10:18:23.64087+05:30,https://dhanarthi-stockguru.s3.amazonaws.com/company_logos_webp/UNITDSPR.webp,t,4.55 x
c4bce3e0-4960-43e5-bc42-6189f7e379bb,467,HDFCLIFE,HDFC Life Insurance Company Limited,NSE,INE795G01014,NSE_EQ,164620.82,t,2026-08-11 11:53:07.566237+05:30,2026-08-13 10:18:23.64087+05:30,https://dhanarthi-stockguru.s3.amazonaws.com/company_logos_webp/HDFCLIFE.webp,t,4.55 x
c4c63cd4-dfb5-4405-84e6-ef5d26228b27,1127,GHCL,GHCL Limited,NSE,INE539A01019,NSE_EQ,5706.08,t,2026-08-11 11:53:08.950386+05:30,2026-08-13 10:18:23.64087+05:30,https://dhanarthi-stockguru.s3.amazonaws.com/company_logos_webp/GHCL.webp,t,3.33 x
c4f5a0a0-c638-46d5-9199-efa2089fffe1,17569,DAMODARIND,Damodar Industries Limited,NSE,INE497D01022,NSE_EQ,80.46,t,2026-08-11 11:53:08.234674+05:30,2026-08-13 10:18:23.64087+05:30,https://dhanarthi-stockguru.s3.amazonaws.com/company_logos_webp/DAMODARIND.webp,f,
c4fd7559-b889-4724-911d-62ebfb468875,1403,HINDOILEXP,Hindustan Oil Exploration Company Limited,NSE,INE345A01011,NSE_EQ,2137.37,t,2026-08-11 11:53:07.58278+05:30,2026-08-13 10:18:23.64087+05:30,https://dhanarthi-stockguru.s3.amazonaws.com/company_logos_webp/HINDOILEXP.webp,t,2.75 x
c5329c15-79b7-4cd5-b0c9-79de6db99c58,27303,SAMPANN,Sampann Utpadan India Limited,NSE,INE735M01018,NSE_EQ,130.39,t,2026-08-11 11:53:09.100075+05:30,2026-08-13 10:18:23.64087+05:30,https://dhanarthi-stockguru.s3.amazonaws.com/company_logos_webp/SAMPANN.webp,f,
c53be98b-5e0e-4015-b0f1-91e28db06ef7,20413,IOLCP,IOL Chemicals and Pharmaceuticals Limited,NSE,INE485C01029,NSE_EQ,2803.61,t,2026-08-11 11:53:07.62527+05:30,2026-08-13 10:18:23.64087+05:30,https://dhanarthi-stockguru.s3.amazonaws.com/company_logos_webp/IOLCP.webp,t,1 x
c546da9b-9d80-4703-9dff-48f57952a377,308,BAJAJHIND,Bajaj Hindusthan Sugar Limited,NSE,INE306A01021,NSE_EQ,2800.09,t,2026-08-11 11:53:08.152119+05:30,2026-08-13 10:18:23.64087+05:30,https://dhanarthi-stockguru.s3.amazonaws.com/company_logos_webp/BAJAJHIND.webp,t,2 x
c548e569-f932-423a-8d30-7d22bf55b3fd,756015,CIFL,Capital India Finance Limited,NSE,INE345H01024,NSE_EQ,1380.97,t,2026-08-11 11:53:08.21644+05:30,2026-08-13 10:18:23.64087+05:30,,t,2 x
c54dbbf4-4dca-4cd5-9b78-2a5f2934f0e9,11845,CYBERMEDIA,Cyber Media (India) Limited,NSE,INE278G01037,NSE_EQ,27.21,t,2026-08-11 11:53:07.423337+05:30,2026-08-13 10:18:23.656516+05:30,https://dhanarthi-stockguru.s3.amazonaws.com/company_logos_webp/CYBERMEDIA.webp,f,
c550a7fa-d165-4927-82b7-345ee27c8c77,20556,INDIASHLTR,India Shelter Finance Corporation Limited,NSE,INE922K01024,NSE_EQ,9610.72,t,2026-08-11 11:53:07.616094+05:30,2026-08-13 10:18:23.656516+05:30,https://dhanarthi-stockguru.s3.amazonaws.com/company_logos_webp/INDIASHLTR.webp,t,3.32 x
c55ef4c2-f5e4-49c0-b7c9-c9439c911fc8,9305,STARTECK,Starteck Finance Limited,NSE,INE992I01013,NSE_EQ,301.17,t,2026-08-11 11:53:08.333105+05:30,2026-08-13 10:18:23.656516+05:30,https://dhanarthi-stockguru.s3.amazonaws.com/company_logos_webp/STARTECK.webp,f,
c5610fb8-2266-40b4-8a4b-c82f587bdfea,11880,JSWHL,JSW Holdings Limited,NSE,INE824G01012,NSE_EQ,21062.7,t,2026-08-11 11:53:08.991121+05:30,2026-08-13 10:18:23.656516+05:30,https://dhanarthi-stockguru.s3.amazonaws.com/company_logos_webp/JSWHL.webp,t,2.86 x
c5687d9f-2dbd-491e-8b81-908b727d6645,2496,ORIENTPPR,Orient Paper & Industries Limited,NSE,INE592A01026,NSE_EQ,561.06,t,2026-08-11 11:53:07.81617+05:30,2026-08-13 10:18:23.656516+05:30,https://dhanarthi-stockguru.s3.amazonaws.com/company_logos_webp/ORIENTPPR.webp,t,1 x
c5999787-d92a-4114-a30c-51ba2a0b326c,22,ACC,ACC Limited,NSE,INE012A01025,NSE_EQ,34698.5,t,2026-08-11 11:53:08.883235+05:30,2026-08-13 10:18:23.656516+05:30,https://dhanarthi-stockguru.s3.amazonaws.com/company_logos_webp/ACC.webp,t,3.67 x
c59c4ae4-5bbf-4a9f-870f-6ba17c9577d5,910,EICHERMOT,Eicher Motors Limited,NSE,INE066A01021,NSE_EQ,179584.54,t,2026-08-11 11:53:07.468569+05:30,2026-08-13 10:18:23.656516+05:30,https://dhanarthi-stockguru.s3.amazonaws.com/company_logos_webp/EICHERMOT.webp,t,4.44 x
c5ac3504-491b-4ea7-b9b1-a806752ee00b,18442,BASILIC,BASILIC,NSE,INE0OCC01013,NSE_EQ,945.7,t,2026-08-11 11:53:09.211472+05:30,2026-08-13 10:18:23.656516+05:30,https://dhanarthi-stockguru.s3.amazonaws.com/company_logos_webp/BASILIC.webp,f,
c5ac95e1-3122-490b-8d27-8172e5f11a94,5407,CARTRADE,Cartrade Tech Limited,NSE,INE290S01011,NSE_EQ,11950.76,t,2026-08-11 11:53:07.393178+05:30,2026-08-13 10:18:23.656516+05:30,https://dhanarthi-stockguru.s3.amazonaws.com/company_logos_webp/CARTRADE.webp,t,2.49 x
c5c2e1c4-7c5a-4379-9e0c-f92f2b9f9125,24538,MAITHANALL,Maithan Alloys Limited,NSE,INE683C01011,NSE_EQ,3132.92,t,2026-08-11 11:53:08.816457+05:30,2026-08-13 10:18:23.656516+05:30,https://dhanarthi-stockguru.s3.amazonaws.com/company_logos_webp/MAITHANALL.webp,t,2.5 x
c5c5e32d-d2b1-4917-8ca5-6e29e572043d,4587,RAMCOIND,Ramco Industries Limited,NSE,INE614A01028,NSE_EQ,2777.67,t,2026-08-11 11:53:09.05507+05:30,2026-08-13 10:18:23.656516+05:30,https://dhanarthi-stockguru.s3.amazonaws.com/company_logos_webp/RAMCOIND.webp,t,2.5 x
c5cabf4a-beba-4e31-a4b9-23498a9ef9de,1581,TARC,TARC Limited,NSE,INE0EK901012,NSE_EQ,4765.51,t,2026-08-11 11:53:08.555275+05:30,2026-08-13 10:18:23.656516+05:30,https://dhanarthi-stockguru.s3.amazonaws.com/company_logos_webp/TARC.webp,t,2.81 x
c61e2557-f819-401b-a3b6-69213c017201,15049,ENERGYDEV,Energy Development Company Limited,NSE,INE306C01019,NSE_EQ,97.65,t,2026-08-11 11:53:08.285762+05:30,2026-08-13 10:18:23.656516+05:30,https://dhanarthi-stockguru.s3.amazonaws.com/company_logos_webp/ENERGYDEV.webp,f,
c627f7d8-3440-43e6-8211-88bd214d0e9d,18840,NIRAJISPAT,Niraj Ispat Industries Limited,NSE,INE326T01011,NSE_EQ,20.49,t,2026-08-11 11:53:07.749853+05:30,2026-08-13 10:18:23.656516+05:30,https://dhanarthi-stockguru.s3.amazonaws.com/company_logos_webp/NIRAJISPAT.webp,f,
c632f0da-26c1-49ea-8743-7e401fef2a78,19138,DIGIKORE,DIGIKORE,NSE,INE0QJ901011,NSE_EQ,102.49,t,2026-08-11 11:53:09.421327+05:30,2026-08-13 10:18:23.656516+05:30,https://dhanarthi-stockguru.s3.amazonaws.com/company_logos_webp/DIGIKORE.webp,f,
c63d5fda-370d-40e7-ae0b-38acc41f29ff,19126,KIOCL,KIOCL Limited,NSE,INE880L01014,NSE_EQ,23625.05,t,2026-08-11 11:53:08.635351+05:30,2026-08-13 10:18:23.656516+05:30,https://dhanarthi-stockguru.s3.amazonaws.com/company_logos_webp/KIOCL.webp,t,2.47 x
c6431285-9743-44b7-8c59-47f98bc78101,184,TCPLPACK,TCPL Packaging Limited,NSE,INE822C01015,NSE_EQ,3065.73,t,2026-08-11 11:53:08.599841+05:30,2026-08-13 10:18:23.656516+05:30,https://dhanarthi-stockguru.s3.amazonaws.com/company_logos_webp/TCPLPACK.webp,t,2.5 x
c6810ace-2317-41f5-96cd-ec49f5c25caf,11239,NSIL,Nalwa Sons Investments Limited,NSE,INE023A01030,NSE_EQ,3626.5,t,2026-08-11 11:53:07.763047+05:30,2026-08-13 10:18:23.656516+05:30,https://dhanarthi-stockguru.s3.amazonaws.com/company_logos_webp/NSIL.webp,t,2.5 x
c6854b85-73b9-4752-b5bc-46d83d197d62,25021,BODALCHEM,Bodal Chemicals Limited,NSE,INE338D01028,NSE_EQ,799.61,t,2026-08-11 11:53:07.384171+05:30,2026-08-13 10:18:23.656516+05:30,https://dhanarthi-stockguru.s3.amazonaws.com/company_logos_webp/BODALCHEM.webp,f,
c6a8909b-eb28-4ff8-b35e-ef258fbfefa2,19015,MVGJL,Manoj Vaibhav Gems N Jewellers Limited,NSE,INE0KNT01012,NSE_EQ,971.14,t,2026-08-11 11:53:07.699563+05:30,2026-08-13 10:18:23.656516+05:30,https://dhanarthi-stockguru.s3.amazonaws.com/company_logos_webp/MVGJL.webp,t,1 x
c6aa56cf-c408-48f6-8ac2-b6fe5edf85a7,19496,SECMARK,SecMark Consultancy Limited,NSE,INE0BTM01013,NSE_EQ,132.16,t,2026-08-11 11:53:07.322446+05:30,2026-08-13 10:18:23.656516+05:30,https://dhanarthi-stockguru.s3.amazonaws.com/company_logos_webp/SECMARK.webp,f,
c6cbc700-fdca-4668-8715-34efb1fbe09a,14366,IDEA,Vodafone Idea Limited,NSE,INE669E01016,NSE_EQ,93992.74,t,2026-08-11 11:53:07.599427+05:30,2026-08-13 10:18:23.656516+05:30,https://dhanarthi-stockguru.s3.amazonaws.com/company_logos_webp/IDEA.webp,t,3.24 x
c6de7f2d-9d0c-46fe-aee0-f312a4f4d667,15313,IRB,IRB Infrastructure Developers Limited,NSE,INE821I01022,NSE_EQ,26587.32,t,2026-08-11 11:53:08.457215+05:30,2026-08-13 10:18:23.656516+05:30,https://dhanarthi-stockguru.s3.amazonaws.com/company_logos_webp/IRB.webp,t,3.29 x
c6df654a-cdf4-4b20-8e71-ecb00e066790,761675,SAIPARENT,Sai Parenterals Limited,NSE,INE0H9F01037,NSE_EQ,,t,2026-08-11 11:53:08.691433+05:30,2026-08-13 10:18:23.656516+05:30,,f,
c6ef75f2-b936-493b-b522-61c4acd32cc7,3162,SIMPLEXINF,Simplex Infrastructures Limited,NSE,INE059B01024,NSE_EQ,2174.34,t,2026-08-11 11:53:08.133117+05:30,2026-08-13 10:18:23.656516+05:30,https://dhanarthi-stockguru.s3.amazonaws.com/company_logos_webp/SIMPLEXINF.webp,t,2 x
c71d4a56-15d1-4fed-8120-cc6be85d96f4,5385,AAVAS,Aavas Financiers Limited,NSE,INE216P01012,NSE_EQ,13171.22,t,2026-08-11 11:53:07.26274+05:30,2026-08-13 10:18:23.656516+05:30,https://dhanarthi-stockguru.s3.amazonaws.com/company_logos_webp/AAVAS.webp,t,3.32 x
c75aea52-95f8-4537-a636-10a95fd55565,29492,ORCHASP,Orchasp Limited,NSE,INE215B01022,NSE_EQ,95.35,t,2026-08-11 11:53:07.81617+05:30,2026-08-13 10:18:23.656516+05:30,,f,
c775f47c-5c18-4338-a3c7-1bb16623cceb,760204,MARKOLINES,Markolines Pavement Technologies Limited,NSE,INE0FW001016,NSE_EQ,357.67,t,2026-08-11 11:53:08.866736+05:30,2026-08-13 10:18:23.656516+05:30,,f,
c78a50be-126d-46c0-85ec-8ce2dc25840b,13656,ALICON,Alicon Castalloy Limited,NSE,INE062D01024,NSE_EQ,1430.91,t,2026-08-11 11:53:08.100027+05:30,2026-08-13 10:18:23.656516+05:30,https://dhanarthi-stockguru.s3.amazonaws.com/company_logos_webp/ALICON.webp,t,2 x
c78bdf2b-647f-48a2-b59c-b17bc0e54e88,24231,OMINFRAL,OM INFRA LIMITED,NSE,INE239D01028,NSE_EQ,1102.17,t,2026-08-11 11:53:07.76627+05:30,2026-08-13 10:18:23.656516+05:30,https://dhanarthi-stockguru.s3.amazonaws.com/company_logos_webp/OMINFRAL.webp,f,
c78cd1c5-ec9a-42be-9b64-2347a0db0982,27297,RTNINDIA,RattanIndia Enterprises Limited,NSE,INE834M01019,NSE_EQ,7197.54,t,2026-08-11 11:53:09.083277+05:30,2026-08-13 10:18:23.656516+05:30,https://dhanarthi-stockguru.s3.amazonaws.com/company_logos_webp/RTNINDIA.webp,t,2.68 x
c7bc1afa-c518-410d-9372-a742dbaf9764,14423,LAOPALA,La Opala RG Limited,NSE,INE059D01020,NSE_EQ,2649.28,t,2026-08-11 11:53:08.722926+05:30,2026-08-13 10:18:23.656516+05:30,https://dhanarthi-stockguru.s3.amazonaws.com/company_logos_webp/LAOPALA.webp,t,2.5 x
c7cfccb6-820c-4687-80c4-c9b95489402b,756899,ARUNAYA,ARUNAYA,NSE,INE0TTG01017,NSE_EQ,39.65,t,2026-08-11 11:53:09.516964+05:30,2026-08-13 10:18:23.656516+05:30,,f,
fc0e0ce6-7564-4c9b-8bfe-0fc704ff050b,1485,IFBIND,IFB Industries Limited,NSE,INE559A01017,NSE_EQ,6481,t,2026-08-11 11:53:08.966518+05:30,2026-08-13 10:18:23.809914+05:30,,t,2.66 x
c809f0c3-65e9-493d-9a76-2e847a840c14,19877,RADIOCITY,Music Broadcast Limited,NSE,INE919I01024,NSE_EQ,276.8,t,2026-08-11 11:53:09.051565+05:30,2026-08-13 10:18:23.656516+05:30,https://dhanarthi-stockguru.s3.amazonaws.com/company_logos_webp/RADIOCITY.webp,f,
c85adebb-594c-4ba2-8777-7159830b22cf,385,MAHLOG,Mahindra Logistics Limited,NSE,INE766P01016,NSE_EQ,3248.04,t,2026-08-11 11:53:08.816457+05:30,2026-08-13 10:18:23.656516+05:30,https://dhanarthi-stockguru.s3.amazonaws.com/company_logos_webp/MAHLOG.webp,t,3.03 x
c87ad2a1-67b2-4704-83b5-45c7d6189089,10768,OAL,Oriental Aromatics Limited,NSE,INE959C01023,NSE_EQ,1142.95,t,2026-08-11 11:53:07.76627+05:30,2026-08-13 10:18:23.656516+05:30,https://dhanarthi-stockguru.s3.amazonaws.com/company_logos_webp/OAL.webp,f,
c8830112-e581-4423-8262-1ca1d47864b1,25222,SANOFICONR,Sanofi Consumer Healthcare India Limited,NSE,INE0UOS01011,NSE_EQ,11300.2,t,2026-08-11 11:53:09.100075+05:30,2026-08-13 10:18:23.656516+05:30,,t,3.4 x
c8a83624-c56e-40da-9d8f-ec1283ee95ca,6278,MEDICAMEQ,Medicamen Biotech Limited,NSE,INE646B01010,NSE_EQ,498.86,t,2026-08-11 11:53:07.644274+05:30,2026-08-13 10:18:23.656516+05:30,https://dhanarthi-stockguru.s3.amazonaws.com/company_logos_webp/MEDICAMEQ.webp,t,1 x
c8f0941c-3abc-486f-ac97-c5d6e87d5cd6,24290,PCCL,PCCL,NSE,INE998U01015,NSE_EQ,451.45,t,2026-08-11 11:53:09.233275+05:30,2026-08-13 10:18:23.656516+05:30,https://dhanarthi-stockguru.s3.amazonaws.com/company_logos_webp/PCCL.webp,f,
c8f86f2f-7ccf-4c63-95f4-03b79ea66534,4055,PANACEABIO,Panacea Biotec Limited,NSE,INE922B01023,NSE_EQ,2480.65,t,2026-08-11 11:53:07.832918+05:30,2026-08-13 10:18:23.656516+05:30,https://dhanarthi-stockguru.s3.amazonaws.com/company_logos_webp/PANACEABIO.webp,t,2 x
c90f5af2-4c31-40b2-8837-2918aef24eb0,1570,GMMPFAUDLR,GMM Pfaudler Limited,NSE,INE541A01023,NSE_EQ,5330.89,t,2026-08-11 11:53:08.960894+05:30,2026-08-13 10:18:23.656516+05:30,https://dhanarthi-stockguru.s3.amazonaws.com/company_logos_webp/GMMPFAUDLR.webp,t,3.44 x
c9117f7a-506d-4b26-aefa-a5198bc647b3,22602,PFS,PTC India Financial Services Limited,NSE,INE560K01014,NSE_EQ,2378.68,t,2026-08-11 11:53:09.016559+05:30,2026-08-13 10:18:23.656516+05:30,https://dhanarthi-stockguru.s3.amazonaws.com/company_logos_webp/PFS.webp,t,2.5 x
c92a2624-183d-4c10-a69f-d3560891b693,4014,NAVA,NAVA LIMITED,NSE,INE725A01030,NSE_EQ,17264.8,t,2026-08-11 11:53:07.717617+05:30,2026-08-13 10:18:23.656516+05:30,https://dhanarthi-stockguru.s3.amazonaws.com/company_logos_webp/NAVA.webp,t,2.89 x
c9539bf6-56f9-46d8-b402-3861b7a5ee30,29665,PSRAJ,PSRAJ,NSE,INE0XUS01020,NSE_EQ,167.71,t,2026-08-11 11:53:09.333826+05:30,2026-08-13 10:18:23.656516+05:30,,f,
c954a022-77b6-4d6a-8939-cd589c71b97c,1181,GODFRYPHLP,Godfrey Phillips India Limited,NSE,INE260B01028,NSE_EQ,49053.78,t,2026-08-11 11:53:08.960894+05:30,2026-08-13 10:18:23.656516+05:30,https://dhanarthi-stockguru.s3.amazonaws.com/company_logos_webp/GODFRYPHLP.webp,t,3.07 x
c9555e02-5843-4c37-84aa-1775a2b558e6,676,EXIDEIND,Exide Industries Limited,NSE,INE302A01020,NSE_EQ,32936.22,t,2026-08-11 11:53:07.486795+05:30,2026-08-13 10:18:23.656516+05:30,https://dhanarthi-stockguru.s3.amazonaws.com/company_logos_webp/EXIDEIND.webp,t,4.35 x
c95a33dc-411a-4af6-a692-e4ff754fb53c,23909,VILAS,VILAS,NSE,INE0AZY01017,NSE_EQ,1201.82,t,2026-08-11 11:53:08.049697+05:30,2026-08-13 10:18:23.672129+05:30,,f,
c968c1b1-e36c-4e8d-8f84-ee27c717056e,1375,HCC,Hindustan Construction Company Limited,NSE,INE549A01026,NSE_EQ,4947.1,t,2026-08-11 11:53:07.566237+05:30,2026-08-13 10:18:23.672129+05:30,https://dhanarthi-stockguru.s3.amazonaws.com/company_logos_webp/HCC.webp,t,2.56 x
c98d6c2a-56c7-41e4-801a-9c78f1df6e7e,757060,VGINFOTECH,VGINFOTECH,NSE,INE0VRH01015,NSE_EQ,421.81,t,2026-08-11 11:53:09.249972+05:30,2026-08-13 10:18:23.672129+05:30,,f,
c9a73340-2a9d-4265-955a-3ee2cb3b4aec,347,BANARBEADS,Banaras Beads Limited,NSE,INE655B01011,NSE_EQ,82.41,t,2026-08-11 11:53:08.166796+05:30,2026-08-13 10:18:23.672129+05:30,https://dhanarthi-stockguru.s3.amazonaws.com/company_logos_webp/BANARBEADS.webp,f,
c9b2e890-024d-42f1-966d-2ad73be1bd39,759311,CRAMC,Canara Robeco Asset Management Company Limited,NSE,INE218I01013,NSE_EQ,6073.33,t,2026-08-11 11:53:08.933682+05:30,2026-08-13 10:18:23.672129+05:30,,t,3.27 x
c9efe3c5-d111-4c79-af3c-39a3cb5a425e,20159,ARIHANTSUP,Arihant Superstructures Limited,NSE,INE643K01018,NSE_EQ,1642.07,t,2026-08-11 11:53:08.121787+05:30,2026-08-13 10:18:23.672129+05:30,https://dhanarthi-stockguru.s3.amazonaws.com/company_logos_webp/ARIHANTSUP.webp,t,2 x
ca5a0868-b5f8-4e22-bc5b-4720f5ebbd63,14552,PHOENIXLTD,The Phoenix Mills Limited,NSE,INE211B01039,NSE_EQ,57972.7,t,2026-08-11 11:53:07.866247+05:30,2026-08-13 10:18:23.672129+05:30,https://dhanarthi-stockguru.s3.amazonaws.com/company_logos_webp/PHOENIXLTD.webp,t,4.17 x
ca6a6417-e5a0-46b3-b397-57298d0c9d4a,220,IEX,Indian Energy Exchange Limited,NSE,INE022Q01020,NSE_EQ,13267.53,t,2026-08-11 11:53:07.599427+05:30,2026-08-13 10:18:23.672129+05:30,https://dhanarthi-stockguru.s3.amazonaws.com/company_logos_webp/IEX.webp,t,3.76 x
ca7a65f7-bc11-440d-aabd-9a20193ee185,19097,SILLYMONKS,Silly Monks Entertainment Limited,NSE,INE203Y01012,NSE_EQ,19.55,t,2026-08-11 11:53:08.133117+05:30,2026-08-13 10:18:23.672129+05:30,https://dhanarthi-stockguru.s3.amazonaws.com/company_logos_webp/SILLYMONKS.webp,f,
ca9657a9-e027-493f-8bce-f72ac09d00bf,25468,PAISALO,Paisalo Digital Limited,NSE,INE420C01059,NSE_EQ,3157.44,t,2026-08-11 11:53:07.832918+05:30,2026-08-13 10:18:23.672129+05:30,https://dhanarthi-stockguru.s3.amazonaws.com/company_logos_webp/PAISALO.webp,t,2.5 x
caa0916f-1f7c-4969-8b52-6c6685243e1d,2792,EASEMYTRIP,Easy Trip Planners Limited,NSE,INE07O001026,NSE_EQ,3076.65,t,2026-08-11 11:53:07.46757+05:30,2026-08-13 10:18:23.672129+05:30,https://dhanarthi-stockguru.s3.amazonaws.com/company_logos_webp/EASEMYTRIP.webp,t,2.48 x
cab3f3e7-21e0-44f1-863d-dc94e9366c60,2988,SANDESH,The Sandesh Limited,NSE,INE583B01015,NSE_EQ,885.52,t,2026-08-11 11:53:09.100075+05:30,2026-08-13 10:18:23.672129+05:30,https://dhanarthi-stockguru.s3.amazonaws.com/company_logos_webp/SANDESH.webp,f,
cacebc72-ced8-4c36-8181-5474c374b008,276,CHEMCON,Chemcon Speciality Chemicals Limited,NSE,INE03YM01018,NSE_EQ,833.86,t,2026-08-11 11:53:07.399737+05:30,2026-08-13 10:18:23.672129+05:30,,f,
cb618cca-177a-4479-bb42-8ba207fedabd,5428,TRIGYN,Trigyn Technologies Limited,NSE,INE948A01012,NSE_EQ,236.43,t,2026-08-11 11:53:08.749296+05:30,2026-08-13 10:18:23.672129+05:30,https://dhanarthi-stockguru.s3.amazonaws.com/company_logos_webp/TRIGYN.webp,f,
cb6829f3-ae26-4133-9fe3-907d6f3fba02,750518,VEDPOWER,Vedanta Power Limited,NSE,INE694L01019,NSE_EQ,,t,2026-08-11 11:53:08.848906+05:30,2026-08-13 10:18:23.672129+05:30,,f,
cb6a4f1b-43c0-47e1-8e9d-a45b17f2672c,1476,IDBI,IDBI Bank Limited,NSE,INE008A01015,NSE_EQ,102939.49,t,2026-08-11 11:53:08.966518+05:30,2026-08-13 10:18:23.672129+05:30,,t,2.69 x
cb8c5462-5fbf-47cb-b082-fb26a1080327,2406,NEULANDLAB,Neuland Laboratories Limited,NSE,INE794A01010,NSE_EQ,19317.16,t,2026-08-11 11:53:07.733094+05:30,2026-08-13 10:18:23.672129+05:30,https://dhanarthi-stockguru.s3.amazonaws.com/company_logos_webp/NEULANDLAB.webp,t,2.82 x
cb9ac8fc-4696-4ffd-96c7-1e65105a58aa,17598,ASALCBR,Associated Alcohols & Breweries Ltd.,NSE,INE073G01016,NSE_EQ,1871.2,t,2026-08-11 11:53:07.316014+05:30,2026-08-13 10:18:23.672129+05:30,https://dhanarthi-stockguru.s3.amazonaws.com/company_logos_webp/ASALCBR.webp,t,2.5 x
cbb0bf29-e855-40bf-8a2e-f63ee8e2dbb8,21705,MEDIASSIST,Medi Assist Healthcare Services Limited,NSE,INE456Z01021,NSE_EQ,3649.71,t,2026-08-11 11:53:07.644274+05:30,2026-08-13 10:18:23.672129+05:30,https://dhanarthi-stockguru.s3.amazonaws.com/company_logos_webp/MEDIASSIST.webp,t,2.5 x
cbc0055d-6d71-48ce-a28c-db745b7d96a4,757024,ACCPL,ACCPL,NSE,INE0T8T01010,NSE_EQ,75.68,t,2026-08-11 11:53:09.466708+05:30,2026-08-13 10:18:23.678119+05:30,,f,
cbc1ab97-82c9-4b85-b062-1731b77a2c61,20603,SHREEOSFM,SHREEOSFM,NSE,INE02S501018,NSE_EQ,161.83,t,2026-08-11 11:53:09.350167+05:30,2026-08-13 10:18:23.678119+05:30,https://dhanarthi-stockguru.s3.amazonaws.com/company_logos_webp/SHREEOSFM.webp,f,
cbc8c16b-4ca7-481a-b101-d4bdb51b0f29,757683,PUSHPA,PUSHPA,NSE,INE154801018,NSE_EQ,309.21,t,2026-08-11 11:53:09.04541+05:30,2026-08-13 10:18:23.678119+05:30,,f,
cbdd10b0-980d-4fe5-93f0-c63f90a2a8da,3009,KOHINOOR,Kohinoor Foods Limited,NSE,INE080B01012,NSE_EQ,120.33,t,2026-08-11 11:53:08.65603+05:30,2026-08-13 10:18:23.678119+05:30,https://dhanarthi-stockguru.s3.amazonaws.com/company_logos_webp/KOHINOOR.webp,f,
cbdd1eeb-3577-4067-aae9-5a9762db6550,25252,KROSS,Kross Limited,NSE,INE0O6601022,NSE_EQ,1200.54,t,2026-08-11 11:53:08.690925+05:30,2026-08-13 10:18:23.679108+05:30,https://dhanarthi-stockguru.s3.amazonaws.com/company_logos_webp/KROSS.webp,t,2 x
cc22e94d-8242-41c7-b8c5-e5ebdea9c6d5,509,MAZDOCK,Mazagon Dock Shipbuilders Limited,NSE,INE249Z01020,NSE_EQ,112306.27,t,2026-08-11 11:53:07.632766+05:30,2026-08-13 10:18:23.679108+05:30,https://dhanarthi-stockguru.s3.amazonaws.com/company_logos_webp/MAZDOCK.webp,t,3.57 x
cc380feb-6f24-41c7-85eb-78059d686367,759265,TATACAP,Tata Capital Limited,NSE,INE976I01016,NSE_EQ,138783.29,t,2026-08-11 11:53:08.555275+05:30,2026-08-13 10:18:23.679108+05:30,,t,3.77 x
cc43cd71-46eb-4f14-a408-068b1cc87c21,7376,HPAL,HP Adhesives Limited,NSE,INE0GSL01024,NSE_EQ,434.46,t,2026-08-11 11:53:08.408933+05:30,2026-08-13 10:18:23.679108+05:30,https://dhanarthi-stockguru.s3.amazonaws.com/company_logos_webp/HPAL.webp,t,1.67 x
ccb40d64-d78d-4a21-bb84-fb4b2332e2a5,527,UTIAMC,UTI Asset Management Company Limited,NSE,INE094J01016,NSE_EQ,16418.68,t,2026-08-11 11:53:08.851822+05:30,2026-08-13 10:18:23.679108+05:30,https://dhanarthi-stockguru.s3.amazonaws.com/company_logos_webp/UTIAMC.webp,t,3.28 x
ccd3fa0b-4cc7-448b-b394-6d946e5500a8,762817,NILE,Nile Limited,NSE,INE445D01013,NSE_EQ,,t,2026-08-11 11:53:08.566457+05:30,2026-08-13 10:18:23.680464+05:30,,f,
cce4346d-347c-4452-af64-629eecd93edf,11491,APARINDS,Apar Industries Limited,NSE,INE372A01015,NSE_EQ,34909.42,t,2026-08-11 11:53:07.300879+05:30,2026-08-13 10:18:23.680464+05:30,https://dhanarthi-stockguru.s3.amazonaws.com/company_logos_webp/APARINDS.webp,t,2.7 x
cce842b5-6d74-4a4c-8647-c559555e2b45,3247,NITIRAJ,Nitiraj Engineers Limited,NSE,INE439T01012,NSE_EQ,202,t,2026-08-11 11:53:07.749853+05:30,2026-08-13 10:18:23.680464+05:30,https://dhanarthi-stockguru.s3.amazonaws.com/company_logos_webp/NITIRAJ.webp,f,
cd8a8a24-c9f7-48c4-95d8-7c47cf950018,760213,LGEINDIA,LG Electronics India Limited,NSE,INE324D01010,NSE_EQ,109776.22,t,2026-08-11 11:53:08.756631+05:30,2026-08-13 10:18:23.680464+05:30,,t,3.77 x
cdaef41f-561f-443f-8d99-f92992ffb3d5,11979,HTMEDIA,HT Media Limited,NSE,INE501G01024,NSE_EQ,491.13,t,2026-08-11 11:53:08.408933+05:30,2026-08-13 10:18:23.680464+05:30,https://dhanarthi-stockguru.s3.amazonaws.com/company_logos_webp/HTMEDIA.webp,f,
cdc6df7f-9672-458f-91a6-b1e9ea544ee0,18417,RISHABH,Rishabh Instruments Limited,NSE,INE0N2P01017,NSE_EQ,1449.29,t,2026-08-11 11:53:09.083277+05:30,2026-08-13 10:18:23.680464+05:30,https://dhanarthi-stockguru.s3.amazonaws.com/company_logos_webp/RISHABH.webp,t,2.5 x
cdd3b114-71ba-4797-a527-ae22480e1ca3,13101,VIMTALABS,Vimta Labs Limited,NSE,INE579C01029,NSE_EQ,2879.66,t,2026-08-11 11:53:09.133227+05:30,2026-08-13 10:18:23.680464+05:30,https://dhanarthi-stockguru.s3.amazonaws.com/company_logos_webp/VIMTALABS.webp,t,2.47 x
cdda1673-4384-4ae1-870c-f02eff15425a,15285,QUICKTOUCH,QUICKTOUCH,NSE,INE0K4D01020,NSE_EQ,53.95,t,2026-08-11 11:53:09.501618+05:30,2026-08-13 10:18:23.680464+05:30,https://dhanarthi-stockguru.s3.amazonaws.com/company_logos_webp/QUICKTOUCH.webp,f,
ce098525-6d04-4e2f-bd7b-aaa3965ec101,18679,HPL,HPL Electric & Power Limited,NSE,INE495S01016,NSE_EQ,3079.93,t,2026-08-11 11:53:07.594289+05:30,2026-08-13 10:18:23.680464+05:30,https://dhanarthi-stockguru.s3.amazonaws.com/company_logos_webp/HPL.webp,t,2.59 x
ce3ec2f0-f215-422e-9083-d2258f1fd0d6,24307,AKIKO,AKIKO,NSE,INE0PMR01017,NSE_EQ,223.85,t,2026-08-11 11:53:09.300416+05:30,2026-08-13 10:18:23.680464+05:30,https://dhanarthi-stockguru.s3.amazonaws.com/company_logos_webp/AKIKO.webp,f,
ce466041-a530-46de-b906-35731e31df4b,24164,DURLAX,DURLAX,NSE,INE0OUW01013,NSE_EQ,67.6,t,2026-08-11 11:53:09.478253+05:30,2026-08-13 10:18:23.680464+05:30,https://dhanarthi-stockguru.s3.amazonaws.com/company_logos_webp/DURLAX.webp,f,
ce6738de-56a4-4e31-b268-a4cdb9338c9f,2183,TSFINV,TSF INVESTMENTS LIMITED,NSE,INE202Z01029,NSE_EQ,11907.24,t,2026-08-11 11:53:08.749803+05:30,2026-08-13 10:18:23.680464+05:30,,t,2.78 x
ce6f5b52-b125-498f-98c4-9a4326de9400,714,SHALBY,Shalby Limited,NSE,INE597J01018,NSE_EQ,2339.93,t,2026-08-11 11:53:07.986943+05:30,2026-08-13 10:18:23.680464+05:30,,t,2.5 x
ce8a979a-cbb2-48a2-89e4-7a8ec67f8e28,18608,ZAGGLE,Zaggle Prepaid Ocean Services Limited,NSE,INE07K301024,NSE_EQ,5040.61,t,2026-08-11 11:53:09.183625+05:30,2026-08-13 10:18:23.680464+05:30,https://dhanarthi-stockguru.s3.amazonaws.com/company_logos_webp/ZAGGLE.webp,t,2.47 x
cead4ebb-1f90-4944-9606-31434279453e,3821,ZODIACLOTH,Zodiac Clothing Company Limited,NSE,INE206B01013,NSE_EQ,255.79,t,2026-08-11 11:53:07.970286+05:30,2026-08-13 10:18:23.680464+05:30,https://dhanarthi-stockguru.s3.amazonaws.com/company_logos_webp/ZODIACLOTH.webp,f,
cebdae21-3675-4ba9-87df-f23894daa4d3,760112,SUBAHOTELS,SUBAHOTELS,NSE,INE0RYR01018,NSE_EQ,397.76,t,2026-08-11 11:53:09.25798+05:30,2026-08-13 10:18:23.680464+05:30,,f,
cecac97c-686a-4ce8-9615-e6ca990835b1,395,BEML,BEML Limited,NSE,INE258A01024,NSE_EQ,16944.92,t,2026-08-11 11:53:07.367129+05:30,2026-08-13 10:18:23.680464+05:30,https://dhanarthi-stockguru.s3.amazonaws.com/company_logos_webp/BEML.webp,t,2.84 x
cee15db6-ad27-4cae-aa78-ec62efefb8a2,3432,TATACONSUM,TATA CONSUMER PRODUCTS LIMITED,NSE,INE192A01025,NSE_EQ,111203.77,t,2026-08-11 11:53:08.566457+05:30,2026-08-13 10:18:23.680464+05:30,https://dhanarthi-stockguru.s3.amazonaws.com/company_logos_webp/TATACONSUM.webp,t,4.55 x
cee43160-cfa7-4e5f-afe5-51c256bb6dff,29224,ONESOURCE,Onesource Specialty Pharma Limited,NSE,INE013P01021,NSE_EQ,20905.79,t,2026-08-11 11:53:07.799711+05:30,2026-08-13 10:18:23.680464+05:30,,t,2.86 x
cf38e7e2-c45f-47ee-abcf-a3e626dfa4ea,4566,RUCHINFRA,Ruchi Infrastructure Limited,NSE,INE413B01023,NSE_EQ,171.92,t,2026-08-11 11:53:09.095169+05:30,2026-08-13 10:18:23.680464+05:30,https://dhanarthi-stockguru.s3.amazonaws.com/company_logos_webp/RUCHINFRA.webp,f,
cf3db299-d0c1-4579-80c4-c86234ce6cef,20822,SURAJEST,Suraj Estate Developers Limited,NSE,INE843S01025,NSE_EQ,1382.54,t,2026-08-11 11:53:08.499691+05:30,2026-08-13 10:18:23.680464+05:30,https://dhanarthi-stockguru.s3.amazonaws.com/company_logos_webp/SURAJEST.webp,t,2.5 x
cf96358f-bb12-4359-8345-7dd0b3df17ad,23775,VERITAAS,VERITAAS,NSE,INE0SRI01019,NSE_EQ,18.65,t,2026-08-11 11:53:09.550065+05:30,2026-08-13 10:18:23.680464+05:30,https://dhanarthi-stockguru.s3.amazonaws.com/company_logos_webp/VERITAAS.webp,f,
cfd5a06d-6197-44d1-ab97-4c20447b3c61,15282,ONMOBILE,OnMobile Global Limited,NSE,INE809I01019,NSE_EQ,632.78,t,2026-08-11 11:53:07.799711+05:30,2026-08-13 10:18:23.680464+05:30,https://dhanarthi-stockguru.s3.amazonaws.com/company_logos_webp/ONMOBILE.webp,f,
cff6a822-d518-4b8a-9387-f2c3700b20c6,3375,SURYAROSNI,Surya Roshni Limited,NSE,INE335A01020,NSE_EQ,6362.24,t,2026-08-11 11:53:08.5072+05:30,2026-08-13 10:18:23.680464+05:30,https://dhanarthi-stockguru.s3.amazonaws.com/company_logos_webp/SURYAROSNI.webp,t,2.82 x
d00b0856-9c69-4277-8048-0f8ccb93c135,13751,NAUKRI,Info Edge (India) Limited,NSE,INE663F01032,NSE_EQ,88709.24,t,2026-08-11 11:53:07.716236+05:30,2026-08-13 10:18:23.680464+05:30,https://dhanarthi-stockguru.s3.amazonaws.com/company_logos_webp/NAUKRI.webp,t,4.28 x
d01e3dc6-ccf3-4e9a-a60c-cde89b0aa0e6,1923,WEALTH,Wealth First Portfolio Managers Limited,NSE,INE658T01017,NSE_EQ,1222.49,t,2026-08-11 11:53:09.166605+05:30,2026-08-13 10:18:23.680464+05:30,https://dhanarthi-stockguru.s3.amazonaws.com/company_logos_webp/WEALTH.webp,f,
d01fe15a-9826-4f82-b60f-328998f0a159,3435,BBOX,Black Box Limited,NSE,INE676A01027,NSE_EQ,8794.99,t,2026-08-11 11:53:08.916528+05:30,2026-08-13 10:18:23.680464+05:30,https://dhanarthi-stockguru.s3.amazonaws.com/company_logos_webp/BBOX.webp,t,1 x
d0a9b565-2d9f-47e1-8db1-2a0eed7853a6,29459,MOSCHIP,Moschip Technologies Limited,NSE,INE935B01025,NSE_EQ,4082.36,t,2026-08-11 11:53:07.67541+05:30,2026-08-13 10:18:23.680464+05:30,,t,2.5 x
d0b7803d-d0cc-4dc0-a398-ebc5a91359c6,3327,SUDARSCHEM,Sudarshan Chemical Industries Limited,NSE,INE659A01023,NSE_EQ,9732.28,t,2026-08-11 11:53:08.440281+05:30,2026-08-13 10:18:23.680464+05:30,https://dhanarthi-stockguru.s3.amazonaws.com/company_logos_webp/SUDARSCHEM.webp,t,2.92 x
d0e5beca-e763-4357-802f-b8dcfacf296a,24606,VLINFRA,VLINFRA,NSE,INE0QXL01015,NSE_EQ,53.7,t,2026-08-11 11:53:09.501618+05:30,2026-08-13 10:18:23.680464+05:30,https://dhanarthi-stockguru.s3.amazonaws.com/company_logos_webp/VLINFRA.webp,f,
d0fc873a-cdc4-42ea-bf7f-f3f4e7b6d988,24386,BANSALWIRE,Bansal Wire Industries Limited,NSE,INE0B9K01025,NSE_EQ,5446.49,t,2026-08-11 11:53:07.355441+05:30,2026-08-13 10:18:23.680464+05:30,,t,3.02 x
d1016feb-b3f5-47bc-a301-0c5ba52f7869,25208,MYMUDRA,MYMUDRA,NSE,INE0RVQ01016,NSE_EQ,96.67,t,2026-08-11 11:53:09.421327+05:30,2026-08-13 10:18:23.680464+05:30,,f,
d1061ee8-3e5f-42c2-b451-fb56545e15f4,21314,DYNPRO,Dynemic Products Limited,NSE,INE256H01015,NSE_EQ,400.32,t,2026-08-11 11:53:07.465538+05:30,2026-08-13 10:18:23.680464+05:30,https://dhanarthi-stockguru.s3.amazonaws.com/company_logos_webp/DYNPRO.webp,t,1.67 x
d1249b2f-cdea-4ec7-8725-e18b5dd96e01,12032,FIVESTAR,Five-Star Business Finance Limited,NSE,INE128S01021,NSE_EQ,17602.73,t,2026-08-11 11:53:07.499428+05:30,2026-08-13 10:18:23.680464+05:30,https://dhanarthi-stockguru.s3.amazonaws.com/company_logos_webp/FIVESTAR.webp,t,2.94 x
d13452e3-4b5d-4577-9271-efdbc59fca06,19113,UDS,Updater Services Limited,NSE,INE851I01011,NSE_EQ,1587.08,t,2026-08-11 11:53:08.766558+05:30,2026-08-13 10:18:23.680464+05:30,https://dhanarthi-stockguru.s3.amazonaws.com/company_logos_webp/UDS.webp,t,2.5 x
d1702818-7ba7-4b7a-8f1a-a9a46cc59807,15332,NMDC,NMDC Limited,NSE,INE584A01023,NSE_EQ,65185.61,t,2026-08-11 11:53:07.749853+05:30,2026-08-13 10:18:23.680464+05:30,https://dhanarthi-stockguru.s3.amazonaws.com/company_logos_webp/NMDC.webp,t,4.35 x
d176c639-22f8-4303-86de-d289e1bafd7c,17132,PENTAGON,PENTAGON,NSE,INE0ORS01017,NSE_EQ,52.85,t,2026-08-11 11:53:09.501618+05:30,2026-08-13 10:18:23.680464+05:30,https://dhanarthi-stockguru.s3.amazonaws.com/company_logos_webp/PENTAGON.webp,f,
d19fc41b-cbf3-4377-a8fe-8b272fa32174,1455,BIRLANU,BirlaNu Limited,NSE,INE557A01011,NSE_EQ,1451.39,t,2026-08-11 11:53:07.372137+05:30,2026-08-13 10:18:23.680464+05:30,,t,2.5 x
d1b21b84-bbac-455b-a78c-61490cf8259d,14722,NIRMAN,NIRMAN,NSE,INE0OK701014,NSE_EQ,104.64,t,2026-08-11 11:53:09.419073+05:30,2026-08-13 10:18:23.680464+05:30,https://dhanarthi-stockguru.s3.amazonaws.com/company_logos_webp/NIRMAN.webp,f,
d1b62483-efef-4009-a304-918d539da952,404,BERGEPAINT,Berger Paints (I) Limited,NSE,INE463A01038,NSE_EQ,64192.79,t,2026-08-11 11:53:08.916528+05:30,2026-08-13 10:18:23.680464+05:30,https://dhanarthi-stockguru.s3.amazonaws.com/company_logos_webp/BERGEPAINT.webp,t,3.47 x
d1bc5aea-9920-49b3-91ad-d67b317e05c5,10995,ISHAN,ISHAN,NSE,INE0LCW01025,NSE_EQ,18.96,t,2026-08-11 11:53:09.550065+05:30,2026-08-13 10:18:23.680464+05:30,https://dhanarthi-stockguru.s3.amazonaws.com/company_logos_webp/ISHAN.webp,f,
d1c03425-10ab-4ece-a868-ddb09f7df3b4,13870,KUANTUM,Kuantum Papers Limited,NSE,INE529I01021,NSE_EQ,959.02,t,2026-08-11 11:53:08.711477+05:30,2026-08-13 10:18:23.680464+05:30,https://dhanarthi-stockguru.s3.amazonaws.com/company_logos_webp/KUANTUM.webp,f,
d1c8db1c-1da8-4781-b8c3-f3c89db0844d,701,HEMIPROP,Hemisphere Properties India Limited,NSE,INE0AJG01018,NSE_EQ,4071.72,t,2026-08-11 11:53:07.566237+05:30,2026-08-13 10:18:23.680464+05:30,https://dhanarthi-stockguru.s3.amazonaws.com/company_logos_webp/HEMIPROP.webp,t,2.86 x
d2052221-4bb3-4755-ad00-a615508ca1fd,16933,INDBANK,Indbank Merchant Banking Services Limited,NSE,INE841B01017,NSE_EQ,157.71,t,2026-08-11 11:53:07.599427+05:30,2026-08-13 10:18:23.680464+05:30,https://dhanarthi-stockguru.s3.amazonaws.com/company_logos_webp/INDBANK.webp,f,
d210b57d-8d6a-4bd1-9e61-c302a8be45ca,27171,RACLGEAR,RACL Geartech Limited,NSE,INE704B01017,NSE_EQ,1175.67,t,2026-08-11 11:53:07.920696+05:30,2026-08-13 10:18:23.680464+05:30,,t,2 x
d24cf911-a9ef-4e8a-8d5e-68fe2bbe6c3b,19913,DMART,Avenue Supermarts Limited,NSE,INE192R01011,NSE_EQ,275707.96,t,2026-08-11 11:53:07.449913+05:30,2026-08-13 10:18:23.680464+05:30,https://dhanarthi-stockguru.s3.amazonaws.com/company_logos_webp/DMART.webp,t,4.55 x
d257a2cc-caf5-4db5-b373-9d5585be4ce4,759453,VIKRAMSOLR,Vikram Solar Limited,NSE,INE078V01014,NSE_EQ,11033.45,t,2026-08-11 11:53:09.133227+05:30,2026-08-13 10:18:23.680464+05:30,,f,
d2606b1d-6649-4437-ac47-83f36cc12bee,13557,AVONMORE,Avonmore Capital & Management Services Limited,NSE,INE323B01024,NSE_EQ,522.32,t,2026-08-11 11:53:08.152119+05:30,2026-08-13 10:18:23.680464+05:30,https://dhanarthi-stockguru.s3.amazonaws.com/company_logos_webp/AVONMORE.webp,f,
d264d1a9-0013-4a36-909d-caa3e4c9a7fa,17032,THYROCARE,Thyrocare Technologies Limited,NSE,INE594H01019,NSE_EQ,6843.64,t,2026-08-11 11:53:08.666851+05:30,2026-08-13 10:18:23.680464+05:30,https://dhanarthi-stockguru.s3.amazonaws.com/company_logos_webp/THYROCARE.webp,t,1.12 x
d27ef710-8e73-4c6b-a7cb-3da9d3aa6baf,760657,ADVAIT,Advait Energy Transitions Limited,NSE,INE0ALI01010,NSE_EQ,,t,2026-08-11 11:53:08.06671+05:30,2026-08-13 10:18:23.680464+05:30,,t,2 x
d28c5be2-8265-44b9-812d-2d8489aa8776,2562,HUHTAMAKI,Huhtamaki India Limited,NSE,INE275B01026,NSE_EQ,1716.14,t,2026-08-11 11:53:08.408933+05:30,2026-08-13 10:18:23.680464+05:30,https://dhanarthi-stockguru.s3.amazonaws.com/company_logos_webp/HUHTAMAKI.webp,t,2.5 x
d29377d8-422a-483d-9ed6-a47bd08e2827,15259,RPOWER,Reliance Power Limited,NSE,INE614G01033,NSE_EQ,19179.8,t,2026-08-11 11:53:07.949549+05:30,2026-08-13 10:18:23.680464+05:30,https://dhanarthi-stockguru.s3.amazonaws.com/company_logos_webp/RPOWER.webp,t,2.5 x
d29d55bb-852d-4158-a0f5-b28e0928698b,13731,CMNL,CMNL,NSE,INE06PV01010,NSE_EQ,354.75,t,2026-08-11 11:53:08.706605+05:30,2026-08-13 10:18:23.696089+05:30,https://dhanarthi-stockguru.s3.amazonaws.com/company_logos_webp/CMNL.webp,f,
d29da7aa-b87a-44f1-931e-a6f714548efc,759969,PAUSHAKLTD,Paushak Limited,NSE,INE111F01024,NSE_EQ,1448.02,t,2026-08-11 11:53:07.851765+05:30,2026-08-13 10:18:23.696089+05:30,,t,2.5 x
d2a58375-8644-4c74-99bc-155e4bdbe87c,11236,JSL,Jindal Stainless Limited,NSE,INE220G01021,NSE_EQ,61849.28,t,2026-08-11 11:53:08.555275+05:30,2026-08-13 10:18:23.696089+05:30,https://dhanarthi-stockguru.s3.amazonaws.com/company_logos_webp/JSL.webp,t,3.22 x
d2caf9ae-1582-44eb-88da-d2cf25948eec,22533,DHTL,DHTL,NSE,INE0OGG01015,NSE_EQ,22.66,t,2026-08-11 11:53:09.550065+05:30,2026-08-13 10:18:23.696089+05:30,https://dhanarthi-stockguru.s3.amazonaws.com/company_logos_webp/DHTL.webp,f,
d2f0e33a-fb98-4ca9-801c-508d359d73a7,419,BEPL,Bhansali Engineering Polymers Limited,NSE,INE922A01025,NSE_EQ,2537.13,t,2026-08-11 11:53:08.173906+05:30,2026-08-13 10:18:23.696089+05:30,https://dhanarthi-stockguru.s3.amazonaws.com/company_logos_webp/BEPL.webp,t,2.5 x
d323974a-2fde-435f-8096-e25b1ec0daeb,11573,FORCEMOT,FORCE MOTORS LTD,NSE,INE451A01017,NSE_EQ,23018.52,t,2026-08-11 11:53:08.950386+05:30,2026-08-13 10:18:23.696089+05:30,https://dhanarthi-stockguru.s3.amazonaws.com/company_logos_webp/FORCEMOT.webp,t,3.13 x
d32485c9-6fe0-47f1-866f-82ca5114e20c,6156,ARTNIRMAN,Art Nirman Limited,NSE,INE738V01013,NSE_EQ,129.73,t,2026-08-11 11:53:08.133117+05:30,2026-08-13 10:18:23.696089+05:30,https://dhanarthi-stockguru.s3.amazonaws.com/company_logos_webp/ARTNIRMAN.webp,f,
d325d23f-692c-4122-973f-bbdf51031551,762727,IWP,The Indian Wood Products Company Limited,NSE,INE586E01020,NSE_EQ,,t,2026-08-11 11:53:08.440281+05:30,2026-08-13 10:18:23.696089+05:30,,f,
d34c90dd-c34d-4ca8-91a9-b5c3f95d53e0,3149,BORORENEW,BOROSIL RENEWABLES LIMITED,NSE,INE666D01022,NSE_EQ,7832.08,t,2026-08-11 11:53:07.649447+05:30,2026-08-13 10:18:23.696089+05:30,https://dhanarthi-stockguru.s3.amazonaws.com/company_logos_webp/BORORENEW.webp,t,2.84 x
d36d6e8e-1d5e-4f06-b479-ddcac302f877,3586,MOKSH,Moksh Ornaments Limited,NSE,INE514Y01020,NSE_EQ,123.54,t,2026-08-11 11:53:07.674713+05:30,2026-08-13 10:18:23.696089+05:30,https://dhanarthi-stockguru.s3.amazonaws.com/company_logos_webp/MOKSH.webp,t,1 x
d373b9fd-ae43-496d-a58a-36f87a32a15a,762762,LAHOTIOV,Lahoti Overseas Limited,NSE,INE515C01023,NSE_EQ,,t,2026-08-11 11:53:08.483046+05:30,2026-08-13 10:18:23.696089+05:30,,f,
d391dd22-8d6f-4f9b-8830-482ca2733147,15716,PIGL,Power & Instrumentation (Gujarat) Limited,NSE,INE557Z01018,NSE_EQ,254.21,t,2026-08-11 11:53:07.866247+05:30,2026-08-13 10:18:23.696089+05:30,https://dhanarthi-stockguru.s3.amazonaws.com/company_logos_webp/PIGL.webp,f,
d3f182fc-2c0d-4015-8c34-76c83569628b,13753,MANOMAY,Manomay Tex India Limited,NSE,INE784W01015,NSE_EQ,344.16,t,2026-08-11 11:53:08.833281+05:30,2026-08-13 10:18:23.696089+05:30,https://dhanarthi-stockguru.s3.amazonaws.com/company_logos_webp/MANOMAY.webp,f,
d41f8061-81ba-492d-8a90-453f8fd0f343,11909,SWELECTES,Swelect Energy Systems Limited,NSE,INE409B01013,NSE_EQ,1110.25,t,2026-08-11 11:53:08.516446+05:30,2026-08-13 10:18:23.696089+05:30,https://dhanarthi-stockguru.s3.amazonaws.com/company_logos_webp/SWELECTES.webp,t,2 x
d425cb6c-cc7c-464f-8d5e-82c29d476a6c,7358,DATAPATTNS,Data Patterns (India) Limited,NSE,INE0IX101010,NSE_EQ,15270.23,t,2026-08-11 11:53:07.430242+05:30,2026-08-13 10:18:23.696089+05:30,,t,2.53 x
d43ba2bf-652a-44ad-960f-0b6b4e1242cc,27291,APEXECO,APEXECO,NSE,INE0T4V01015,NSE_EQ,169.4,t,2026-08-11 11:53:09.333826+05:30,2026-08-13 10:18:23.696089+05:30,,f,
d4446994-806a-477c-ad68-bfcf7ce34e42,22670,RPTECH,Rashi Peripherals Limited,NSE,INE0J1F01024,NSE_EQ,2079.98,t,2026-08-11 11:53:07.949549+05:30,2026-08-13 10:18:23.696089+05:30,https://dhanarthi-stockguru.s3.amazonaws.com/company_logos_webp/RPTECH.webp,t,1 x
d45ced6d-7e76-4469-9e60-ca2e7b16fde2,6054,CYBERTECH,Cybertech Systems And Software Limited,NSE,INE214A01019,NSE_EQ,501.48,t,2026-08-11 11:53:07.423337+05:30,2026-08-13 10:18:23.696089+05:30,https://dhanarthi-stockguru.s3.amazonaws.com/company_logos_webp/CYBERTECH.webp,f,
d46a931f-21e8-472f-ad19-2d7158d8b373,19352,PROLIFE,PROLIFE,NSE,INE994V01012,NSE_EQ,47.73,t,2026-08-11 11:53:09.501618+05:30,2026-08-13 10:18:23.696089+05:30,https://dhanarthi-stockguru.s3.amazonaws.com/company_logos_webp/PROLIFE.webp,f,
d4706e27-e910-4956-8376-0c43b3032092,11293,UNIENTER,Uniphos Enterprises Limited,NSE,INE037A01022,NSE_EQ,1048.96,t,2026-08-11 11:53:08.798732+05:30,2026-08-13 10:18:23.696089+05:30,https://dhanarthi-stockguru.s3.amazonaws.com/company_logos_webp/UNIENTER.webp,f,
d4ad5605-0424-4e42-a479-a8e8c6e78d56,13496,PFOCUS,Prime Focus Limited,NSE,INE367G01038,NSE_EQ,7181.96,t,2026-08-11 11:53:07.866247+05:30,2026-08-13 10:18:23.696089+05:30,https://dhanarthi-stockguru.s3.amazonaws.com/company_logos_webp/PFOCUS.webp,f,
d4eaa3a2-22b4-4cce-b60b-ce28bfcc78be,17186,SHRIPISTON,Shriram Pistons & Rings Limited,NSE,INE526E01018,NSE_EQ,11712.37,t,2026-08-11 11:53:08.015739+05:30,2026-08-13 10:18:23.696089+05:30,https://dhanarthi-stockguru.s3.amazonaws.com/company_logos_webp/SHRIPISTON.webp,t,2.95 x
d512b5b1-2b1e-404d-92be-f61c78a44092,24701,BULKCORP,BULKCORP,NSE,INE0SZ301012,NSE_EQ,54.02,t,2026-08-11 11:53:09.500111+05:30,2026-08-13 10:18:23.696089+05:30,,f,
d52222e6-dabe-47a2-8e59-89e703161b6e,30108,ABFRL,Aditya Birla Fashion and Retail Limited,NSE,INE647O01011,NSE_EQ,9755.6,t,2026-08-11 11:53:07.26652+05:30,2026-08-13 10:18:23.696089+05:30,https://dhanarthi-stockguru.s3.amazonaws.com/company_logos_webp/ABFRL.webp,t,3.05 x
d52da4dc-886a-4431-80a7-4e0b3c997159,17971,SBICARD,SBI Cards and Payment Services Limited,NSE,INE018E01016,NSE_EQ,82608.72,t,2026-08-11 11:53:08.016442+05:30,2026-08-13 10:18:23.696089+05:30,https://dhanarthi-stockguru.s3.amazonaws.com/company_logos_webp/SBICARD.webp,t,4.55 x
d53c57d4-66a5-4e91-9d31-6bc32f71f05f,11374,TIPSFILMS,Tips Films Limited,NSE,INE0LQS01015,NSE_EQ,198.05,t,2026-08-11 11:53:08.666851+05:30,2026-08-13 10:18:23.696089+05:30,https://dhanarthi-stockguru.s3.amazonaws.com/company_logos_webp/TIPSFILMS.webp,f,
d57146f6-bdb0-4212-aeff-bd7f5060025e,3481,THOMASCOOK,Thomas Cook  (India)  Limited,NSE,INE332A01027,NSE_EQ,7550.77,t,2026-08-11 11:53:08.65603+05:30,2026-08-13 10:18:23.696089+05:30,https://dhanarthi-stockguru.s3.amazonaws.com/company_logos_webp/THOMASCOOK.webp,t,2.73 x
d5959cb7-cf39-4ee4-9b2c-fbec6ca7a914,13951,PARACABLES,Paramount Communications Limited,NSE,INE074B01023,NSE_EQ,1413.7,t,2026-08-11 11:53:07.832918+05:30,2026-08-13 10:18:23.696089+05:30,https://dhanarthi-stockguru.s3.amazonaws.com/company_logos_webp/PARACABLES.webp,t,1 x
d595faf7-ed75-45a1-afcd-830d8634bdc5,16943,ASHOKAMET,Ashoka Metcast Limited,NSE,INE760Y01011,NSE_EQ,41.77,t,2026-08-11 11:53:07.316014+05:30,2026-08-13 10:18:23.696089+05:30,https://dhanarthi-stockguru.s3.amazonaws.com/company_logos_webp/ASHOKAMET.webp,f,
d5981adf-f238-49a4-b423-9eb378deca2b,913,EQUITASBNK,Equitas Small Finance Bank Limited,NSE,INE063P01018,NSE_EQ,6724.68,t,2026-08-11 11:53:08.950386+05:30,2026-08-13 10:18:23.696089+05:30,,t,3.14 x
d5c0ca49-e0fa-4950-9a4c-6fe094ca0aaf,7420,MANAKALUCO,Manaksia Aluminium Company Limited,NSE,INE859Q01017,NSE_EQ,185.28,t,2026-08-11 11:53:08.823566+05:30,2026-08-13 10:18:23.696089+05:30,https://dhanarthi-stockguru.s3.amazonaws.com/company_logos_webp/MANAKALUCO.webp,f,
d5caceca-d2bb-435f-b2d9-e786049de628,817,DCW,DCW Limited,NSE,INE500A01029,NSE_EQ,2058.18,t,2026-08-11 11:53:07.432694+05:30,2026-08-13 10:18:23.696089+05:30,https://dhanarthi-stockguru.s3.amazonaws.com/company_logos_webp/DCW.webp,t,2.69 x
d5ce5571-13df-4e17-ac28-62f9f39def6f,3950,JAKHARIA,JAKHARIA,NSE,INE00N401018,NSE_EQ,55.93,t,2026-08-11 11:53:09.48377+05:30,2026-08-13 10:18:23.696089+05:30,https://dhanarthi-stockguru.s3.amazonaws.com/company_logos_webp/JAKHARIA.webp,f,
d5d0b6f3-169b-4d2e-a37a-9cecbfc6f7c2,2107,STOVEKRAFT,Stove Kraft Limited,NSE,INE00IN01015,NSE_EQ,2112.75,t,2026-08-11 11:53:08.370496+05:30,2026-08-13 10:18:23.696089+05:30,https://dhanarthi-stockguru.s3.amazonaws.com/company_logos_webp/STOVEKRAFT.webp,t,2.5 x
d5db867a-c7cc-485f-9da9-25997f64b000,23468,CGRAPHICS,CGRAPHICS,NSE,INE0R7401011,NSE_EQ,515.6,t,2026-08-11 11:53:09.233275+05:30,2026-08-13 10:18:23.696089+05:30,https://dhanarthi-stockguru.s3.amazonaws.com/company_logos_webp/CGRAPHICS.webp,f,
d5e4d902-0621-493e-8da9-3d2a181a403d,10986,TAPIFRUIT,TAPIFRUIT,NSE,INE0M7001010,NSE_EQ,36.51,t,2026-08-11 11:53:09.533354+05:30,2026-08-13 10:18:23.696089+05:30,https://dhanarthi-stockguru.s3.amazonaws.com/company_logos_webp/TAPIFRUIT.webp,f,
d5f5bae1-6cd9-40af-bdc5-6ecc3db4a139,6545,NYKAA,FSN E-Commerce Ventures Limited,NSE,INE388Y01029,NSE_EQ,68606.35,t,2026-08-11 11:53:07.76627+05:30,2026-08-13 10:18:23.696089+05:30,https://dhanarthi-stockguru.s3.amazonaws.com/company_logos_webp/NYKAA.webp,t,4.35 x
d62ec6aa-f9ce-41b3-a930-48683c8b7834,758453,CONNPLEX,CONNPLEX,NSE,INE0EAS01014,NSE_EQ,420.56,t,2026-08-11 11:53:09.249972+05:30,2026-08-13 10:18:23.696089+05:30,,f,
d6580547-7f0f-429a-b72f-6b8635f49124,7030,ASIANENE,Asian Energy Services Limited,NSE,INE276G01015,NSE_EQ,1447.05,t,2026-08-11 11:53:07.316014+05:30,2026-08-13 10:18:23.696089+05:30,,t,2.5 x
d677e159-1949-4e1f-bdd2-278ffcfe9232,763637,VIVIANA,Viviana Power Tech Limited,NSE,INE0MEG01014,NSE_EQ,859.32,t,2026-08-11 11:53:09.150053+05:30,2026-08-13 10:18:23.696089+05:30,https://dhanarthi-stockguru.s3.amazonaws.com/company_logos_webp/VIVIANA.webp,f,
d68efe66-e25b-460a-9256-50aba58b8fb5,758185,BLUEWATER,BLUEWATER,NSE,INE0X3M01010,NSE_EQ,169.39,t,2026-08-11 11:53:09.333826+05:30,2026-08-13 10:18:23.696089+05:30,,f,
d6c9ec72-f98e-406d-9b6f-1c69de004b26,14687,GOACARBON,Goa Carbon Limited,NSE,INE426D01013,NSE_EQ,407.1,t,2026-08-11 11:53:08.349673+05:30,2026-08-13 10:18:23.696089+05:30,https://dhanarthi-stockguru.s3.amazonaws.com/company_logos_webp/GOACARBON.webp,t,1 x
d6f4b58b-8ae1-4902-90be-8fa7a81fc588,11935,SPLIL,SPL Industries Limited,NSE,INE978G01016,NSE_EQ,113.79,t,2026-08-11 11:53:08.316303+05:30,2026-08-13 10:18:23.696089+05:30,https://dhanarthi-stockguru.s3.amazonaws.com/company_logos_webp/SPLIL.webp,f,
d722762a-00f0-41e4-b997-da000a943af1,2259,MOREPENLAB,Morepen Laboratories Limited,NSE,INE083A01026,NSE_EQ,2738.1,t,2026-08-11 11:53:07.67541+05:30,2026-08-13 10:18:23.696089+05:30,https://dhanarthi-stockguru.s3.amazonaws.com/company_logos_webp/MOREPENLAB.webp,t,2.5 x
d727cf38-eb6e-44c1-a42b-e269699e516a,5162,TATVA,Tatva Chintan Pharma Chem Limited,NSE,INE0GK401011,NSE_EQ,2815.49,t,2026-08-11 11:53:08.587055+05:30,2026-08-13 10:18:23.696089+05:30,https://dhanarthi-stockguru.s3.amazonaws.com/company_logos_webp/TATVA.webp,t,1.56 x
d72cdeb8-6cb7-407f-9ab7-da57482de59f,16639,KIRIINDUS,Kiri Industries Limited,NSE,INE415I01015,NSE_EQ,3265.07,t,2026-08-11 11:53:08.635351+05:30,2026-08-13 10:18:23.696089+05:30,https://dhanarthi-stockguru.s3.amazonaws.com/company_logos_webp/KIRIINDUS.webp,t,2.74 x
d7315d25-4276-4c8d-b4b3-7e0c9490c782,5701,CUB,City Union Bank Limited,NSE,INE491A01021,NSE_EQ,17204.29,t,2026-08-11 11:53:08.933682+05:30,2026-08-13 10:18:23.696089+05:30,https://dhanarthi-stockguru.s3.amazonaws.com/company_logos_webp/CUB.webp,t,3.14 x
d75c7bce-7e13-41fa-9cd0-8c038810d79e,7105,TEGA,Tega Industries Limited,NSE,INE011K01018,NSE_EQ,12681.98,t,2026-08-11 11:53:08.599841+05:30,2026-08-13 10:18:23.696089+05:30,https://dhanarthi-stockguru.s3.amazonaws.com/company_logos_webp/TEGA.webp,t,3.13 x
d781b593-33ad-4fb0-97aa-dd6191330705,17778,ATL,Allcargo Terminals Limited,NSE,INE0NN701020,NSE_EQ,772.28,t,2026-08-11 11:53:07.333244+05:30,2026-08-13 10:18:23.696089+05:30,https://dhanarthi-stockguru.s3.amazonaws.com/company_logos_webp/ATL.webp,t,1 x
d7a690f6-0547-42d2-869b-9edbe274ea92,18614,SAMHI,Samhi Hotels Limited,NSE,INE08U801020,NSE_EQ,4524.75,t,2026-08-11 11:53:09.100075+05:30,2026-08-13 10:18:23.696089+05:30,https://dhanarthi-stockguru.s3.amazonaws.com/company_logos_webp/SAMHI.webp,t,3.02 x
d7bfa0b1-2407-4c18-b882-5c836cf7c4b0,8827,AVROIND,AVRO INDIA LIMITED,NSE,INE652Z01025,NSE_EQ,187.79,t,2026-08-11 11:53:08.152119+05:30,2026-08-13 10:18:23.696089+05:30,https://dhanarthi-stockguru.s3.amazonaws.com/company_logos_webp/AVROIND.webp,f,
d7c52b51-8c5a-4195-ad4f-76585a8adddb,14058,SANGHVIMOV,Sanghvi Movers Limited,NSE,INE989A01032,NSE_EQ,2893.82,t,2026-08-11 11:53:09.100075+05:30,2026-08-13 10:18:23.696089+05:30,https://dhanarthi-stockguru.s3.amazonaws.com/company_logos_webp/SANGHVIMOV.webp,t,2.54 x
d8072a3d-f445-4a3a-ac7b-e7363a22746d,5501,YUKEN,Yuken India Limited,NSE,INE384C01016,NSE_EQ,1288.98,t,2026-08-11 11:53:09.183625+05:30,2026-08-13 10:18:23.696089+05:30,https://dhanarthi-stockguru.s3.amazonaws.com/company_logos_webp/YUKEN.webp,t,2 x
d8284423-4bf6-4121-aedc-e31a24a692de,24730,RUBFILA,Rubfila International Limited,NSE,INE642C01025,NSE_EQ,433.88,t,2026-08-11 11:53:09.083277+05:30,2026-08-13 10:18:23.711724+05:30,,f,
d8481382-c948-4748-9917-e8cd4ba23900,1512,INDHOTEL,The Indian Hotels Company Limited,NSE,INE053A01029,NSE_EQ,105954.19,t,2026-08-11 11:53:07.599427+05:30,2026-08-13 10:18:23.711724+05:30,https://dhanarthi-stockguru.s3.amazonaws.com/company_logos_webp/INDHOTEL.webp,t,4.35 x
d84a0f3d-7fb3-45c3-8ca2-e45415820265,28687,MAMATA,Mamata Machinery Limited,NSE,INE0TO701015,NSE_EQ,1086.06,t,2026-08-11 11:53:08.823566+05:30,2026-08-13 10:18:23.711724+05:30,,t,2.5 x
d8652da3-6b8b-4cf9-88d4-4e0bfc82e752,759210,TRUALT,TruAlt Bioenergy Limited,NSE,INE0MWH01014,NSE_EQ,3820.9,t,2026-08-11 11:53:08.749803+05:30,2026-08-13 10:18:23.711724+05:30,,t,2.86 x
d8903570-33ec-4a58-b9e1-a7ac9b35a1a2,13121,KERNEX,Kernex Microsystems (India) Limited,NSE,INE202H01019,NSE_EQ,1924.99,t,2026-08-11 11:53:08.616446+05:30,2026-08-13 10:18:23.711724+05:30,https://dhanarthi-stockguru.s3.amazonaws.com/company_logos_webp/KERNEX.webp,t,1 x
d8954e51-4fd1-46fa-9a59-71a29739c499,757587,MAYASHEEL,MAYASHEEL,NSE,INE0ZTO01018,NSE_EQ,136.3,t,2026-08-11 11:53:09.367101+05:30,2026-08-13 10:18:23.713126+05:30,,f,
d8b8b412-3ed2-4973-9456-4b7964ed0dc5,14111,NETWORK18,Network18 Media & Investments Limited,NSE,INE870H01013,NSE_EQ,7921.21,t,2026-08-11 11:53:08.966518+05:30,2026-08-13 10:18:23.713126+05:30,https://dhanarthi-stockguru.s3.amazonaws.com/company_logos_webp/NETWORK18.webp,t,2.87 x
d8bf5b43-64aa-4401-ab4a-682e13835594,760740,AMAGI,Amagi Media Labs Limited,NSE,INE121R01077,NSE_EQ,,t,2026-08-11 11:53:08.086537+05:30,2026-08-13 10:18:23.713126+05:30,,t,3.15 x
d8fc73e7-8d58-4ad2-b944-24953ce7c2d2,762636,DAICHI,Dai-Ichi Karkaria Limited,NSE,INE928C01010,NSE_EQ,,t,2026-08-11 11:53:08.234674+05:30,2026-08-13 10:18:23.713126+05:30,,f,
d9174a1d-43ee-4932-8810-b3dc19f3ff9b,"",ABAN,Aban Offshore Limited,NSE,INE421A01028,NSE_EQ,238.6,t,2026-08-11 11:53:08.033343+05:30,2026-08-13 10:18:23.713126+05:30,https://dhanarthi-stockguru.s3.amazonaws.com/company_logos_webp/ABAN.webp,f,
d926506d-3469-4b6a-a07d-8aaba78e302f,18654,CHAVDA,CHAVDA,NSE,INE0PT101017,NSE_EQ,273.79,t,2026-08-11 11:53:09.266611+05:30,2026-08-13 10:18:23.713126+05:30,https://dhanarthi-stockguru.s3.amazonaws.com/company_logos_webp/CHAVDA.webp,f,
d9345195-96a8-467c-87b9-159a91eaf1ae,3220,LODHA,Lodha Developers Limited,NSE,INE670K01029,NSE_EQ,120401.05,t,2026-08-11 11:53:08.783106+05:30,2026-08-13 10:18:23.713126+05:30,https://dhanarthi-stockguru.s3.amazonaws.com/company_logos_webp/LODHA.webp,t,3.74 x
d93565cb-1a4f-4e5f-9cc9-282443847992,757614,ARIS,Arisinfra Solutions Limited,NSE,INE0H9P01028,NSE_EQ,,t,2026-08-11 11:53:08.11928+05:30,2026-08-13 10:18:23.713126+05:30,,t,2 x
d94d25b0-1d0c-403b-9f70-28409a5eede8,6164,BHAGCHEM,Bhagiradha Chemicals & Industries Limited,NSE,INE414D01027,NSE_EQ,3417.39,t,2026-08-11 11:53:08.183371+05:30,2026-08-13 10:18:23.713126+05:30,https://dhanarthi-stockguru.s3.amazonaws.com/company_logos_webp/BHAGCHEM.webp,t,2.5 x
d94e3725-d6bb-4751-8cf7-f9555880b59e,2056,HOMEFIRST,Home First Finance Company India Limited,NSE,INE481N01025,NSE_EQ,12784.63,t,2026-08-11 11:53:07.594289+05:30,2026-08-13 10:18:23.713126+05:30,https://dhanarthi-stockguru.s3.amazonaws.com/company_logos_webp/HOMEFIRST.webp,t,2.97 x
d968da6b-4ef9-4468-9e8f-ee5f462917f7,759169,MWL,Mangalam Worldwide Limited,NSE,INE0JYY01029,NSE_EQ,648.35,t,2026-08-11 11:53:07.699563+05:30,2026-08-13 10:18:23.713126+05:30,https://dhanarthi-stockguru.s3.amazonaws.com/company_logos_webp/MWL.webp,f,
d96e96d8-c2f5-4d6f-bdc5-c62ef8d73b5a,23056,JGCHEM,J.G.Chemicals Limited,NSE,INE0MB501011,NSE_EQ,1717.36,t,2026-08-11 11:53:08.515889+05:30,2026-08-13 10:18:23.713126+05:30,https://dhanarthi-stockguru.s3.amazonaws.com/company_logos_webp/JGCHEM.webp,t,2.5 x
d98323f4-3233-43e3-a5c8-956f2808a33f,11667,DWARKESH,Dwarikesh Sugar Industries Limited,NSE,INE366A01041,NSE_EQ,786.96,t,2026-08-11 11:53:07.449913+05:30,2026-08-13 10:18:23.713126+05:30,,t,2 x
d9925058-4584-4009-ab95-3b75b32ff4d9,2614,HERANBA,Heranba Industries Limited,NSE,INE694N01015,NSE_EQ,1251,t,2026-08-11 11:53:08.390006+05:30,2026-08-13 10:18:23.713126+05:30,https://dhanarthi-stockguru.s3.amazonaws.com/company_logos_webp/HERANBA.webp,t,2 x
d993cec7-d5e8-4f1a-9ba8-d65bdc6ffba1,7982,GRWRHITECH,Garware Hi-Tech Films Limited,NSE,INE291A01017,NSE_EQ,7870.85,t,2026-08-11 11:53:08.966518+05:30,2026-08-13 10:18:23.713126+05:30,https://dhanarthi-stockguru.s3.amazonaws.com/company_logos_webp/GRWRHITECH.webp,t,2.39 x
d9d29468-f6de-4377-b127-b8948a962f14,23379,NAMAN,NAMAN,NSE,INE0RJM01010,NSE_EQ,111.13,t,2026-08-11 11:53:09.402111+05:30,2026-08-13 10:18:23.713126+05:30,https://dhanarthi-stockguru.s3.amazonaws.com/company_logos_webp/NAMAN.webp,f,
da143308-a04d-4e29-b508-d786ee45001e,6913,RPPL,Rajshree Polypack Limited,NSE,INE760W01023,NSE_EQ,157.47,t,2026-08-11 11:53:07.949549+05:30,2026-08-13 10:18:23.713126+05:30,https://dhanarthi-stockguru.s3.amazonaws.com/company_logos_webp/RPPL.webp,f,
da2a6c50-5a13-4b9e-9802-f5eb846696e8,19157,INSPIRE,INSPIRE,NSE,INE0NDX01019,NSE_EQ,22.77,t,2026-08-11 11:53:09.550065+05:30,2026-08-13 10:18:23.713126+05:30,https://dhanarthi-stockguru.s3.amazonaws.com/company_logos_webp/INSPIRE.webp,f,
da535b70-f8c6-45dd-8ea9-2f0fa9354f71,1333,HDFCBANK,HDFC Bank Limited,NSE,INE040A01034,NSE_EQ,1515580.9,t,2026-08-11 11:53:07.566237+05:30,2026-08-13 10:18:23.713126+05:30,https://dhanarthi-stockguru.s3.amazonaws.com/company_logos_webp/HDFCBANK.webp,t,4.55 x
da62ee4a-1b25-4228-957f-ab523e8629b5,24809,UNIECOM,Unicommerce Esolutions Limited,NSE,INE00U401027,NSE_EQ,1379.96,t,2026-08-11 11:53:08.783106+05:30,2026-08-13 10:18:23.713126+05:30,,t,2.5 x
da74ef06-16ff-4666-8942-5f700a2bd985,1145,GIPCL,Gujarat Industries Power Company Limited,NSE,INE162A01010,NSE_EQ,2838.88,t,2026-08-11 11:53:07.533088+05:30,2026-08-13 10:18:23.713126+05:30,https://dhanarthi-stockguru.s3.amazonaws.com/company_logos_webp/GIPCL.webp,t,2.5 x
da7c38bc-e997-4ff7-b26f-a215b753db81,2868,HITECH,Hi-Tech Pipes Limited,NSE,INE106T01025,NSE_EQ,2044.67,t,2026-08-11 11:53:08.399736+05:30,2026-08-13 10:18:23.713126+05:30,https://dhanarthi-stockguru.s3.amazonaws.com/company_logos_webp/HITECH.webp,t,2.5 x
da7eb071-eb6a-4421-9b19-2b8b1e6c5323,13298,VISACHROME,VISA Chrome Limited,NSE,INE286H01012,NSE_EQ,,t,2026-08-11 11:53:08.849813+05:30,2026-08-13 10:18:23.713126+05:30,,f,
da93c1e5-c677-4166-ade8-b429f4198be4,958,ESCORTS,Escorts Kubota Limited,NSE,INE042A01014,NSE_EQ,40134.2,t,2026-08-11 11:53:07.486795+05:30,2026-08-13 10:18:23.713126+05:30,https://dhanarthi-stockguru.s3.amazonaws.com/company_logos_webp/ESCORTS.webp,t,3.33 x
dabf7377-5f83-4299-b540-24865f9e698a,13560,GRINDWELL,Grindwell Norton Limited,NSE,INE536A01023,NSE_EQ,17857.48,t,2026-08-11 11:53:08.370496+05:30,2026-08-13 10:18:23.713126+05:30,https://dhanarthi-stockguru.s3.amazonaws.com/company_logos_webp/GRINDWELL.webp,t,2.98 x
dac9611c-b942-4b18-a4fe-fc1d1cb4aa92,762854,QUINT,Quint Digital Limited,NSE,INE641R01017,NSE_EQ,,t,2026-08-11 11:53:08.639972+05:30,2026-08-13 10:18:23.713126+05:30,,f,
dacb44ce-5734-436c-a3f1-b1c54842f5b6,17357,GKWLIMITED,GKW Limited,NSE,INE528A01020,NSE_EQ,1030.11,t,2026-08-11 11:53:07.533088+05:30,2026-08-13 10:18:23.713126+05:30,https://dhanarthi-stockguru.s3.amazonaws.com/company_logos_webp/GKWLIMITED.webp,f,
dad66021-b825-488d-acd4-71a885aa48b0,11999,FCSSOFT,FCS Software Solutions Limited,NSE,INE512B01022,NSE_EQ,394.47,t,2026-08-11 11:53:07.499428+05:30,2026-08-13 10:18:23.713126+05:30,https://dhanarthi-stockguru.s3.amazonaws.com/company_logos_webp/FCSSOFT.webp,f,
dae15b16-9fd9-468e-a333-afbfe1537fe0,760946,KWIL,Kwality Wall's (India) Limited,NSE,INE2KCE01013,NSE_EQ,,t,2026-08-11 11:53:08.483046+05:30,2026-08-13 10:18:23.713126+05:30,,t,2.86 x
db3e1498-bfdf-40f4-b308-d5d846fc9d03,20303,GANDHAR,Gandhar Oil Refinery (India) Limited,NSE,INE717W01049,NSE_EQ,1437.41,t,2026-08-11 11:53:08.331201+05:30,2026-08-13 10:18:23.713126+05:30,https://dhanarthi-stockguru.s3.amazonaws.com/company_logos_webp/GANDHAR.webp,t,2.5 x
db51e413-1d30-448b-bea7-d88336408f14,14459,LEXUS,Lexus Granito (India) Limited,NSE,INE500X01013,NSE_EQ,59.21,t,2026-08-11 11:53:08.756631+05:30,2026-08-13 10:18:23.713126+05:30,https://dhanarthi-stockguru.s3.amazonaws.com/company_logos_webp/LEXUS.webp,f,
db5228af-8a28-4895-bef6-a6c06dfc1787,15346,SHALPAINTS,Shalimar Paints Limited,NSE,INE849C01026,NSE_EQ,638.04,t,2026-08-11 11:53:07.986943+05:30,2026-08-13 10:18:23.713126+05:30,https://dhanarthi-stockguru.s3.amazonaws.com/company_logos_webp/SHALPAINTS.webp,f,
db53daf5-2934-4afc-b7f1-1050de510665,368,BASF,BASF India Limited,NSE,INE373A01013,NSE_EQ,19610.76,t,2026-08-11 11:53:07.357961+05:30,2026-08-13 10:18:23.713126+05:30,https://dhanarthi-stockguru.s3.amazonaws.com/company_logos_webp/BASF.webp,t,3.22 x
db655c74-5424-4966-b203-497633ea33fc,9641,KHANDSE,Khandwala Securities Limited,NSE,INE060B01014,NSE_EQ,35.6,t,2026-08-11 11:53:08.633213+05:30,2026-08-13 10:18:23.713126+05:30,https://dhanarthi-stockguru.s3.amazonaws.com/company_logos_webp/KHANDSE.webp,f,
db771c93-11f9-457d-8203-3c73a55cea93,3912,KHAITANLTD,Khaitan (India) Limited,NSE,INE731C01018,NSE_EQ,55.17,t,2026-08-11 11:53:08.631487+05:30,2026-08-13 10:18:23.713126+05:30,https://dhanarthi-stockguru.s3.amazonaws.com/company_logos_webp/KHAITANLTD.webp,f,
db7e8e71-142c-447d-8f11-041766d524a4,5751,SANSERA,Sansera Engineering Limited,NSE,INE953O01021,NSE_EQ,9107.24,t,2026-08-11 11:53:07.970286+05:30,2026-08-13 10:18:23.713126+05:30,https://dhanarthi-stockguru.s3.amazonaws.com/company_logos_webp/SANSERA.webp,t,3.01 x
dba77889-d9da-46e6-9beb-f4f4570565d3,6943,TARSONS,Tarsons Products Limited,NSE,INE144Z01023,NSE_EQ,1608.49,t,2026-08-11 11:53:08.555275+05:30,2026-08-13 10:18:23.713126+05:30,https://dhanarthi-stockguru.s3.amazonaws.com/company_logos_webp/TARSONS.webp,t,1.56 x
dbc35b89-4c6c-47ff-a9dd-5b2f1763c1e3,18119,SRGHFL,SRG Housing Finance Limited,NSE,INE559N01010,NSE_EQ,465.29,t,2026-08-11 11:53:08.333105+05:30,2026-08-13 10:18:23.713126+05:30,https://dhanarthi-stockguru.s3.amazonaws.com/company_logos_webp/SRGHFL.webp,f,
dc04eece-91e0-4716-9dec-444832e1ae87,762643,DISAQ,Disa India Limited,NSE,INE131C01011,NSE_EQ,,t,2026-08-11 11:53:08.249896+05:30,2026-08-13 10:18:23.713126+05:30,,f,
dc210a42-7e69-4abc-bd35-ca2d0bea61cc,261,NIRAJ,Niraj Cement Structurals Limited,NSE,INE368I01016,NSE_EQ,242.64,t,2026-08-11 11:53:07.743226+05:30,2026-08-13 10:18:23.713126+05:30,https://dhanarthi-stockguru.s3.amazonaws.com/company_logos_webp/NIRAJ.webp,f,
dc22825a-5fe2-4f91-a005-fe55622b85eb,6141,PANSARI,Pansari Developers Limited,NSE,INE697V01011,NSE_EQ,470.52,t,2026-08-11 11:53:07.832918+05:30,2026-08-13 10:18:23.713126+05:30,https://dhanarthi-stockguru.s3.amazonaws.com/company_logos_webp/PANSARI.webp,f,
dc2421e4-80cc-4bfb-9346-074507d92c0b,757520,BLUSPRING,Bluspring Enterprises Limited,NSE,INE0U4101014,NSE_EQ,1172.53,t,2026-08-11 11:53:07.384171+05:30,2026-08-13 10:18:23.713126+05:30,,t,1 x
dc2c8b15-e1ae-4b54-85ff-9956b8ecd818,7529,LCCINFOTEC,LCC Infotech Limited,NSE,INE938A01021,NSE_EQ,55.9,t,2026-08-11 11:53:08.738164+05:30,2026-08-13 10:18:23.713126+05:30,,f,
dc3ed374-716a-4b9b-aa09-900cbdbd887f,383,BEL,Bharat Electronics Limited,NSE,INE263A01024,NSE_EQ,293011.61,t,2026-08-11 11:53:07.366537+05:30,2026-08-13 10:18:23.713126+05:30,https://dhanarthi-stockguru.s3.amazonaws.com/company_logos_webp/BEL.webp,t,4.35 x
dc621445-c0b5-4c1d-94a9-45d62633038b,18931,SUNDARAM,Sundaram Multi Pap Limited,NSE,INE108E01023,NSE_EQ,92.3,t,2026-08-11 11:53:08.466626+05:30,2026-08-13 10:18:23.713126+05:30,https://dhanarthi-stockguru.s3.amazonaws.com/company_logos_webp/SUNDARAM.webp,f,
dc761327-c923-4baa-bca4-385b0d2155dd,29149,NAVKARURB,Navkar Urbanstructure Limited,NSE,INE268H01044,NSE_EQ,239.33,t,2026-08-11 11:53:08.960894+05:30,2026-08-13 10:18:23.713126+05:30,,f,
dc7b3ed7-1649-4911-914f-2ee28ed87ecd,14797,SIGMAADV,SIGMA ADVANCED SYSTEMS LIMITED,NSE,INE933B01012,NSE_EQ,,t,2026-08-11 11:53:08.738164+05:30,2026-08-13 10:18:23.713126+05:30,,f,
dcc162e0-ad7d-47f4-bffa-b06a736c1f85,10159,ORICONENT,Oricon Enterprises Limited,NSE,INE730A01022,NSE_EQ,842.94,t,2026-08-11 11:53:07.81617+05:30,2026-08-13 10:18:23.713126+05:30,https://dhanarthi-stockguru.s3.amazonaws.com/company_logos_webp/ORICONENT.webp,t,2 x
dcff01cf-8b5e-4385-bc83-c0d50830b2e1,759728,EMMVEE,Emmvee Photovoltaic Power Limited,NSE,INE1C6T01020,NSE_EQ,14164.33,t,2026-08-11 11:53:08.950386+05:30,2026-08-13 10:18:23.713126+05:30,,t,2.89 x
dd2a8075-39eb-4371-8de2-64f565386975,760242,PNGSREVA,PNGS Reva Diamond Jewellery Limited,NSE,INE1RDG01013,NSE_EQ,,t,2026-08-11 11:53:08.616446+05:30,2026-08-13 10:18:23.713126+05:30,,t,2 x
dd3d941d-4231-4810-8a5c-1c90d5b78639,559,BSL,BSL Limited,NSE,INE594B01012,NSE_EQ,172.78,t,2026-08-11 11:53:08.202533+05:30,2026-08-13 10:18:23.713126+05:30,https://dhanarthi-stockguru.s3.amazonaws.com/company_logos_webp/BSL.webp,f,
dd4f16d7-8298-4dd6-8aae-cb7fe93ebb2c,11939,AMIABLE,AMIABLE,NSE,INE0MTP01013,NSE_EQ,12.05,t,2026-08-11 11:53:09.574228+05:30,2026-08-13 10:18:23.713126+05:30,https://dhanarthi-stockguru.s3.amazonaws.com/company_logos_webp/AMIABLE.webp,f,
dd562730-eed1-4d96-8cbd-cbb7e9996d78,758973,VIKRAN,Vikran Engineering Limited,NSE,INE01R501028,NSE_EQ,2592.1,t,2026-08-11 11:53:09.133227+05:30,2026-08-13 10:18:23.728785+05:30,,t,2.5 x
dd73212d-b35f-421d-a988-4624fa83aa5a,15355,RECLTD,REC Limited,NSE,INE020B01018,NSE_EQ,98212.67,t,2026-08-11 11:53:09.066591+05:30,2026-08-13 10:18:23.728785+05:30,https://dhanarthi-stockguru.s3.amazonaws.com/company_logos_webp/RECLTD.webp,t,4.24 x
dd84bf44-f1c6-4d7f-9fa1-2b7ff66eadf7,530,BPL,BPL Limited,NSE,INE110A01019,NSE_EQ,368.4,t,2026-08-11 11:53:08.200025+05:30,2026-08-13 10:18:23.728785+05:30,https://dhanarthi-stockguru.s3.amazonaws.com/company_logos_webp/BPL.webp,f,
dd931799-c082-4a74-9b6a-8ba633437cda,4843,SNOWMAN,Snowman Logistics Limited,NSE,INE734N01019,NSE_EQ,851.73,t,2026-08-11 11:53:08.249896+05:30,2026-08-13 10:18:23.728785+05:30,https://dhanarthi-stockguru.s3.amazonaws.com/company_logos_webp/SNOWMAN.webp,t,2 x
dda0e676-2911-40d8-9db8-9a3cf0f4d0d6,21704,DCAL,Dishman Carbogen Amcis Limited,NSE,INE385W01011,NSE_EQ,4104.47,t,2026-08-11 11:53:08.249896+05:30,2026-08-13 10:18:23.728785+05:30,https://dhanarthi-stockguru.s3.amazonaws.com/company_logos_webp/DCAL.webp,t,2.46 x
dda9d098-f9e9-466d-878e-b1c15e3a5dbf,15141,COLPAL,Colgate Palmolive (India) Limited,NSE,INE259A01022,NSE_EQ,61274.56,t,2026-08-11 11:53:07.416448+05:30,2026-08-13 10:18:23.728785+05:30,https://dhanarthi-stockguru.s3.amazonaws.com/company_logos_webp/COLPAL.webp,t,4.55 x
ddb9c7d1-1bbb-4d2e-b311-0549ee2d45a5,20322,FEDFINA,Fedbank Financial Services Limited,NSE,INE007N01010,NSE_EQ,5218.71,t,2026-08-11 11:53:07.499428+05:30,2026-08-13 10:18:23.728785+05:30,https://dhanarthi-stockguru.s3.amazonaws.com/company_logos_webp/FEDFINA.webp,t,2.99 x
ddc357f7-0f2d-47b6-9d2e-5c64b749118f,17766,ZEAL,ZEAL,NSE,INE0PPS01018,NSE_EQ,151.69,t,2026-08-11 11:53:09.361041+05:30,2026-08-13 10:18:23.728785+05:30,https://dhanarthi-stockguru.s3.amazonaws.com/company_logos_webp/ZEAL.webp,f,
ddca829a-7d31-46de-b432-3b50623c8f5f,20874,RBZJEWEL,RBZ Jewellers Limited,NSE,INE0PEQ01016,NSE_EQ,563.43,t,2026-08-11 11:53:09.066591+05:30,2026-08-13 10:18:23.728785+05:30,https://dhanarthi-stockguru.s3.amazonaws.com/company_logos_webp/RBZJEWEL.webp,t,1 x
ddd101ac-bf09-40fb-a599-90a10363e29b,5296,PRITIKAUTO,Pritika Auto Industries Limited,NSE,INE583R01029,NSE_EQ,275.83,t,2026-08-11 11:53:09.033437+05:30,2026-08-13 10:18:23.728785+05:30,https://dhanarthi-stockguru.s3.amazonaws.com/company_logos_webp/PRITIKAUTO.webp,f,
de00cfcb-328e-40ce-a84e-692a2669de77,6596,SONATSOFTW,Sonata Software Limited,NSE,INE269A01021,NSE_EQ,10504.93,t,2026-08-11 11:53:08.285762+05:30,2026-08-13 10:18:23.728785+05:30,https://dhanarthi-stockguru.s3.amazonaws.com/company_logos_webp/SONATSOFTW.webp,t,2.68 x
de0b1329-f5ee-44e9-b604-74aed14ad1ab,2854,CRAFTSMAN,Craftsman Automation Limited,NSE,INE00LO01017,NSE_EQ,16020.43,t,2026-08-11 11:53:08.933682+05:30,2026-08-13 10:18:23.728785+05:30,https://dhanarthi-stockguru.s3.amazonaws.com/company_logos_webp/CRAFTSMAN.webp,t,3.09 x
de2268eb-3b0d-4456-9448-0e68b76456a2,24321,VRAJ,Vraj Iron and Steel Limited,NSE,INE0S2V01010,NSE_EQ,490.73,t,2026-08-11 11:53:09.150053+05:30,2026-08-13 10:18:23.728785+05:30,https://dhanarthi-stockguru.s3.amazonaws.com/company_logos_webp/VRAJ.webp,t,1 x
de3c3a79-ce6f-4f8e-bf05-de5f8a7953c8,715,SUDARCOLOR,Sudarshan Colorants India Limited,NSE,INE492A01029,NSE_EQ,,t,2026-08-11 11:53:08.766558+05:30,2026-08-13 10:18:23.728785+05:30,,t,2 x
de4075d6-c8d1-4dca-b0f6-6d60f954a8bc,3637,JUBLPHARMA,Jubilant Pharmova Limited,NSE,INE700A01033,NSE_EQ,17704.96,t,2026-08-11 11:53:08.566457+05:30,2026-08-13 10:18:23.728785+05:30,https://dhanarthi-stockguru.s3.amazonaws.com/company_logos_webp/JUBLPHARMA.webp,t,3.26 x
de6a7f30-5a3f-4685-8e6a-4ad5b500c583,2815,CHEMFAB,Chemfab Alkalis Limited,NSE,INE783X01023,NSE_EQ,885.61,t,2026-08-11 11:53:07.399737+05:30,2026-08-13 10:18:23.728785+05:30,https://dhanarthi-stockguru.s3.amazonaws.com/company_logos_webp/CHEMFAB.webp,f,
de89372e-7ee1-49d7-962d-c9f719b8d183,685,CHOLAFIN,Cholamandalam Investment and Finance Company Limited,NSE,INE121A01024,NSE_EQ,134895.46,t,2026-08-11 11:53:07.399737+05:30,2026-08-13 10:18:23.728785+05:30,https://dhanarthi-stockguru.s3.amazonaws.com/company_logos_webp/CHOLAFIN.webp,t,4.13 x
decba4f0-5179-4a42-b7dd-bfab461efb1f,2388,NELCO,NELCO Limited,NSE,INE045B01015,NSE_EQ,1937.44,t,2026-08-11 11:53:07.727642+05:30,2026-08-13 10:18:23.728785+05:30,https://dhanarthi-stockguru.s3.amazonaws.com/company_logos_webp/NELCO.webp,t,2.5 x
df180bea-8c09-4e4a-b215-af041594de23,17927,BAYERCROP,Bayer Cropscience Limited,NSE,INE462A01022,NSE_EQ,,t,2026-08-11 11:53:07.322446+05:30,2026-08-13 10:18:23.728785+05:30,,t,3.64 x
df1ad2aa-def2-48dd-9474-3b8b25145420,25503,INDOUS,Indo Us Biotech Limited,NSE,INE250Z01010,NSE_EQ,286.76,t,2026-08-11 11:53:08.433272+05:30,2026-08-13 10:18:23.728785+05:30,https://dhanarthi-stockguru.s3.amazonaws.com/company_logos_webp/INDOUS.webp,f,
df597e1e-88dc-412f-987c-370fe7ae394d,760351,PARKHOSPS,Park Medi World Limited,NSE,INE119201023,NSE_EQ,6443.85,t,2026-08-11 11:53:07.832918+05:30,2026-08-13 10:18:23.728785+05:30,,t,3.21 x
df5ad9e3-445c-4ccf-8d4f-01dc831cc37d,19073,AARVI,Aarvi Encon Limited,NSE,INE754X01016,NSE_EQ,177.28,t,2026-08-11 11:53:08.049697+05:30,2026-08-13 10:18:23.728785+05:30,https://dhanarthi-stockguru.s3.amazonaws.com/company_logos_webp/AARVI.webp,f,
df936815-3651-4fba-b7c6-aebe1982c29e,13212,ALLETEC,ALLETEC,NSE,INE0M2X01012,NSE_EQ,565.95,t,2026-08-11 11:53:09.21661+05:30,2026-08-13 10:18:23.728785+05:30,https://dhanarthi-stockguru.s3.amazonaws.com/company_logos_webp/ALLETEC.webp,f,
dfc001a1-f053-4b83-bec0-0d093fb2dc35,29633,CHANDAN,CHANDAN,NSE,INE0B2N01016,NSE_EQ,656.42,t,2026-08-11 11:53:09.21661+05:30,2026-08-13 10:18:23.728785+05:30,,f,
dfd5bedb-5f9b-42c3-bb1d-0979b03bb972,3906,CAPLIPOINT,Caplin Point Laboratories Limited,NSE,INE475E01026,NSE_EQ,15501.35,t,2026-08-11 11:53:07.393178+05:30,2026-08-13 10:18:23.728785+05:30,https://dhanarthi-stockguru.s3.amazonaws.com/company_logos_webp/CAPLIPOINT.webp,t,3.09 x
dff3548d-1f8e-4655-b784-8fc9399e1401,2306,BESTAGRO,Best Agrolife Limited,NSE,INE052T01021,NSE_EQ,910.01,t,2026-08-11 11:53:08.173906+05:30,2026-08-13 10:18:23.728785+05:30,https://dhanarthi-stockguru.s3.amazonaws.com/company_logos_webp/BESTAGRO.webp,t,2 x
dff52598-7358-4e45-81c4-f18f48c73c5d,10590,LOYALTEX,Loyal Textile Mills Limited,NSE,INE970D01010,NSE_EQ,134.77,t,2026-08-11 11:53:08.802546+05:30,2026-08-13 10:18:23.728785+05:30,https://dhanarthi-stockguru.s3.amazonaws.com/company_logos_webp/LOYALTEX.webp,f,
dffdcad1-8db1-45c5-a54e-863374ba57ff,29595,ELGNZ,ELGNZ,NSE,INE0R9101015,NSE_EQ,281.23,t,2026-08-11 11:53:09.266611+05:30,2026-08-13 10:18:23.728785+05:30,,f,
e016f409-56cd-4929-80d3-95939456268d,1372,HINDCOMPOS,Hindustan Composites Limited,NSE,INE310C01029,NSE_EQ,683.85,t,2026-08-11 11:53:07.58278+05:30,2026-08-13 10:18:23.728785+05:30,https://dhanarthi-stockguru.s3.amazonaws.com/company_logos_webp/HINDCOMPOS.webp,f,
e0339859-f999-4066-84ed-aa10aa174c62,759079,DEVX,Dev Accelerator Limited,NSE,INE0VOV01021,NSE_EQ,415.01,t,2026-08-11 11:53:07.435203+05:30,2026-08-13 10:18:23.728785+05:30,,t,1.67 x
e0386554-bd51-4eb3-a233-9b869e8ed91c,9668,HIKAL,Hikal Limited,NSE,INE475B01022,NSE_EQ,3280.93,t,2026-08-11 11:53:07.58278+05:30,2026-08-13 10:18:23.728785+05:30,https://dhanarthi-stockguru.s3.amazonaws.com/company_logos_webp/HIKAL.webp,t,2.5 x
e042ded2-dddf-4c66-8092-c58814852804,762805,MMWL,Media Matrix Worldwide Limited,NSE,INE200D01020,NSE_EQ,,t,2026-08-11 11:53:08.549767+05:30,2026-08-13 10:18:23.728785+05:30,https://dhanarthi-stockguru.s3.amazonaws.com/company_logos_webp/MMWL.webp,f,
e07cbdec-1d95-4656-a5cd-b94a888c9a9d,21697,MANAV,MANAV,NSE,INE104Y01012,NSE_EQ,27.16,t,2026-08-11 11:53:09.548978+05:30,2026-08-13 10:18:23.728785+05:30,https://dhanarthi-stockguru.s3.amazonaws.com/company_logos_webp/MANAV.webp,f,
e0844ec6-e41f-494f-b46e-b1f934a6429b,13810,GREENPANEL,Greenpanel Industries Limited,NSE,INE08ZM01014,NSE_EQ,3386.17,t,2026-08-11 11:53:08.370496+05:30,2026-08-13 10:18:23.728785+05:30,https://dhanarthi-stockguru.s3.amazonaws.com/company_logos_webp/GREENPANEL.webp,t,2.5 x
e093466c-e846-4faf-8bdb-52e2cf41bd82,19401,BOROLTD,Borosil Limited,NSE,INE02PY01013,NSE_EQ,3964.52,t,2026-08-11 11:53:07.384171+05:30,2026-08-13 10:18:23.728785+05:30,https://dhanarthi-stockguru.s3.amazonaws.com/company_logos_webp/BOROLTD.webp,t,2.5 x
e0a0792c-2693-496f-bc61-1288391dc81b,3475,THERMAX,Thermax Limited,NSE,INE152A01029,NSE_EQ,38587.35,t,2026-08-11 11:53:08.566457+05:30,2026-08-13 10:18:23.728785+05:30,,t,3 x
e0b2fc3f-e805-45ac-a171-862f4b01ff4b,14889,ASIANTILES,Asian Granito India Limited,NSE,INE022I01019,NSE_EQ,1284.79,t,2026-08-11 11:53:07.322446+05:30,2026-08-13 10:18:23.728785+05:30,https://dhanarthi-stockguru.s3.amazonaws.com/company_logos_webp/ASIANTILES.webp,t,2 x
e0fad9b7-b614-48d3-9abd-9aac78f3be85,23976,ZTECH,ZTECH,NSE,INE0ISZ01012,NSE_EQ,816.53,t,2026-08-11 11:53:09.21661+05:30,2026-08-13 10:18:23.728785+05:30,https://dhanarthi-stockguru.s3.amazonaws.com/company_logos_webp/ZTECH.webp,f,
e120589a-177d-4e83-a34d-be4642aea19b,2595,3PLAND,3P Land Holdings Limited,NSE,INE105C01023,NSE_EQ,78.63,t,2026-08-11 11:53:08.033343+05:30,2026-08-13 10:18:23.728785+05:30,https://dhanarthi-stockguru.s3.amazonaws.com/company_logos_webp/3PLAND.webp,f,
e1239768-4568-4d3d-8a8b-ac0b0533082d,14977,POWERGRID,Power Grid Corporation of India Limited,NSE,INE752E01010,NSE_EQ,262651.64,t,2026-08-11 11:53:07.888357+05:30,2026-08-13 10:18:23.728785+05:30,https://dhanarthi-stockguru.s3.amazonaws.com/company_logos_webp/POWERGRID.webp,t,4.55 x
e15822fb-106e-4112-9180-c070cca2bd27,14076,JAIBALAJI,Jai Balaji Industries Limited,NSE,INE091G01026,NSE_EQ,8647.07,t,2026-08-11 11:53:08.98326+05:30,2026-08-13 10:18:23.728785+05:30,https://dhanarthi-stockguru.s3.amazonaws.com/company_logos_webp/JAIBALAJI.webp,f,
e17ca9c5-793b-434e-b797-d9d816626ea4,6249,DKEGL,DKEGL,NSE,INE0GN101014,NSE_EQ,53.5,t,2026-08-11 11:53:09.501618+05:30,2026-08-13 10:18:23.728785+05:30,https://dhanarthi-stockguru.s3.amazonaws.com/company_logos_webp/DKEGL.webp,f,
e19e5b54-ca21-42b9-8733-a3d526d110a1,10717,TEAMGTY,Team India Guaranty Limited,NSE,INE289C01025,NSE_EQ,227.39,t,2026-08-11 11:53:08.599841+05:30,2026-08-13 10:18:23.728785+05:30,,f,
e1ab9f18-6844-4380-9261-7578a8f6ea6d,758572,GLOBECIVIL,Globe Civil Projects Limited,NSE,INE0V3U01015,NSE_EQ,440.72,t,2026-08-11 11:53:07.533088+05:30,2026-08-13 10:18:23.728785+05:30,,f,
e20f35cb-a6b4-4ef2-a337-e9b3c87695c8,28764,CEWATER,Concord Enviro Systems Limited,NSE,INE037Z01029,NSE_EQ,1043.78,t,2026-08-11 11:53:07.399737+05:30,2026-08-13 10:18:23.728785+05:30,,t,2 x
e210e6e3-9723-484f-b3c4-b08fc16a21a8,20616,SUPERHOUSE,Superhouse Limited,NSE,INE712B01010,NSE_EQ,177.01,t,2026-08-11 11:53:08.466626+05:30,2026-08-13 10:18:23.728785+05:30,https://dhanarthi-stockguru.s3.amazonaws.com/company_logos_webp/SUPERHOUSE.webp,f,
e24f3f17-a4f3-445c-97ff-43637f6c5f81,6218,SIKKO,Sikko Industries Limited,NSE,INE112X01025,NSE_EQ,193.56,t,2026-08-11 11:53:08.104534+05:30,2026-08-13 10:18:23.728785+05:30,https://dhanarthi-stockguru.s3.amazonaws.com/company_logos_webp/SIKKO.webp,f,
e25163aa-f38b-4faf-90db-e490d2a1dbfb,23590,GLOSTERLTD,Gloster Limited,NSE,INE350Z01018,NSE_EQ,717.44,t,2026-08-11 11:53:08.349673+05:30,2026-08-13 10:18:23.728785+05:30,https://dhanarthi-stockguru.s3.amazonaws.com/company_logos_webp/GLOSTERLTD.webp,f,
e25cc5a1-60d4-42db-ae2b-083c522eff60,1521,INDIAGLYCO,India Glycols Limited,NSE,INE560A01023,NSE_EQ,5918,t,2026-08-11 11:53:08.98326+05:30,2026-08-13 10:18:23.728785+05:30,https://dhanarthi-stockguru.s3.amazonaws.com/company_logos_webp/INDIAGLYCO.webp,t,2.93 x
e27ef9f8-a471-4fc3-8f8c-7ad503a1a7da,11496,AMBICAAGAR,Ambica Agarbathies & Aroma industries Limited,NSE,INE792B01012,NSE_EQ,45.32,t,2026-08-11 11:53:07.282898+05:30,2026-08-13 10:18:23.728785+05:30,https://dhanarthi-stockguru.s3.amazonaws.com/company_logos_webp/AMBICAAGAR.webp,f,
e29eabb5-af73-4052-9edc-93ceabaf04bd,8585,NLCINDIA,NLC India Limited,NSE,INE589A01014,NSE_EQ,34428.58,t,2026-08-11 11:53:07.749853+05:30,2026-08-13 10:18:23.728785+05:30,https://dhanarthi-stockguru.s3.amazonaws.com/company_logos_webp/NLCINDIA.webp,t,2.96 x
e2a7f7ff-e066-44c7-84c8-baccccd38b91,21113,BFINVEST,BF Investment Limited,NSE,INE878K01010,NSE_EQ,1739.95,t,2026-08-11 11:53:08.173906+05:30,2026-08-13 10:18:23.728785+05:30,https://dhanarthi-stockguru.s3.amazonaws.com/company_logos_webp/BFINVEST.webp,t,2 x
e2be694f-2ea0-424a-99e2-1b9fb8b63ef6,25800,GARUDA,Garuda Construction and Engineering Limited,NSE,INE0JVO01026,NSE_EQ,1801.05,t,2026-08-11 11:53:07.516067+05:30,2026-08-13 10:18:23.728785+05:30,https://dhanarthi-stockguru.s3.amazonaws.com/company_logos_webp/GARUDA.webp,t,2.47 x
e3184bf9-b43d-4081-80a6-a2228ce55563,17695,VIJIFIN,Viji Finance Limited,NSE,INE159N01027,NSE_EQ,44.44,t,2026-08-11 11:53:09.133227+05:30,2026-08-13 10:18:23.728785+05:30,https://dhanarthi-stockguru.s3.amazonaws.com/company_logos_webp/VIJIFIN.webp,f,
e3258d30-ba12-4de9-beed-b23634292b07,759867,CAPILLARY,Capillary Technologies India Limited,NSE,INE0ILV01024,NSE_EQ,5372.83,t,2026-08-11 11:53:08.925947+05:30,2026-08-13 10:18:23.728785+05:30,,t,3.33 x
e33be0bd-1e8f-4599-8d4e-91a0b85d6d22,13491,JKLAKSHMI,JK Lakshmi Cement Limited,NSE,INE786A01032,NSE_EQ,10558.64,t,2026-08-11 11:53:08.533071+05:30,2026-08-13 10:18:23.728785+05:30,https://dhanarthi-stockguru.s3.amazonaws.com/company_logos_webp/JKLAKSHMI.webp,t,3.41 x
e34a574d-56cd-4dd3-85b3-f86e3cbc034e,11033,SANGINITA,Sanginita Chemicals Limited,NSE,INE753W01010,NSE_EQ,26.34,t,2026-08-11 11:53:09.100075+05:30,2026-08-13 10:18:23.744386+05:30,https://dhanarthi-stockguru.s3.amazonaws.com/company_logos_webp/SANGINITA.webp,f,
e34d7928-8720-4c99-b92b-b6a4b936240b,27061,ACMESOLAR,Acme Solar Holdings Limited,NSE,INE622W01025,NSE_EQ,16261.38,t,2026-08-11 11:53:07.26652+05:30,2026-08-13 10:18:23.744386+05:30,https://dhanarthi-stockguru.s3.amazonaws.com/company_logos_webp/ACMESOLAR.webp,t,2.98 x
e35e0193-a083-428e-8fec-88b503b05cdf,17781,KKVAPOW,KKVAPOW,NSE,INE239T01016,NSE_EQ,37.05,t,2026-08-11 11:53:09.533354+05:30,2026-08-13 10:18:23.744386+05:30,,f,
e3717d9c-2628-4b86-8518-f3f89dbc706d,9592,VENUSPIPES,Venus Pipes & Tubes Limited,NSE,INE0JA001018,NSE_EQ,2730.39,t,2026-08-11 11:53:08.883235+05:30,2026-08-13 10:18:23.744386+05:30,https://dhanarthi-stockguru.s3.amazonaws.com/company_logos_webp/VENUSPIPES.webp,t,2.5 x
e3751aa8-faab-416a-914d-2449571a70b4,16807,LOTUSEYE,Lotus Eye Hospital and Institute Limited,NSE,INE947I01017,NSE_EQ,219.68,t,2026-08-11 11:53:08.783106+05:30,2026-08-13 10:18:23.744386+05:30,https://dhanarthi-stockguru.s3.amazonaws.com/company_logos_webp/LOTUSEYE.webp,f,
e382bb07-cd88-4780-8903-c0406c428196,5143,JAICORPLTD,Jai Corp Limited,NSE,INE070D01027,NSE_EQ,2392.83,t,2026-08-11 11:53:08.509009+05:30,2026-08-13 10:18:23.744386+05:30,https://dhanarthi-stockguru.s3.amazonaws.com/company_logos_webp/JAICORPLTD.webp,t,2.66 x
e3ab9939-5f63-4d1a-b221-00f44b3f29e2,15036,INFINIUM,INFINIUM,NSE,INE0MRE01011,NSE_EQ,396.87,t,2026-08-11 11:53:09.25798+05:30,2026-08-13 10:18:23.744386+05:30,https://dhanarthi-stockguru.s3.amazonaws.com/company_logos_webp/INFINIUM.webp,f,
e3cb6f1e-689e-461e-8059-3c8c5b278e25,24378,RELIABLE,Reliable Data Services Limited,NSE,INE375Y01018,NSE_EQ,123.78,t,2026-08-11 11:53:07.926341+05:30,2026-08-13 10:18:23.744386+05:30,https://dhanarthi-stockguru.s3.amazonaws.com/company_logos_webp/RELIABLE.webp,f,
e3e3fe6e-3d1c-4d6e-aae0-476600e26492,6262,SELMC,SEL Manufacturing Company Limited,NSE,INE105I01020,NSE_EQ,107.2,t,2026-08-11 11:53:07.566237+05:30,2026-08-13 10:18:23.744386+05:30,https://dhanarthi-stockguru.s3.amazonaws.com/company_logos_webp/SELMC.webp,f,
e3f8a111-1420-4731-93c1-42602efe7d49,22688,ALPEXSOLAR,ALPEXSOLAR,NSE,INE0R4701017,NSE_EQ,2837.42,t,2026-08-11 11:53:09.202139+05:30,2026-08-13 10:18:23.744386+05:30,https://dhanarthi-stockguru.s3.amazonaws.com/company_logos_webp/ALPEXSOLAR.webp,f,
e4094278-5525-4e54-a0c1-9f8aabd2996e,3607,UNIVCABLES,Universal Cables Limited,NSE,INE279A01012,NSE_EQ,2488.51,t,2026-08-11 11:53:08.833281+05:30,2026-08-13 10:18:23.744386+05:30,https://dhanarthi-stockguru.s3.amazonaws.com/company_logos_webp/UNIVCABLES.webp,t,1 x
e40b0663-5daa-4a6b-8143-10da760df1df,23480,SINCLAIR,Sinclairs Hotels Limited,NSE,INE985A01022,NSE_EQ,489.03,t,2026-08-11 11:53:08.133117+05:30,2026-08-13 10:18:23.744386+05:30,https://dhanarthi-stockguru.s3.amazonaws.com/company_logos_webp/SINCLAIR.webp,t,1 x
e410cd89-d9b1-4a31-ac2e-4094f84eabc4,14299,PFC,Power Finance Corporation Limited,NSE,INE134E01011,NSE_EQ,129271.27,t,2026-08-11 11:53:07.854273+05:30,2026-08-13 10:18:23.744386+05:30,https://dhanarthi-stockguru.s3.amazonaws.com/company_logos_webp/PFC.webp,t,4.28 x
e4151b4d-c595-4634-b14a-5774bc99c069,28574,IDENTICAL,IDENTICAL,NSE,INE0TD101011,NSE_EQ,51.38,t,2026-08-11 11:53:09.501618+05:30,2026-08-13 10:18:23.744386+05:30,,f,
e45d2823-54cb-4a3b-a916-86ecede83192,4157,KEYFINSERV,Keynote Financial Services Limited,NSE,INE681C01015,NSE_EQ,195.8,t,2026-08-11 11:53:08.616446+05:30,2026-08-13 10:18:23.744386+05:30,https://dhanarthi-stockguru.s3.amazonaws.com/company_logos_webp/KEYFINSERV.webp,f,
e463baa3-2907-4dd8-820f-6207bc5a4669,7211,JETFREIGHT,Jet Freight Logistics Limited,NSE,INE982V01025,NSE_EQ,67.16,t,2026-08-11 11:53:08.509009+05:30,2026-08-13 10:18:23.744386+05:30,https://dhanarthi-stockguru.s3.amazonaws.com/company_logos_webp/JETFREIGHT.webp,f,
e4772bca-7143-43de-9cae-8dbbdc416e45,11343,AFFLE,Affle 3i Limited,NSE,INE00WC01027,NSE_EQ,26428.18,t,2026-08-11 11:53:07.26652+05:30,2026-08-13 10:18:23.744386+05:30,https://dhanarthi-stockguru.s3.amazonaws.com/company_logos_webp/AFFLE.webp,t,3.27 x
e48ea34d-0f1c-4e7c-904b-d05148eeda19,11884,MANINDS,Man Industries (India) Limited,NSE,INE993A01026,NSE_EQ,2910.53,t,2026-08-11 11:53:08.833281+05:30,2026-08-13 10:18:23.744386+05:30,https://dhanarthi-stockguru.s3.amazonaws.com/company_logos_webp/MANINDS.webp,t,2.47 x
e49ecaca-92f9-4887-8057-fa1b09f94568,14413,PAGEIND,Page Industries Limited,NSE,INE761H01022,NSE_EQ,47338.68,t,2026-08-11 11:53:09.024045+05:30,2026-08-13 10:18:23.744386+05:30,https://dhanarthi-stockguru.s3.amazonaws.com/company_logos_webp/PAGEIND.webp,t,4.55 x
e4a46abf-ac2d-4036-9ee8-bcf031675ef5,15157,RHL,Robust Hotels Limited,NSE,INE508K01013,NSE_EQ,429.42,t,2026-08-11 11:53:09.083277+05:30,2026-08-13 10:18:23.744386+05:30,https://dhanarthi-stockguru.s3.amazonaws.com/company_logos_webp/RHL.webp,f,
e4bbee01-336c-4fae-8db3-8a23ca5ee6f4,9685,TRIDENT,Trident Limited,NSE,INE064C01022,NSE_EQ,14662.6,t,2026-08-11 11:53:08.741671+05:30,2026-08-13 10:18:23.744386+05:30,https://dhanarthi-stockguru.s3.amazonaws.com/company_logos_webp/TRIDENT.webp,t,3.24 x
e4c6c66a-36fe-4632-adcd-408d93f24e40,19036,PODDARMENT,Poddar Pigments Limited,NSE,INE371C01013,NSE_EQ,296.52,t,2026-08-11 11:53:07.88335+05:30,2026-08-13 10:18:23.744386+05:30,https://dhanarthi-stockguru.s3.amazonaws.com/company_logos_webp/PODDARMENT.webp,f,
e4cc3400-c01a-49b0-a35a-5d1940d875df,13310,KEI,KEI Industries Limited,NSE,INE878B01027,NSE_EQ,38633.18,t,2026-08-11 11:53:08.616446+05:30,2026-08-13 10:18:23.744386+05:30,,t,3.96 x
e4d26596-2eea-4e98-af32-3e4ab2c24e03,10243,SYNGENE,Syngene International Limited,NSE,INE398R01022,NSE_EQ,26233.72,t,2026-08-11 11:53:08.533071+05:30,2026-08-13 10:18:23.744386+05:30,https://dhanarthi-stockguru.s3.amazonaws.com/company_logos_webp/SYNGENE.webp,t,3.29 x
e4db5d0d-cda4-4099-b823-30f94a1c292c,7603,CMSINFO,CMS Info Systems Limited,NSE,INE925R01014,NSE_EQ,6690.83,t,2026-08-11 11:53:07.399737+05:30,2026-08-13 10:18:23.744386+05:30,https://dhanarthi-stockguru.s3.amazonaws.com/company_logos_webp/CMSINFO.webp,t,3.46 x
e4e572a8-2f4f-4098-9f32-adf9cafb08c8,762939,TECHNVISN,TechNVision Ventures Limited,NSE,INE314H01012,NSE_EQ,,t,2026-08-11 11:53:08.804555+05:30,2026-08-13 10:18:23.744386+05:30,,f,
e4fb3175-077f-4fc0-a0fa-67bdabfaf895,10217,ADANIENSOL,Adani Energy Solutions Limited,NSE,INE931S01010,NSE_EQ,108357.17,t,2026-08-11 11:53:07.26652+05:30,2026-08-13 10:18:23.744386+05:30,https://dhanarthi-stockguru.s3.amazonaws.com/company_logos_webp/ADANIENSOL.webp,t,3.33 x
e5162676-5fea-453a-ae52-527411bff2c6,1633,IPCALAB,IPCA Laboratories Limited,NSE,INE571A01038,NSE_EQ,35224.58,t,2026-08-11 11:53:07.62527+05:30,2026-08-13 10:18:23.744386+05:30,https://dhanarthi-stockguru.s3.amazonaws.com/company_logos_webp/IPCALAB.webp,t,3.4 x
e51cc287-507d-4ba8-aed0-528d45721f5c,25262,TOLINS,Tolins Tyres Limited,NSE,INE0RWQ01014,NSE_EQ,635.19,t,2026-08-11 11:53:08.704605+05:30,2026-08-13 10:18:23.744386+05:30,,t,1 x
e55565a8-574a-4dd9-9263-f1b7c2de160b,8159,FIBERWEB,Fiberweb (India) Limited,NSE,INE296C01020,NSE_EQ,126.15,t,2026-08-11 11:53:07.499428+05:30,2026-08-13 10:18:23.744386+05:30,,f,
e5560eb0-e0a6-46db-9cf1-101e5cb5a27e,18059,SSFL,SSFL,NSE,INE0ON201012,NSE_EQ,129.63,t,2026-08-11 11:53:09.383428+05:30,2026-08-13 10:18:23.744386+05:30,https://dhanarthi-stockguru.s3.amazonaws.com/company_logos_webp/SSFL.webp,f,
e55bdb61-5a01-44e9-adf7-75fe70562eaa,762663,ELITECON,Elitecon International Limited,NSE,INE669R01026,NSE_EQ,,t,2026-08-11 11:53:08.285762+05:30,2026-08-13 10:18:23.744386+05:30,,f,
e55e4c71-ceda-4ede-9b1e-12b6ca06aefe,13340,ARIHANTACA,ARIHANTACA,NSE,INE0NCC01015,NSE_EQ,252.51,t,2026-08-11 11:53:09.286776+05:30,2026-08-13 10:18:23.744386+05:30,https://dhanarthi-stockguru.s3.amazonaws.com/company_logos_webp/ARIHANTACA.webp,f,
e569fc98-968e-4324-b50a-9b652277e87a,7040,MARALOVER,Maral Overseas Limited,NSE,INE882A01013,NSE_EQ,225.81,t,2026-08-11 11:53:08.866736+05:30,2026-08-13 10:18:23.744386+05:30,https://dhanarthi-stockguru.s3.amazonaws.com/company_logos_webp/MARALOVER.webp,f,
e56e9669-e1b0-4010-80cc-e2339aff0556,19184,SFL,Sheela Foam Limited,NSE,INE916U01025,NSE_EQ,7210.04,t,2026-08-11 11:53:07.718134+05:30,2026-08-13 10:18:23.744386+05:30,https://dhanarthi-stockguru.s3.amazonaws.com/company_logos_webp/SFL.webp,t,3.1 x
e572265b-b642-4358-a633-369f41a4bc59,955,ESABINDIA,Esab India Limited,NSE,INE284A01012,NSE_EQ,8218.83,t,2026-08-11 11:53:08.300128+05:30,2026-08-13 10:18:23.744386+05:30,https://dhanarthi-stockguru.s3.amazonaws.com/company_logos_webp/ESABINDIA.webp,t,3.34 x
e582c4e7-a739-4cf9-ae5a-b4033c481537,762849,PREMCO,Premco Global Limited,NSE,INE001E01012,NSE_EQ,,t,2026-08-11 11:53:08.616446+05:30,2026-08-13 10:18:23.744386+05:30,,f,
e59316ae-84e5-4827-af72-335cc66e4686,11403,POONAWALLA,Poonawalla Fincorp Limited,NSE,INE511C01022,NSE_EQ,36348.84,t,2026-08-11 11:53:07.888357+05:30,2026-08-13 10:18:23.744386+05:30,https://dhanarthi-stockguru.s3.amazonaws.com/company_logos_webp/POONAWALLA.webp,t,3.07 x
e59da498-0960-4ab0-bf35-dcabd1048936,758968,AHCL,Anlon Healthcare Limited,NSE,INE0Y8W01025,NSE_EQ,715.66,t,2026-08-11 11:53:07.26652+05:30,2026-08-13 10:18:23.744386+05:30,,t,2 x
e5c9f974-ccc8-4de1-8cb4-a4c344f0f86c,4105,SILINV,SIL Investments Limited,NSE,INE923A01015,NSE_EQ,621.29,t,2026-08-11 11:53:08.133117+05:30,2026-08-13 10:18:23.744386+05:30,https://dhanarthi-stockguru.s3.amazonaws.com/company_logos_webp/SILINV.webp,f,
e5ddc44b-8b38-4643-bd8b-0b692b6d28c8,21691,MAXPOSURE,MAXPOSURE,NSE,INE0ECC01022,NSE_EQ,124.09,t,2026-08-11 11:53:09.383428+05:30,2026-08-13 10:18:23.744386+05:30,,f,
e5ec4de3-1665-4a73-9373-3f46d276e95d,762695,GRANDOAK,Grand Oak Canyons Distillery Limited,NSE,INE926B01016,NSE_EQ,,t,2026-08-11 11:53:08.366487+05:30,2026-08-13 10:18:23.744386+05:30,,f,
e5efef97-449e-4165-b442-ba2e396aab82,25835,VINCOFE,Vintage Coffee And Beverages Limited,NSE,INE498Q01014,NSE_EQ,1959.89,t,2026-08-11 11:53:09.144229+05:30,2026-08-13 10:18:23.744386+05:30,,t,2.5 x
e5fef9b7-516b-46b2-8b77-de7a8ba28369,762583,BI,Bilcare Limited,NSE,INE986A01012,NSE_EQ,,t,2026-08-11 11:53:08.183371+05:30,2026-08-13 10:18:23.744386+05:30,,f,
e615cf6b-becd-4337-b707-48aef8d3d3e8,2708,PRAKASH,Prakash Industries Limited,NSE,INE603A01013,NSE_EQ,2822.16,t,2026-08-11 11:53:07.899672+05:30,2026-08-13 10:18:23.744386+05:30,,t,2.5 x
e6230abe-de07-477f-8770-94461cacee5d,19368,CANARYS,CANARYS,NSE,INE0QG301017,NSE_EQ,173.54,t,2026-08-11 11:53:09.333826+05:30,2026-08-13 10:18:23.744386+05:30,https://dhanarthi-stockguru.s3.amazonaws.com/company_logos_webp/CANARYS.webp,f,
e6479df4-afbe-46f7-b58f-340328030105,7553,NRBBEARING,NRB Bearing Limited,NSE,INE349A01021,NSE_EQ,2750.51,t,2026-08-11 11:53:07.761541+05:30,2026-08-13 10:18:23.744386+05:30,https://dhanarthi-stockguru.s3.amazonaws.com/company_logos_webp/NRBBEARING.webp,t,2.04 x
e658b4e6-17b1-4108-ba4b-314bd21ac693,1997,LICHSGFIN,LIC Housing Finance Limited,NSE,INE115A01026,NSE_EQ,31411.61,t,2026-08-11 11:53:08.766558+05:30,2026-08-13 10:18:23.744386+05:30,,t,4.44 x
e6789444-c801-46ef-8914-d9d2b30d5e89,20788,MOTISONS,Motisons Jewellers Limited,NSE,INE0FRK01020,NSE_EQ,1811.2,t,2026-08-11 11:53:07.682298+05:30,2026-08-13 10:18:23.744386+05:30,https://dhanarthi-stockguru.s3.amazonaws.com/company_logos_webp/MOTISONS.webp,t,2.6 x
e6b3a250-a3e2-44ed-9dd5-ca9b2fe697a1,2606,LEMONTREE,Lemon Tree Hotels Limited,NSE,INE970X01018,NSE_EQ,12684.48,t,2026-08-11 11:53:08.741671+05:30,2026-08-13 10:18:23.744386+05:30,,t,3.21 x
e6c065e4-e0cb-4c30-b0fd-5066122208ea,20950,RKDL,Ravi Kumar Distilleries Limited,NSE,INE722J01012,NSE_EQ,64.63,t,2026-08-11 11:53:07.9329+05:30,2026-08-13 10:18:23.744386+05:30,,f,
e6d165c3-fbf4-401e-9021-1d3a364f58af,758145,LOTUSDEV,Sri Lotus Developers and Realty Limited,NSE,INE0V9Q01010,NSE_EQ,8686.98,t,2026-08-11 11:53:08.999929+05:30,2026-08-13 10:18:23.744386+05:30,,f,
e6d69dba-240a-4807-b3f8-35643805c773,22802,DEEM,DEEM,NSE,INE586O01011,NSE_EQ,45.46,t,2026-08-11 11:53:09.501618+05:30,2026-08-13 10:18:23.744386+05:30,https://dhanarthi-stockguru.s3.amazonaws.com/company_logos_webp/DEEM.webp,f,
e6fefb42-b1ff-4427-ae5a-cd06b1b70a79,19516,COMMITTED,COMMITTED,NSE,INE597Z01014,NSE_EQ,255.03,t,2026-08-11 11:53:09.286776+05:30,2026-08-13 10:18:23.744386+05:30,https://dhanarthi-stockguru.s3.amazonaws.com/company_logos_webp/COMMITTED.webp,f,
e7045214-35a0-434d-bffb-f0a2828ef6d5,6994,BSOFT,BIRLASOFT LIMITED,NSE,INE836A01035,NSE_EQ,10896.54,t,2026-08-11 11:53:08.925947+05:30,2026-08-13 10:18:23.744386+05:30,https://dhanarthi-stockguru.s3.amazonaws.com/company_logos_webp/BSOFT.webp,t,3.05 x
e711c332-9ac2-4783-bd04-e320ecd7169e,22428,MAXIND,Max India Limited,NSE,INE0CG601016,NSE_EQ,1070.73,t,2026-08-11 11:53:08.87527+05:30,2026-08-13 10:18:23.744386+05:30,https://dhanarthi-stockguru.s3.amazonaws.com/company_logos_webp/MAXIND.webp,t,1 x
e7152255-1f7c-463a-9ad3-4c03893302ac,23520,DCG,DCG,NSE,INE0S8401018,NSE_EQ,125.06,t,2026-08-11 11:53:09.383428+05:30,2026-08-13 10:18:23.760023+05:30,,f,
e72a3ab9-13e9-415a-a180-ed4b863b6517,24628,CHETANA,CHETANA,NSE,INE0U1T01012,NSE_EQ,147.59,t,2026-08-11 11:53:09.364714+05:30,2026-08-13 10:18:23.760023+05:30,https://dhanarthi-stockguru.s3.amazonaws.com/company_logos_webp/CHETANA.webp,f,
e749a64f-0e91-4e17-9a48-9d18267da1d7,6815,BIRLACABLE,Birla Cable Limited,NSE,INE800A01015,NSE_EQ,474.55,t,2026-08-11 11:53:07.372137+05:30,2026-08-13 10:18:23.760023+05:30,https://dhanarthi-stockguru.s3.amazonaws.com/company_logos_webp/BIRLACABLE.webp,f,
e7921050-9cb4-4fa1-8aff-b299388eeb9c,11896,GEOJITFSL,Geojit Financial Services Limited,NSE,INE007B01023,NSE_EQ,2112.07,t,2026-08-11 11:53:07.53191+05:30,2026-08-13 10:18:23.760023+05:30,https://dhanarthi-stockguru.s3.amazonaws.com/company_logos_webp/GEOJITFSL.webp,t,2.5 x
e7b48d08-fc6b-47c8-8382-53a825295a3c,759951,JARO,Jaro Institute of Technology Management and Research Limited,NSE,INE00YJ01010,NSE_EQ,1383.35,t,2026-08-11 11:53:08.509009+05:30,2026-08-13 10:18:23.760023+05:30,,t,2 x
e7bcfc77-1fe7-42f0-be35-8d05a8371c0d,6428,MANORG,Mangalam Organics Limited,NSE,INE370D01013,NSE_EQ,444.27,t,2026-08-11 11:53:08.533071+05:30,2026-08-13 10:18:23.760023+05:30,https://dhanarthi-stockguru.s3.amazonaws.com/company_logos_webp/MANORG.webp,f,
e7d6fa41-7e5e-48e2-8419-a6a82bb69f29,20854,HAPPYFORGE,Happy Forgings Limited,NSE,INE330T01021,NSE_EQ,9256.51,t,2026-08-11 11:53:08.383036+05:30,2026-08-13 10:18:23.760023+05:30,https://dhanarthi-stockguru.s3.amazonaws.com/company_logos_webp/HAPPYFORGE.webp,t,3.3 x
e7d80cc1-f9a4-4092-92c4-6fec1312e1cf,1360,HIMATSEIDE,Himatsingka Seide Limited,NSE,INE049A01027,NSE_EQ,1604.15,t,2026-08-11 11:53:07.58278+05:30,2026-08-13 10:18:23.760023+05:30,https://dhanarthi-stockguru.s3.amazonaws.com/company_logos_webp/HIMATSEIDE.webp,t,2.75 x
e7e86b15-7c53-499b-823d-49c1c65c5ad0,8828,GAEL,Gujarat Ambuja Exports Limited,NSE,INE036B01030,NSE_EQ,5031.85,t,2026-08-11 11:53:08.950386+05:30,2026-08-13 10:18:23.760023+05:30,https://dhanarthi-stockguru.s3.amazonaws.com/company_logos_webp/GAEL.webp,t,3.19 x
e7ebc2a6-4836-4988-8586-ffe1bd11488c,21957,INDTERRAIN,Indian Terrain Fashions Limited,NSE,INE611L01021,NSE_EQ,179.17,t,2026-08-11 11:53:08.440281+05:30,2026-08-13 10:18:23.760023+05:30,https://dhanarthi-stockguru.s3.amazonaws.com/company_logos_webp/INDTERRAIN.webp,f,
e7fd42a4-7d5c-4f25-bd5b-cc923dd56600,9678,SOUTHWEST,South West Pinnacle Exploration Limited,NSE,INE980Y01015,NSE_EQ,467.94,t,2026-08-11 11:53:08.285762+05:30,2026-08-13 10:18:23.760023+05:30,https://dhanarthi-stockguru.s3.amazonaws.com/company_logos_webp/SOUTHWEST.webp,t,2 x
e843414f-c692-4106-9071-d3f7fa4b74d6,3024,JINDALSAW,Jindal Saw Limited,NSE,INE324A01032,NSE_EQ,12426.31,t,2026-08-11 11:53:08.991121+05:30,2026-08-13 10:18:23.760023+05:30,https://dhanarthi-stockguru.s3.amazonaws.com/company_logos_webp/JINDALSAW.webp,t,2.7 x
e892ecd2-585a-4927-8c17-a8e826f2b481,20086,CPCAP,CP Capital Limited,NSE,INE521J01018,NSE_EQ,246.71,t,2026-08-11 11:53:08.234674+05:30,2026-08-13 10:18:23.760023+05:30,,f,
e8b9b65b-826c-4228-8cce-23809bcf8665,48,HAPPSTMNDS,Happiest Minds Technologies Limited,NSE,INE419U01012,NSE_EQ,8327.4,t,2026-08-11 11:53:07.727642+05:30,2026-08-13 10:18:23.760023+05:30,https://dhanarthi-stockguru.s3.amazonaws.com/company_logos_webp/HAPPSTMNDS.webp,t,3.12 x
e8ef4f7e-3589-4dab-8803-193518946715,1472,ACCURACY,Accuracy Shipping Limited,NSE,INE648Z01023,NSE_EQ,102.56,t,2026-08-11 11:53:08.064698+05:30,2026-08-13 10:18:23.760023+05:30,https://dhanarthi-stockguru.s3.amazonaws.com/company_logos_webp/ACCURACY.webp,f,
e8fabf4b-4e4b-4dfa-9a35-3d9bf9eade2b,759605,LENSKART,Lenskart Solutions Limited,NSE,INE956O01016,NSE_EQ,73312.57,t,2026-08-11 11:53:08.756631+05:30,2026-08-13 10:18:23.760023+05:30,,t,3.58 x
e906ef1c-0bdd-4b37-82bb-6651049c6d1c,1406,HINDPETRO,Hindustan Petroleum Corporation Limited,NSE,INE094A01015,NSE_EQ,93198.71,t,2026-08-11 11:53:07.58278+05:30,2026-08-13 10:18:23.760023+05:30,https://dhanarthi-stockguru.s3.amazonaws.com/company_logos_webp/HINDPETRO.webp,t,3.93 x
e9187e29-f398-4d89-b183-3e5b7441d562,28805,SANATHAN,Sanathan Textiles Limited,NSE,INE0JPD01013,NSE_EQ,4153.51,t,2026-08-11 11:53:09.100075+05:30,2026-08-13 10:18:23.760023+05:30,,t,2.5 x
e9234240-0431-44aa-9c76-0c27fc6a10b8,9385,PNCINFRA,PNC Infratech Limited,NSE,INE195J01029,NSE_EQ,7382.66,t,2026-08-11 11:53:07.88335+05:30,2026-08-13 10:18:23.760023+05:30,https://dhanarthi-stockguru.s3.amazonaws.com/company_logos_webp/PNCINFRA.webp,t,3.14 x
e9273074-b87f-4b7a-a922-68ccf0947d7e,3766,WHEELS,Wheels India Limited,NSE,INE715A01015,NSE_EQ,2028.65,t,2026-08-11 11:53:09.166605+05:30,2026-08-13 10:18:23.760023+05:30,https://dhanarthi-stockguru.s3.amazonaws.com/company_logos_webp/WHEELS.webp,t,2.5 x
e930508c-a0cf-4208-b145-3e77861c3cee,759847,SHILCTECH,Shilchar Technologies Limited,NSE,INE024F01011,NSE_EQ,4553.06,t,2026-08-11 11:53:07.999612+05:30,2026-08-13 10:18:23.760023+05:30,,t,2.49 x
e94bad7c-2824-40f3-8657-14ef4579fac1,23410,BLUEPEBBLE,BLUEPEBBLE,NSE,INE0SAK01011,NSE_EQ,65.18,t,2026-08-11 11:53:09.48377+05:30,2026-08-13 10:18:23.760023+05:30,,f,
e953d443-dd10-47cd-9263-106ce50cd0e2,15002,SUPREMEINF,Supreme Infrastructure India Limited,NSE,INE550H01011,NSE_EQ,266.34,t,2026-08-11 11:53:08.499691+05:30,2026-08-13 10:18:23.760023+05:30,,f,
e955eff7-9265-477b-bc3e-73040ca56aac,761037,CEINSYS,Ceinsys Tech Limited,NSE,INE016Q01014,NSE_EQ,,t,2026-08-11 11:53:08.215793+05:30,2026-08-13 10:18:23.760023+05:30,,t,2 x
e95d37e3-e43d-42ff-a839-1221f389543e,21238,AUBANK,AU Small Finance Bank Limited,NSE,INE949L01017,NSE_EQ,61378.71,t,2026-08-11 11:53:07.333244+05:30,2026-08-13 10:18:23.760023+05:30,https://dhanarthi-stockguru.s3.amazonaws.com/company_logos_webp/AUBANK.webp,t,4.17 x
e992d079-6abd-44a9-b644-3b482b5b77c2,13620,ANANTRAJ,Anant Raj Limited,NSE,INE242C01024,NSE_EQ,20146.74,t,2026-08-11 11:53:07.282898+05:30,2026-08-13 10:18:23.760023+05:30,https://dhanarthi-stockguru.s3.amazonaws.com/company_logos_webp/ANANTRAJ.webp,t,2.63 x
e9986a9a-b1f5-493b-8a27-e6a84013491b,762904,SHINDL,Sharat Industries Limited,NSE,INE220Z01013,NSE_EQ,,t,2026-08-11 11:53:08.734248+05:30,2026-08-13 10:18:23.760023+05:30,,f,
e9a60a91-4fc9-4947-bea7-5cd9799dca99,27839,SAILIFE,Sai Life Sciences Limited,NSE,INE570L01029,NSE_EQ,18063.51,t,2026-08-11 11:53:07.970286+05:30,2026-08-13 10:18:23.760023+05:30,,t,3.2 x
e9c1453f-5ff7-45b6-92f1-e71e8381beab,21260,TRANSWIND,TRANSWIND,NSE,INE792X01016,NSE_EQ,10.76,t,2026-08-11 11:53:09.574228+05:30,2026-08-13 10:18:23.760023+05:30,,f,
e9e18c7e-2764-4973-bf35-465aa302c6cd,757982,SELLOWRAP,SELLOWRAP,NSE,INE0IJF01013,NSE_EQ,130.3,t,2026-08-11 11:53:09.383428+05:30,2026-08-13 10:18:23.760023+05:30,,f,
e9e9f46c-1e19-4330-a2d3-33bb86561bd4,14702,NAGREEKEXP,Nagreeka Exports Limited,NSE,INE123B01028,NSE_EQ,88.22,t,2026-08-11 11:53:07.699563+05:30,2026-08-13 10:18:23.760023+05:30,https://dhanarthi-stockguru.s3.amazonaws.com/company_logos_webp/NAGREEKEXP.webp,f,
ea15e109-a891-4dd2-a275-a912f5ebe66b,19631,PRICOLLTD,Pricol Limited,NSE,INE726V01018,NSE_EQ,6433.14,t,2026-08-11 11:53:07.899672+05:30,2026-08-13 10:18:23.760023+05:30,https://dhanarthi-stockguru.s3.amazonaws.com/company_logos_webp/PRICOLLTD.webp,t,3.08 x
ea24edfe-dfc5-4d79-b5c9-f0568119d1ff,14595,VELS,VELS,NSE,INE0I3H01019,NSE_EQ,75.89,t,2026-08-11 11:53:09.465842+05:30,2026-08-13 10:18:23.760023+05:30,https://dhanarthi-stockguru.s3.amazonaws.com/company_logos_webp/VELS.webp,f,
ea42cb9f-46c5-45a8-9135-ba9e78551547,1901,CUMMINSIND,Cummins India Limited,NSE,INE298A01020,NSE_EQ,111430.11,t,2026-08-11 11:53:07.423337+05:30,2026-08-13 10:18:23.760023+05:30,https://dhanarthi-stockguru.s3.amazonaws.com/company_logos_webp/CUMMINSIND.webp,t,4.35 x
ea59dfac-6299-49bb-bef8-d66e8acc311b,14346,ORIENTALTL,Oriental Trimex Limited,NSE,INE998H01012,NSE_EQ,73.64,t,2026-08-11 11:53:07.81617+05:30,2026-08-13 10:18:23.760023+05:30,https://dhanarthi-stockguru.s3.amazonaws.com/company_logos_webp/ORIENTALTL.webp,f,
ea6792e9-9c15-4258-bb3b-992852e87682,19235,IMFA,Indian Metals & Ferro Alloys Limited,NSE,INE919H01018,NSE_EQ,5773.34,t,2026-08-11 11:53:08.98326+05:30,2026-08-13 10:18:23.760023+05:30,https://dhanarthi-stockguru.s3.amazonaws.com/company_logos_webp/IMFA.webp,t,2.68 x
ea6fa150-fa5e-4f92-8a32-80ce4ecba061,760726,BHARATCOAL,Bharat Coking Coal Limited,NSE,INE05XR01022,NSE_EQ,,t,2026-08-11 11:53:08.173906+05:30,2026-08-13 10:18:23.760023+05:30,,t,3.24 x
ea9cc9b2-14e6-4660-a56e-1235a26bce90,14900,SAHYADRI,Sahyadri Industries Limited,NSE,INE280H01015,NSE_EQ,296.95,t,2026-08-11 11:53:07.969776+05:30,2026-08-13 10:18:23.760023+05:30,https://dhanarthi-stockguru.s3.amazonaws.com/company_logos_webp/SAHYADRI.webp,f,
eaab695e-d580-4a4e-a7f2-43484c18142f,23830,RULKA,RULKA,NSE,INE0R7301013,NSE_EQ,52.25,t,2026-08-11 11:53:09.501618+05:30,2026-08-13 10:18:23.760023+05:30,https://dhanarthi-stockguru.s3.amazonaws.com/company_logos_webp/RULKA.webp,f,
eab1d95f-4939-4767-88c4-53793229d8ac,13323,DOLLEX,DOLLEX,NSE,INE0JHH01011,NSE_EQ,164.73,t,2026-08-11 11:53:09.333826+05:30,2026-08-13 10:18:23.760023+05:30,https://dhanarthi-stockguru.s3.amazonaws.com/company_logos_webp/DOLLEX.webp,f,
eb159598-d089-4ece-8220-5219ba3d6d01,11809,IIFL,IIFL Finance Limited,NSE,INE530B01024,NSE_EQ,21398.64,t,2026-08-11 11:53:07.599427+05:30,2026-08-13 10:18:23.760023+05:30,https://dhanarthi-stockguru.s3.amazonaws.com/company_logos_webp/IIFL.webp,t,2.83 x
eb21247f-b840-4159-baf6-32e80a10589a,8568,HITECHGEAR,The Hi-Tech Gears Limited,NSE,INE127B01011,NSE_EQ,1298.74,t,2026-08-11 11:53:08.404244+05:30,2026-08-13 10:18:23.760023+05:30,https://dhanarthi-stockguru.s3.amazonaws.com/company_logos_webp/HITECHGEAR.webp,f,
eb52ec13-7923-4978-9557-a296d25bf1ac,12024,ACI,Archean Chemical Industries Limited,NSE,INE128X01021,NSE_EQ,7772.49,t,2026-08-11 11:53:08.883235+05:30,2026-08-13 10:18:23.760023+05:30,https://dhanarthi-stockguru.s3.amazonaws.com/company_logos_webp/ACI.webp,t,3.17 x
eb6f8a73-d3aa-4d70-a89d-c1d4951e646d,14613,QFIL,QFIL,NSE,INE0O1M01015,NSE_EQ,19.71,t,2026-08-11 11:53:09.550065+05:30,2026-08-13 10:18:23.760023+05:30,https://dhanarthi-stockguru.s3.amazonaws.com/company_logos_webp/QFIL.webp,f,
eb83f6d6-6350-4a32-9305-7f9d56b9d7f0,762553,ASTAR,Asian Star Company Limited,NSE,INE194D01017,NSE_EQ,,t,2026-08-11 11:53:08.121787+05:30,2026-08-13 10:18:23.760023+05:30,,f,
eba13e33-a84f-4132-bf26-32c33e16bf15,17022,MAWANASUG,Mawana Sugars Limited,NSE,INE636A01039,NSE_EQ,350.51,t,2026-08-11 11:53:08.87527+05:30,2026-08-13 10:18:23.760023+05:30,https://dhanarthi-stockguru.s3.amazonaws.com/company_logos_webp/MAWANASUG.webp,f,
ebe3102f-f9d7-422a-a870-b5db13a97f84,13750,FLUOROCHEM,Gujarat Fluorochemicals Limited,NSE,INE09N301011,NSE_EQ,39103.68,t,2026-08-11 11:53:07.499428+05:30,2026-08-13 10:18:23.760023+05:30,https://dhanarthi-stockguru.s3.amazonaws.com/company_logos_webp/FLUOROCHEM.webp,t,3.28 x
ebf6510d-2bfc-4594-9578-8b1bfe1df5c7,30464,ACTIVEINFR,ACTIVEINFR,NSE,INE0KLO01025,NSE_EQ,259.5,t,2026-08-11 11:53:09.280147+05:30,2026-08-13 10:18:23.760023+05:30,,f,
ec064df5-9468-47f6-b259-32cf2120085a,13982,JASH,Jash Engineering Limited,NSE,INE039O01029,NSE_EQ,3163.09,t,2026-08-11 11:53:08.509009+05:30,2026-08-13 10:18:23.760023+05:30,https://dhanarthi-stockguru.s3.amazonaws.com/company_logos_webp/JASH.webp,t,2.5 x
ec06c6df-0fa8-4410-b464-d058a7a83861,16821,VINYLINDIA,Vinyl Chemicals (India) Limited,NSE,INE250B01029,NSE_EQ,511.02,t,2026-08-11 11:53:09.145235+05:30,2026-08-13 10:18:23.760023+05:30,https://dhanarthi-stockguru.s3.amazonaws.com/company_logos_webp/VINYLINDIA.webp,t,1.67 x
ec1a4835-2864-4475-9b7d-c821e675e72a,11821,WELCORP,Welspun Corp Limited,NSE,INE191B01025,NSE_EQ,22983.09,t,2026-08-11 11:53:09.166605+05:30,2026-08-13 10:18:23.760023+05:30,https://dhanarthi-stockguru.s3.amazonaws.com/company_logos_webp/WELCORP.webp,t,3 x
ec634bad-c382-494e-aad8-595e30ee4d41,3063,VEDL,Vedanta Limited,NSE,INE205A01025,NSE_EQ,188351.6,t,2026-08-11 11:53:08.883235+05:30,2026-08-13 10:18:23.760023+05:30,https://dhanarthi-stockguru.s3.amazonaws.com/company_logos_webp/VEDL.webp,t,2.38 x
ec79bcc3-904c-42df-a506-68bac947d99d,18372,CPS,CPS,NSE,INE0QBU01012,NSE_EQ,182.71,t,2026-08-11 11:53:09.316798+05:30,2026-08-13 10:18:23.77565+05:30,https://dhanarthi-stockguru.s3.amazonaws.com/company_logos_webp/CPS.webp,f,
ec7b5076-0497-4b3c-96cf-0f75bbb4d04e,5945,UWCSL,UWCSL,NSE,INE00F301010,NSE_EQ,59.44,t,2026-08-11 11:53:09.48377+05:30,2026-08-13 10:18:23.77565+05:30,https://dhanarthi-stockguru.s3.amazonaws.com/company_logos_webp/UWCSL.webp,f,
ecbe6553-cda1-4ac3-85f7-6173b3346239,15869,AUROIMPEX,AUROIMPEX,NSE,INE0NUL01018,NSE_EQ,57.36,t,2026-08-11 11:53:09.48377+05:30,2026-08-13 10:18:23.77565+05:30,https://dhanarthi-stockguru.s3.amazonaws.com/company_logos_webp/AUROIMPEX.webp,f,
ecc461ab-a218-4cea-9c3e-9a452ef1993d,16719,ALMONDZ,Almondz Global Securities Limited,NSE,INE326B01035,NSE_EQ,332.68,t,2026-08-11 11:53:08.104534+05:30,2026-08-13 10:18:23.77565+05:30,https://dhanarthi-stockguru.s3.amazonaws.com/company_logos_webp/ALMONDZ.webp,f,
ecf48e63-c8d2-404c-9bb5-5ccb1fdf2ab5,24961,ORIENTTECH,Orient Technologies Limited,NSE,INE0PPK01015,NSE_EQ,1513.26,t,2026-08-11 11:53:07.81617+05:30,2026-08-13 10:18:23.777119+05:30,https://dhanarthi-stockguru.s3.amazonaws.com/company_logos_webp/ORIENTTECH.webp,t,2.45 x
ed254143-a672-49ae-bafd-be110adb5a14,760101,SKFINDUS,SKF India (Industrial) Limited,NSE,INE2J8701016,NSE_EQ,12626.1,t,2026-08-11 11:53:08.196304+05:30,2026-08-13 10:18:23.777119+05:30,,t,3.56 x
ed4a1e42-6049-4c38-ae0e-b005f00fece2,2181,BOSCHLTD,Bosch Limited,NSE,INE323A01026,NSE_EQ,112069.75,t,2026-08-11 11:53:07.384171+05:30,2026-08-13 10:18:23.777119+05:30,https://dhanarthi-stockguru.s3.amazonaws.com/company_logos_webp/BOSCHLTD.webp,t,4.35 x
ed55b9c4-5562-4dd1-bcbd-524c1fe3a5f9,14110,AUTOIND,Autoline Industries Limited,NSE,INE718H01014,NSE_EQ,319.85,t,2026-08-11 11:53:07.333244+05:30,2026-08-13 10:18:23.778652+05:30,https://dhanarthi-stockguru.s3.amazonaws.com/company_logos_webp/AUTOIND.webp,f,
ed63c6f5-c1eb-4797-973a-e3bd20e33b36,22255,NDRAUTO,Ndr Auto Components Limited,NSE,INE07OG01012,NSE_EQ,2333.19,t,2026-08-11 11:53:07.718134+05:30,2026-08-13 10:18:23.778652+05:30,https://dhanarthi-stockguru.s3.amazonaws.com/company_logos_webp/NDRAUTO.webp,t,2.5 x
ed784837-0589-4a18-9e4c-155ed1382d5d,16827,KOKUYOCMLN,Kokuyo Camlin Limited,NSE,INE760A01029,NSE_EQ,1073.78,t,2026-08-11 11:53:08.659038+05:30,2026-08-13 10:18:23.778652+05:30,https://dhanarthi-stockguru.s3.amazonaws.com/company_logos_webp/KOKUYOCMLN.webp,t,2 x
ed94834d-6899-4e76-8da0-9eec65e18afc,18769,DIRL,DIRL,NSE,INE704V01015,NSE_EQ,18.62,t,2026-08-11 11:53:09.550065+05:30,2026-08-13 10:18:23.778652+05:30,,f,
edb72304-2b8b-48fa-a55c-d5d01411ace3,3150,SIEMENS,Siemens Limited,NSE,INE003A01024,NSE_EQ,112488.49,t,2026-08-11 11:53:08.104534+05:30,2026-08-13 10:18:23.778652+05:30,https://dhanarthi-stockguru.s3.amazonaws.com/company_logos_webp/SIEMENS.webp,t,4.17 x
edc5d5cf-c642-42e3-8a19-5154df79d88f,3329,ISGEC,Isgec Heavy Engineering Limited,NSE,INE858B01029,NSE_EQ,7077.64,t,2026-08-11 11:53:08.483046+05:30,2026-08-13 10:18:23.778652+05:30,https://dhanarthi-stockguru.s3.amazonaws.com/company_logos_webp/ISGEC.webp,t,2.91 x
ede2c1fb-7a86-46c2-8512-652e83513499,3918,NATCOPHARM,Natco Pharma Limited,NSE,INE987B01026,NSE_EQ,15876.8,t,2026-08-11 11:53:07.699563+05:30,2026-08-13 10:18:23.778652+05:30,https://dhanarthi-stockguru.s3.amazonaws.com/company_logos_webp/NATCOPHARM.webp,t,2.98 x
edf1f3d9-0b35-4cee-a969-f082951cd4f4,4344,PUNJABCHEM,Punjab Chemicals & Crop Protection Limited,NSE,INE277B01014,NSE_EQ,1579.33,t,2026-08-11 11:53:09.041508+05:30,2026-08-13 10:18:23.778652+05:30,https://dhanarthi-stockguru.s3.amazonaws.com/company_logos_webp/PUNJABCHEM.webp,t,2.5 x
edf347fe-1b8a-401a-84d1-a235debb25c3,14260,PGIL,Pearl Global Industries Limited,NSE,INE940H01022,NSE_EQ,6664.84,t,2026-08-11 11:53:07.866247+05:30,2026-08-13 10:18:23.778652+05:30,https://dhanarthi-stockguru.s3.amazonaws.com/company_logos_webp/PGIL.webp,t,2.56 x
edf3ca29-1f37-44c9-9877-d1846fbd128b,5358,PENINLAND,Peninsula Land Limited,NSE,INE138A01028,NSE_EQ,1089.06,t,2026-08-11 11:53:07.854273+05:30,2026-08-13 10:18:23.778652+05:30,https://dhanarthi-stockguru.s3.amazonaws.com/company_logos_webp/PENINLAND.webp,f,
ee39cbeb-f93f-4b27-8292-0a5a86c55f74,29666,HEXT,Hexaware Technologies Limited,NSE,INE093A01041,NSE_EQ,45634.26,t,2026-08-11 11:53:07.566237+05:30,2026-08-13 10:18:23.778652+05:30,,t,3.12 x
ee4abfce-f86e-47d8-9b4a-0cba6af2eddb,762909,SHRIKRISH,Shri Krishna Devcon Limited,NSE,INE997I01012,NSE_EQ,,t,2026-08-11 11:53:08.734248+05:30,2026-08-13 10:18:23.778652+05:30,,f,
ee602bc1-bdad-46bc-bcd0-927e4564c3ff,23786,ABSMARINE,ABSMARINE,NSE,INE0QRV01016,NSE_EQ,494.12,t,2026-08-11 11:53:09.233275+05:30,2026-08-13 10:18:23.778652+05:30,https://dhanarthi-stockguru.s3.amazonaws.com/company_logos_webp/ABSMARINE.webp,f,
ee6fa751-c2ad-4c18-a186-3f87c8da7c11,762526,ABANSENT,Abans Enterprises Limited,NSE,INE365O01028,NSE_EQ,,t,2026-08-11 11:53:07.616094+05:30,2026-08-13 10:18:23.778652+05:30,,f,
ee855454-e21f-46e3-87dc-418de9b20ef1,760961,FRACTAL,Fractal Analytics Limited,NSE,INE212S01015,NSE_EQ,,t,2026-08-11 11:53:08.316303+05:30,2026-08-13 10:18:23.778652+05:30,,t,3.25 x
eea8e498-3e19-449a-b8ab-a1ef4d13a0f0,29008,TVSHLTD,TVS Holdings Limited,NSE,INE105A01035,NSE_EQ,26839.89,t,2026-08-11 11:53:08.766558+05:30,2026-08-13 10:18:23.778652+05:30,https://dhanarthi-stockguru.s3.amazonaws.com/company_logos_webp/TVSHLTD.webp,t,3.27 x
eeaf82ad-0d74-4a9f-83f3-f6c25db54048,18514,PRAMARA,PRAMARA,NSE,INE0O7A01017,NSE_EQ,315.53,t,2026-08-11 11:53:08.833281+05:30,2026-08-13 10:18:23.778652+05:30,https://dhanarthi-stockguru.s3.amazonaws.com/company_logos_webp/PRAMARA.webp,f,
eeb442ef-b14b-401a-be2e-b5e4c530a0dc,21173,KCEIL,KCEIL,NSE,INE0RCG01017,NSE_EQ,302.34,t,2026-08-11 11:53:09.25798+05:30,2026-08-13 10:18:23.778652+05:30,https://dhanarthi-stockguru.s3.amazonaws.com/company_logos_webp/KCEIL.webp,f,
eec171aa-1f65-44e7-a82c-f812be4edef6,15420,ACL,Andhra Cements Limited,NSE,INE666E01020,NSE_EQ,698.77,t,2026-08-11 11:53:08.06671+05:30,2026-08-13 10:18:23.778652+05:30,https://dhanarthi-stockguru.s3.amazonaws.com/company_logos_webp/ACL.webp,f,
eecab10e-1626-4994-9556-60a4e8683bb8,21399,GANGESSECU,Ganges Securities Limited,NSE,INE335W01016,NSE_EQ,154.89,t,2026-08-11 11:53:07.516067+05:30,2026-08-13 10:18:23.778652+05:30,https://dhanarthi-stockguru.s3.amazonaws.com/company_logos_webp/GANGESSECU.webp,f,
eef6d10e-3b95-4889-a4df-e4e6f84eb83f,18391,RBLBANK,RBL Bank Limited,NSE,INE976G01028,NSE_EQ,17414.11,t,2026-08-11 11:53:09.066591+05:30,2026-08-13 10:18:23.778652+05:30,https://dhanarthi-stockguru.s3.amazonaws.com/company_logos_webp/RBLBANK.webp,t,4 x
ef0198a8-d1c5-4e0c-b939-c61a644f269e,2841,LXCHEM,Laxmi Organic Industries Limited,NSE,INE576O01020,NSE_EQ,5444.09,t,2026-08-11 11:53:07.832918+05:30,2026-08-13 10:18:23.778652+05:30,https://dhanarthi-stockguru.s3.amazonaws.com/company_logos_webp/LXCHEM.webp,t,2.83 x
ef040d64-d0fd-40fb-bb20-e5e8272aa671,11447,CMRSL,CMRSL,NSE,INE075Z01011,NSE_EQ,23.9,t,2026-08-11 11:53:09.550065+05:30,2026-08-13 10:18:23.778652+05:30,https://dhanarthi-stockguru.s3.amazonaws.com/company_logos_webp/CMRSL.webp,f,
ef3ae728-6e26-47eb-867d-9c34875696f6,5013,WALPAR,WALPAR,NSE,INE0G2G01015,NSE_EQ,41.85,t,2026-08-11 11:53:09.516964+05:30,2026-08-13 10:18:23.778652+05:30,https://dhanarthi-stockguru.s3.amazonaws.com/company_logos_webp/WALPAR.webp,f,
ef42431f-be31-4e45-9cda-a02ac0f0c7e4,14019,VEEDOL,Veedol Corporation Limited,NSE,INE484C01030,NSE_EQ,2987.55,t,2026-08-11 11:53:08.883235+05:30,2026-08-13 10:18:23.778652+05:30,,t,2.5 x
ef47dc72-17cd-4200-92f1-d4d759df2a3d,6364,NATIONALUM,National Aluminium Company Limited,NSE,INE139A01034,NSE_EQ,41318.82,t,2026-08-11 11:53:07.699563+05:30,2026-08-13 10:18:23.778652+05:30,https://dhanarthi-stockguru.s3.amazonaws.com/company_logos_webp/NATIONALUM.webp,t,3.59 x
ef4fb99c-cfdc-4537-b9a0-be32c1b45b05,7325,DCMSRIND,DCM Shriram Industries Limited,NSE,INE843D01027,NSE_EQ,1428.44,t,2026-08-11 11:53:07.432694+05:30,2026-08-13 10:18:23.778652+05:30,https://dhanarthi-stockguru.s3.amazonaws.com/company_logos_webp/DCMSRIND.webp,f,
f00e71bb-5cc1-4765-b21e-f91fc416b6cf,15073,BVCL,Barak Valley Cements Limited,NSE,INE139I01011,NSE_EQ,100.67,t,2026-08-11 11:53:08.202533+05:30,2026-08-13 10:18:23.778652+05:30,https://dhanarthi-stockguru.s3.amazonaws.com/company_logos_webp/BVCL.webp,f,
f0113c6c-17ab-4f56-acb1-90ef1e9129e5,24265,ESTER,Ester Industries Limited,NSE,INE778B01029,NSE_EQ,1079.83,t,2026-08-11 11:53:08.300128+05:30,2026-08-13 10:18:23.778652+05:30,https://dhanarthi-stockguru.s3.amazonaws.com/company_logos_webp/ESTER.webp,t,2 x
f034a350-3441-4716-89ce-b0c53d897334,25528,SDREAMS,SDREAMS,NSE,INE0X6F01017,NSE_EQ,218.27,t,2026-08-11 11:53:09.300416+05:30,2026-08-13 10:18:23.778652+05:30,https://dhanarthi-stockguru.s3.amazonaws.com/company_logos_webp/SDREAMS.webp,f,
f0371717-98ef-413c-bb52-aefc29893c5b,13637,JMFINANCIL,JM Financial Limited,NSE,INE780C01023,NSE_EQ,15704.47,t,2026-08-11 11:53:08.991121+05:30,2026-08-13 10:18:23.778652+05:30,https://dhanarthi-stockguru.s3.amazonaws.com/company_logos_webp/JMFINANCIL.webp,t,2.79 x
f05113ab-e0e8-4326-9a34-4b72e4f4cef2,18060,CONCORDBIO,Concord Biotech Limited,NSE,INE338H01029,NSE_EQ,16595.52,t,2026-08-11 11:53:07.418446+05:30,2026-08-13 10:18:23.778652+05:30,https://dhanarthi-stockguru.s3.amazonaws.com/company_logos_webp/CONCORDBIO.webp,t,2.9 x
f07aa804-85ca-429e-9030-af8cc60f8375,759439,PATELRMART,Patel Retail Limited,NSE,INE0R8B01010,NSE_EQ,772.03,t,2026-08-11 11:53:07.849489+05:30,2026-08-13 10:18:23.778652+05:30,,t,2 x
f0869216-1dcd-4221-91a7-58e5eea67fae,7109,JMA,Jullundur Motor Agency (Delhi) Limited,NSE,INE412C01023,NSE_EQ,202.93,t,2026-08-11 11:53:08.533071+05:30,2026-08-13 10:18:23.778652+05:30,https://dhanarthi-stockguru.s3.amazonaws.com/company_logos_webp/JMA.webp,f,
f0d4cc52-898e-4b8c-8b16-f3bda1813c6c,762628,COMFINTE,Comfort Intech Limited,NSE,INE819A01049,NSE_EQ,,t,2026-08-11 11:53:08.234674+05:30,2026-08-13 10:18:23.778652+05:30,,f,
f0f17461-6ac6-4de8-8942-5793cea9ee12,16908,TOUCHWOOD,Touchwood Entertainment Limited,NSE,INE486Y01013,NSE_EQ,114.75,t,2026-08-11 11:53:08.726926+05:30,2026-08-13 10:18:23.778652+05:30,https://dhanarthi-stockguru.s3.amazonaws.com/company_logos_webp/TOUCHWOOD.webp,f,
f10d93eb-de0e-4b2c-b191-5d025d2071d7,7848,BIL,Bhartiya International Limited,NSE,INE828A01016,NSE_EQ,1087.83,t,2026-08-11 11:53:07.372137+05:30,2026-08-13 10:18:23.778652+05:30,https://dhanarthi-stockguru.s3.amazonaws.com/company_logos_webp/BIL.webp,f,
f118de1a-e4ef-4903-afc4-6eac905efe3f,10982,SABAR,SABAR,NSE,INE0DZ101013,NSE_EQ,9.6,t,2026-08-11 11:53:09.574228+05:30,2026-08-13 10:18:23.778652+05:30,https://dhanarthi-stockguru.s3.amazonaws.com/company_logos_webp/SABAR.webp,f,
f11c62c7-3da1-442f-9503-ba4fc7372d0e,13875,JINDRILL,Jindal Drilling And Industries Limited,NSE,INE742C01031,NSE_EQ,1701.66,t,2026-08-11 11:53:08.516446+05:30,2026-08-13 10:18:23.778652+05:30,https://dhanarthi-stockguru.s3.amazonaws.com/company_logos_webp/JINDRILL.webp,t,2.55 x
f13364d9-8559-4007-8496-cc1c1625072a,16713,UBL,United Breweries Limited,NSE,INE686F01025,NSE_EQ,48008.5,t,2026-08-11 11:53:08.766558+05:30,2026-08-13 10:18:23.778652+05:30,https://dhanarthi-stockguru.s3.amazonaws.com/company_logos_webp/UBL.webp,t,3.76 x
f13655ee-9a15-4c2e-ba13-adcd04893d80,14435,JKTYRE,JK Tyre & Industries Limited,NSE,INE573A01042,NSE_EQ,10823.21,t,2026-08-11 11:53:08.991121+05:30,2026-08-13 10:18:23.778652+05:30,https://dhanarthi-stockguru.s3.amazonaws.com/company_logos_webp/JKTYRE.webp,t,3 x
f15ef611-0e53-4140-9be7-87670b28d5f0,13147,PVRINOX,PVR INOX Limited,NSE,INE191H01014,NSE_EQ,10617.46,t,2026-08-11 11:53:09.04541+05:30,2026-08-13 10:18:23.778652+05:30,https://dhanarthi-stockguru.s3.amazonaws.com/company_logos_webp/PVRINOX.webp,t,3.45 x
f1840863-53fb-45d3-bdfe-a6ea76569a9c,6643,SJS,S.J.S. Enterprises Limited,NSE,INE284S01014,NSE_EQ,4631.45,t,2026-08-11 11:53:08.148742+05:30,2026-08-13 10:18:23.778652+05:30,https://dhanarthi-stockguru.s3.amazonaws.com/company_logos_webp/SJS.webp,t,3.02 x
f1a36ee5-a81e-4e54-a5f9-38b1f217ccc5,7463,MANAKSTEEL,Manaksia Steels Limited,NSE,INE824Q01011,NSE_EQ,403.05,t,2026-08-11 11:53:08.823566+05:30,2026-08-13 10:18:23.778652+05:30,https://dhanarthi-stockguru.s3.amazonaws.com/company_logos_webp/MANAKSTEEL.webp,f,
f1d3412b-b28c-485d-a09a-5d8f091ddb59,13403,VARDHACRLC,Vardhman Acrylics Limited,NSE,INE116G01013,NSE_EQ,347.4,t,2026-08-11 11:53:08.851822+05:30,2026-08-13 10:18:23.778652+05:30,https://dhanarthi-stockguru.s3.amazonaws.com/company_logos_webp/VARDHACRLC.webp,f,
f1dd90b7-070e-45e1-90ab-4085453f50ab,19681,RCDL,RCDL,NSE,INE0BZQ01011,NSE_EQ,56.66,t,2026-08-11 11:53:09.48377+05:30,2026-08-13 10:18:23.778652+05:30,https://dhanarthi-stockguru.s3.amazonaws.com/company_logos_webp/RCDL.webp,f,
f200044f-4629-49d4-90ca-66fcc2b35d5c,10661,PONNIERODE,Ponni Sugars (Erode) Limited,NSE,INE838E01017,NSE_EQ,252.11,t,2026-08-11 11:53:07.888357+05:30,2026-08-13 10:18:23.778652+05:30,,t,1.67 x
f239e373-6f4d-4dc3-a035-75a52df734e6,10321,PKTEA,The Peria Karamalai Tea & Produce Company Limited,NSE,INE431F01018,NSE_EQ,230.14,t,2026-08-11 11:53:07.866247+05:30,2026-08-13 10:18:23.778652+05:30,https://dhanarthi-stockguru.s3.amazonaws.com/company_logos_webp/PKTEA.webp,f,
f260f483-046c-4902-a890-bc5a9ecd7b78,14198,TIMKEN,Timken India Limited,NSE,INE325A01013,NSE_EQ,23203.05,t,2026-08-11 11:53:08.666851+05:30,2026-08-13 10:18:23.778652+05:30,https://dhanarthi-stockguru.s3.amazonaws.com/company_logos_webp/TIMKEN.webp,t,3.33 x
f290ce8c-4a4a-4013-8d35-92c9bcdaeaf1,762732,KAMAHOLD,Kama Holdings Limited,NSE,INE411F01010,NSE_EQ,,t,2026-08-11 11:53:08.457215+05:30,2026-08-13 10:18:23.778652+05:30,,f,
f2c3d075-dddc-4f6e-b79c-9497ea7dac56,20531,BAJEL,Bajel Projects Limited,NSE,INE0KQN01018,NSE_EQ,2358.67,t,2026-08-11 11:53:08.152119+05:30,2026-08-13 10:18:23.778652+05:30,https://dhanarthi-stockguru.s3.amazonaws.com/company_logos_webp/BAJEL.webp,t,2 x
f2e98012-79a4-4971-b4a7-95a066be1b95,18566,RRKABEL,R R Kabel Limited,NSE,INE777K01022,NSE_EQ,15035.22,t,2026-08-11 11:53:07.949549+05:30,2026-08-13 10:18:23.778652+05:30,https://dhanarthi-stockguru.s3.amazonaws.com/company_logos_webp/RRKABEL.webp,t,2.98 x
f2edd825-cd7a-465c-b3fb-630564df7cca,5585,VIJAYA,Vijaya Diagnostic Centre Limited,NSE,INE043W01024,NSE_EQ,10551.41,t,2026-08-11 11:53:09.133227+05:30,2026-08-13 10:18:23.778652+05:30,,t,3.04 x
f2f1463f-40e9-470a-8f23-e1fe373ea21e,4668,BANKBARODA,Bank of Baroda,NSE,INE028A01039,NSE_EQ,135283.9,t,2026-08-11 11:53:07.355441+05:30,2026-08-13 10:18:23.778652+05:30,https://dhanarthi-stockguru.s3.amazonaws.com/company_logos_webp/BANKBARODA.webp,t,4.35 x
f317c4c7-de05-473e-89ec-212bf50808e0,13427,BHAGERIA,Bhageria Industries Limited,NSE,INE354C01027,NSE_EQ,831.43,t,2026-08-11 11:53:08.183371+05:30,2026-08-13 10:18:23.778652+05:30,https://dhanarthi-stockguru.s3.amazonaws.com/company_logos_webp/BHAGERIA.webp,f,
f32264be-b583-471f-890d-fb348d51e694,757953,EUROBOND,Euro Panel Products Limited,NSE,INE505V01016,NSE_EQ,506.91,t,2026-08-11 11:53:08.300128+05:30,2026-08-13 10:18:23.778652+05:30,https://dhanarthi-stockguru.s3.amazonaws.com/company_logos_webp/EUROBOND.webp,f,
f37f988c-4e90-4b1c-971b-ef8f3d12804a,27037,TBZ,Tribhovandas Bhimji Zaveri Limited,NSE,INE760L01018,NSE_EQ,1229.43,t,2026-08-11 11:53:08.587055+05:30,2026-08-13 10:18:23.794277+05:30,https://dhanarthi-stockguru.s3.amazonaws.com/company_logos_webp/TBZ.webp,t,2 x
f3948dd6-ecf0-448f-8175-4279fa4327c2,13300,NITCO,Nitco Limited,NSE,INE858F01012,NSE_EQ,2594.9,t,2026-08-11 11:53:07.749853+05:30,2026-08-13 10:18:23.794277+05:30,https://dhanarthi-stockguru.s3.amazonaws.com/company_logos_webp/NITCO.webp,t,2 x
f3aad22e-9934-4470-9798-9133112a2f8a,22846,GPTHEALTH,GPT Healthcare Limited,NSE,INE486R01017,NSE_EQ,1244.98,t,2026-08-11 11:53:08.366487+05:30,2026-08-13 10:18:23.794277+05:30,https://dhanarthi-stockguru.s3.amazonaws.com/company_logos_webp/GPTHEALTH.webp,t,2.5 x
f3b0e986-8773-4c7c-a8ca-eb5ca39ddda5,324,ANGELONE,Angel One Limited,NSE,INE732I01021,NSE_EQ,22895.96,t,2026-08-11 11:53:07.300879+05:30,2026-08-13 10:18:23.794277+05:30,https://dhanarthi-stockguru.s3.amazonaws.com/company_logos_webp/ANGELONE.webp,t,3.46 x
f3bb13a2-4ca6-4367-ab72-014805774b61,3672,SOLARA,Solara Active Pharma Sciences Limited,NSE,INE624Z01016,NSE_EQ,2205.85,t,2026-08-11 11:53:08.249896+05:30,2026-08-13 10:18:23.794277+05:30,https://dhanarthi-stockguru.s3.amazonaws.com/company_logos_webp/SOLARA.webp,t,2.5 x
f3cef1c0-b230-4a51-99dd-95e21a653c9e,17215,TRIDHYA,TRIDHYA,NSE,INE0LWY01029,NSE_EQ,38.89,t,2026-08-11 11:53:09.516964+05:30,2026-08-13 10:18:23.794277+05:30,https://dhanarthi-stockguru.s3.amazonaws.com/company_logos_webp/TRIDHYA.webp,f,
f3db37e5-c477-4905-9e70-d0ae981a620f,19,STYRENIX,Styrenix Performance Materials Limited,NSE,INE189B01011,NSE_EQ,4426.66,t,2026-08-11 11:53:08.423661+05:30,2026-08-13 10:18:23.794277+05:30,https://dhanarthi-stockguru.s3.amazonaws.com/company_logos_webp/STYRENIX.webp,t,3.26 x
f404c00a-8592-4a54-ba9b-4bf7e8177222,16725,RPGLIFE,RPG Life Sciences Limited,NSE,INE105J01010,NSE_EQ,3902.31,t,2026-08-11 11:53:07.949549+05:30,2026-08-13 10:18:23.794277+05:30,https://dhanarthi-stockguru.s3.amazonaws.com/company_logos_webp/RPGLIFE.webp,t,2.9 x
f415b1fe-fb59-4247-aa08-1084115ae7b8,5186,STYLAMIND,Stylam Industries Limited,NSE,INE239C01020,NSE_EQ,3181.13,t,2026-08-11 11:53:08.423661+05:30,2026-08-13 10:18:23.794277+05:30,,t,3.05 x
f46b7b73-02cb-4685-899d-be4522d865d2,12489,SWSOLAR,Sterling and Wilson Renewable Energy Limited,NSE,INE00M201021,NSE_EQ,5956.87,t,2026-08-11 11:53:08.516446+05:30,2026-08-13 10:18:23.794277+05:30,,t,2.72 x
f46c6073-176f-4151-b5ec-084a7ab35a4e,9854,RILINFRA,RILINFRA,NSE,INE02OY01016,NSE_EQ,67.78,t,2026-08-11 11:53:09.478253+05:30,2026-08-13 10:18:23.794277+05:30,https://dhanarthi-stockguru.s3.amazonaws.com/company_logos_webp/RILINFRA.webp,f,
f47fb7f6-4801-4c50-a250-a34354141f85,11212,SHK,S H Kelkar and Company Limited,NSE,INE500L01026,NSE_EQ,3021.82,t,2026-08-11 11:53:08.006368+05:30,2026-08-13 10:18:23.794277+05:30,https://dhanarthi-stockguru.s3.amazonaws.com/company_logos_webp/SHK.webp,t,2.5 x
f47fe66f-b236-4300-b998-5fd95185eecf,30262,DIVINEHIRA,DIVINEHIRA,NSE,INE0NA501011,NSE_EQ,147.6,t,2026-08-11 11:53:09.361041+05:30,2026-08-13 10:18:23.794277+05:30,,f,
f4805d09-603e-4e7c-8a7a-9745160da901,2649,PCBL,PCBL Chemical Limited,NSE,INE602A01031,NSE_EQ,13896.25,t,2026-08-11 11:53:07.854273+05:30,2026-08-13 10:18:23.794277+05:30,https://dhanarthi-stockguru.s3.amazonaws.com/company_logos_webp/PCBL.webp,t,2.81 x
f4a9c277-fd47-4096-889e-bf33d2cd2176,25684,JISLDVREQS,Jain Irrigation Systems Limited,NSE,IN9175A01010,NSE_EQ,,t,2026-08-11 11:53:08.457215+05:30,2026-08-13 10:18:23.794277+05:30,https://dhanarthi-stockguru.s3.amazonaws.com/company_logos_webp/SHUBHSHREE.webp,f,
f4b29024-5f22-4d54-94ad-fb4319e9f07b,11045,SATIA,Satia Industries Limited,NSE,INE170E01023,NSE_EQ,787.39,t,2026-08-11 11:53:07.986943+05:30,2026-08-13 10:18:23.794277+05:30,https://dhanarthi-stockguru.s3.amazonaws.com/company_logos_webp/SATIA.webp,f,
f4b42ebd-d6cd-45d2-a01c-73aae80cf2d8,5578,ACUTAAS,Acutaas Chemicals Limited,NSE,INE00FF01025,NSE_EQ,12190.94,t,2026-08-11 11:53:08.883235+05:30,2026-08-13 10:18:23.794277+05:30,,t,1 x
f4e5d2f8-6f35-45ef-bbb9-eee47c044a5e,3987,GREENPLY,Greenply Industries Limited,NSE,INE461C01038,NSE_EQ,3751.27,t,2026-08-11 11:53:08.370496+05:30,2026-08-13 10:18:23.794277+05:30,https://dhanarthi-stockguru.s3.amazonaws.com/company_logos_webp/GREENPLY.webp,t,2.86 x
f4f4de3e-62c9-43ec-a859-094cc02cbc76,10893,DBOL,Dhampur Bio Organics Limited,NSE,INE0I3401014,NSE_EQ,543.11,t,2026-08-11 11:53:08.249896+05:30,2026-08-13 10:18:23.794277+05:30,https://dhanarthi-stockguru.s3.amazonaws.com/company_logos_webp/DBOL.webp,f,
f50e69aa-a97a-4ebb-a0ec-7c556b8c3d7f,10753,UNIONBANK,Union Bank of India,NSE,INE692A01016,NSE_EQ,108951.3,t,2026-08-11 11:53:08.799799+05:30,2026-08-13 10:18:23.794277+05:30,https://dhanarthi-stockguru.s3.amazonaws.com/company_logos_webp/UNIONBANK.webp,t,4.01 x
f51a4ea4-eeb9-43f8-a181-5837ead7f591,10622,SADBHIN,Sadbhav Infrastructure Project Limited,NSE,INE764L01010,NSE_EQ,142.04,t,2026-08-11 11:53:07.949549+05:30,2026-08-13 10:18:23.794277+05:30,https://dhanarthi-stockguru.s3.amazonaws.com/company_logos_webp/SADBHIN.webp,f,
f539638b-d555-4894-93af-616a0c52f980,8475,MITCON,MITCON Consultancy & Engineering Services Limited,NSE,INE828O01033,NSE_EQ,114.86,t,2026-08-11 11:53:07.649447+05:30,2026-08-13 10:18:23.794277+05:30,https://dhanarthi-stockguru.s3.amazonaws.com/company_logos_webp/MITCON.webp,f,
f5591818-f361-4ed0-9424-fbd6b53ee049,16454,DENTALKART,DENTALKART,NSE,INE0N5801013,NSE_EQ,1006,t,2026-08-11 11:53:07.899672+05:30,2026-08-13 10:18:23.794277+05:30,https://dhanarthi-stockguru.s3.amazonaws.com/company_logos_webp/DENTALKART.webp,f,
f560d3a2-b407-439b-8443-1848df31662d,31234,SCHNEIDER,Schneider Electric Infrastructure Limited,NSE,INE839M01018,NSE_EQ,19958.39,t,2026-08-11 11:53:08.021031+05:30,2026-08-13 10:18:23.794277+05:30,https://dhanarthi-stockguru.s3.amazonaws.com/company_logos_webp/SCHNEIDER.webp,t,2 x
f56453a7-c168-40ef-98f8-9fafce705826,21508,COCHINSHIP,Cochin Shipyard Limited,NSE,INE704P01025,NSE_EQ,46226.59,t,2026-08-11 11:53:07.399737+05:30,2026-08-13 10:18:23.794277+05:30,https://dhanarthi-stockguru.s3.amazonaws.com/company_logos_webp/COCHINSHIP.webp,t,3.33 x
f5772487-1f87-429c-8e72-6f774996d9c7,9428,SKIPPER,Skipper Limited,NSE,INE439E01022,NSE_EQ,5621.3,t,2026-08-11 11:53:08.196304+05:30,2026-08-13 10:18:23.794277+05:30,https://dhanarthi-stockguru.s3.amazonaws.com/company_logos_webp/SKIPPER.webp,t,2.77 x
f57cc5da-626e-4fcc-aa6a-9b48a5c1a2d5,17477,CONTROLPR,Control Print Limited,NSE,INE663B01015,NSE_EQ,1218.31,t,2026-08-11 11:53:08.234674+05:30,2026-08-13 10:18:23.794277+05:30,https://dhanarthi-stockguru.s3.amazonaws.com/company_logos_webp/CONTROLPR.webp,t,2.5 x
f57e111a-0473-42f4-a666-8906dabddd50,8797,OBCL,Orissa Bengal Carrier Limited,NSE,INE426Z01016,NSE_EQ,117.04,t,2026-08-11 11:53:07.76627+05:30,2026-08-13 10:18:23.794277+05:30,https://dhanarthi-stockguru.s3.amazonaws.com/company_logos_webp/OBCL.webp,f,
f5999d03-293a-44ac-868e-ebf14de88cfc,9342,PNC,Pritish Nandy Communications Limited,NSE,INE392B01011,NSE_EQ,42.84,t,2026-08-11 11:53:07.88335+05:30,2026-08-13 10:18:23.794277+05:30,https://dhanarthi-stockguru.s3.amazonaws.com/company_logos_webp/PNC.webp,f,
f59d24d1-c25b-497d-8890-edb442f06172,758568,SHKSIL,SHKSIL,NSE,INE0NON01025,NSE_EQ,121.62,t,2026-08-11 11:53:09.392936+05:30,2026-08-13 10:18:23.794277+05:30,,f,
f5d1481c-bfdf-4669-8dea-bf3671ffcab3,11532,ULTRACEMCO,UltraTech Cement Limited,NSE,INE481G01011,NSE_EQ,358045.48,t,2026-08-11 11:53:08.783106+05:30,2026-08-13 10:18:23.794277+05:30,,t,4.55 x
f5dd5d8d-e036-4632-9880-39b402d1d20f,19206,VINYAS,VINYAS,NSE,INE0OLS01010,NSE_EQ,1549.44,t,2026-08-11 11:53:09.166605+05:30,2026-08-13 10:18:23.794277+05:30,https://dhanarthi-stockguru.s3.amazonaws.com/company_logos_webp/VINYAS.webp,f,
f5f1f100-f0fb-4e3f-b844-4d17b1e8e458,19863,SARTELE,SARTELE,NSE,INE0PUC01020,NSE_EQ,965.67,t,2026-08-11 11:53:09.202139+05:30,2026-08-13 10:18:23.794277+05:30,https://dhanarthi-stockguru.s3.amazonaws.com/company_logos_webp/SARTELE.webp,f,
f5fa940e-32c6-4f5f-bfc6-5167ae1313e1,9539,SAKAR,Sakar Healthcare Limited,NSE,INE732S01012,NSE_EQ,803.1,t,2026-08-11 11:53:07.970286+05:30,2026-08-13 10:18:23.794277+05:30,https://dhanarthi-stockguru.s3.amazonaws.com/company_logos_webp/SAKAR.webp,t,2 x
f601d759-36d5-4969-9fae-e36ef3dfba60,758682,REGAAL,Regaal Resources Limited,NSE,INE0MHO01029,NSE_EQ,930.26,t,2026-08-11 11:53:09.076099+05:30,2026-08-13 10:18:23.794277+05:30,,f,
f640b829-62e3-46ae-ac14-b0e8dd70ebd8,19813,HONASA,Honasa Consumer Limited,NSE,INE0J5401028,NSE_EQ,9245.36,t,2026-08-11 11:53:08.966518+05:30,2026-08-13 10:18:23.794277+05:30,https://dhanarthi-stockguru.s3.amazonaws.com/company_logos_webp/HONASA.webp,t,3.08 x
f643e502-d284-4548-ac7b-a088c1e5c8be,756038,WAAREERTL,Waaree Renewable Technologies Limited,NSE,INE299N01021,NSE_EQ,11170.46,t,2026-08-11 11:53:09.166605+05:30,2026-08-13 10:18:23.794277+05:30,,t,2.73 x
f68f7964-a2db-4067-8614-5f8321dfb857,23714,WINSOL,WINSOL,NSE,INE0S3D01016,NSE_EQ,218.57,t,2026-08-11 11:53:09.300416+05:30,2026-08-13 10:18:23.794277+05:30,https://dhanarthi-stockguru.s3.amazonaws.com/company_logos_webp/WINSOL.webp,f,
f6be9e73-a799-4415-8d20-3d76d2a2796d,6125,GOODLUCK,Goodluck India Limited,NSE,INE127I01024,NSE_EQ,3801.93,t,2026-08-11 11:53:08.349673+05:30,2026-08-13 10:18:23.794277+05:30,https://dhanarthi-stockguru.s3.amazonaws.com/company_logos_webp/GOODLUCK.webp,t,2.71 x
f6e30abd-c732-4f09-a6ee-aeb95e6e466c,6052,BMETRICS,BMETRICS,NSE,INE0I3Y01014,NSE_EQ,58.22,t,2026-08-11 11:53:09.48377+05:30,2026-08-13 10:18:23.794277+05:30,https://dhanarthi-stockguru.s3.amazonaws.com/company_logos_webp/BMETRICS.webp,f,
f6e3f53f-185c-47af-8369-7cc7eb3fb419,9300,IFBAGRO,IFB Agro Industries Limited,NSE,INE076C01018,NSE_EQ,951.86,t,2026-08-11 11:53:08.418862+05:30,2026-08-13 10:18:23.794277+05:30,https://dhanarthi-stockguru.s3.amazonaws.com/company_logos_webp/IFBAGRO.webp,f,
f6f6878d-0b32-45e2-91d1-656db6d2fe7c,759251,EPACKPEB,EPack Prefab Technologies Limited,NSE,INE0MLS01022,NSE_EQ,2768.5,t,2026-08-11 11:53:08.300128+05:30,2026-08-13 10:18:23.794277+05:30,,t,2.5 x
f7069b66-07c5-4e64-b370-57dda773875a,1660,ITC,ITC Limited,NSE,INE154A01025,NSE_EQ,511626.19,t,2026-08-11 11:53:08.483046+05:30,2026-08-13 10:18:23.794277+05:30,https://dhanarthi-stockguru.s3.amazonaws.com/company_logos_webp/ITC.webp,t,4.55 x
f76e6564-daf2-4ff0-809b-ead612723861,24150,FALCONTECH,FALCONTECH,NSE,INE0PQK01013,NSE_EQ,9.6,t,2026-08-11 11:53:09.574228+05:30,2026-08-13 10:18:23.794277+05:30,https://dhanarthi-stockguru.s3.amazonaws.com/company_logos_webp/FALCONTECH.webp,f,
f77be730-c6c3-45bb-bc30-1bf274bea45c,7390,SUPRIYA,Supriya Lifescience Limited,NSE,INE07RO01027,NSE_EQ,5759.7,t,2026-08-11 11:53:08.499691+05:30,2026-08-13 10:18:23.794277+05:30,https://dhanarthi-stockguru.s3.amazonaws.com/company_logos_webp/SUPRIYA.webp,t,2.6 x
f77c4b39-bb6a-47d2-b1f9-122bb9b7ae79,3880,SOMANYCERA,Somany Ceramics Limited,NSE,INE355A01028,NSE_EQ,1951.31,t,2026-08-11 11:53:08.26552+05:30,2026-08-13 10:18:23.794277+05:30,https://dhanarthi-stockguru.s3.amazonaws.com/company_logos_webp/SOMANYCERA.webp,t,2 x
f7a1c52e-93f2-4ed2-a5ee-427a2ff7920a,761386,MARSONS,Marsons Limited,NSE,INE415B01044,NSE_EQ,,t,2026-08-11 11:53:08.533071+05:30,2026-08-13 10:18:23.794277+05:30,,t,2 x
f7a62a43-adb0-41c8-8689-da3e1d55a282,22377,MAXHEALTH,Max Healthcare Institute Limited,NSE,INE027H01010,NSE_EQ,113887.31,t,2026-08-11 11:53:08.87527+05:30,2026-08-13 10:18:23.794277+05:30,https://dhanarthi-stockguru.s3.amazonaws.com/company_logos_webp/MAXHEALTH.webp,t,4.17 x
f7bc0ab9-ddc2-49f8-a348-f4f4b64beea9,11794,SAKSOFT,Saksoft Limited,NSE,INE667G01023,NSE_EQ,2742.13,t,2026-08-11 11:53:07.970286+05:30,2026-08-13 10:18:23.794277+05:30,https://dhanarthi-stockguru.s3.amazonaws.com/company_logos_webp/SAKSOFT.webp,t,2.5 x
f7c52164-65d6-449f-b23e-c397c2297249,18033,MBLINFRA,MBL Infrastructure Limited,NSE,INE912H01013,NSE_EQ,573.4,t,2026-08-11 11:53:07.632766+05:30,2026-08-13 10:18:23.794277+05:30,https://dhanarthi-stockguru.s3.amazonaws.com/company_logos_webp/MBLINFRA.webp,f,
f7c895a4-de8e-4b7b-96c4-d9cdf62271f2,10993,INDORAMA,Indo Rama Synthetics (India) Limited,NSE,INE156A01020,NSE_EQ,1414.96,t,2026-08-11 11:53:08.433272+05:30,2026-08-13 10:18:23.794277+05:30,https://dhanarthi-stockguru.s3.amazonaws.com/company_logos_webp/INDORAMA.webp,t,1 x
f7d646bb-541f-4ffa-8c9d-ae1421236bef,22233,DHUNINV,Dhunseri Investments Limited,NSE,INE320L01011,NSE_EQ,845.02,t,2026-08-11 11:53:07.449913+05:30,2026-08-13 10:18:23.794277+05:30,https://dhanarthi-stockguru.s3.amazonaws.com/company_logos_webp/DHUNINV.webp,f,
f7effd6a-4a96-45a8-9329-ed76b4b86554,24395,DELPHIFX,DELPHI WORLD MONEY LIMITED,NSE,INE726L01027,NSE_EQ,299.98,t,2026-08-11 11:53:08.033343+05:30,2026-08-13 10:18:23.794277+05:30,https://dhanarthi-stockguru.s3.amazonaws.com/company_logos_webp/DELPHIFX.webp,f,
f7f8a5f4-23b5-40f5-9a34-1b40b95d482c,20831,MUTHOOTMF,Muthoot Microfin Limited,NSE,INE046W01019,NSE_EQ,2850.98,t,2026-08-11 11:53:07.699563+05:30,2026-08-13 10:18:23.809914+05:30,https://dhanarthi-stockguru.s3.amazonaws.com/company_logos_webp/MUTHOOTMF.webp,t,2.83 x
f7fef05e-f83b-4694-9c90-4e145779debf,2643,PFIZER,Pfizer Limited,NSE,INE182A01018,NSE_EQ,23807.76,t,2026-08-11 11:53:07.86568+05:30,2026-08-13 10:18:23.809914+05:30,https://dhanarthi-stockguru.s3.amazonaws.com/company_logos_webp/PFIZER.webp,t,3.65 x
f8438b80-81c5-4950-a0e7-70710ae75567,3546,TTKPRESTIG,TTK Prestige Limited,NSE,INE690A01028,NSE_EQ,8856.71,t,2026-08-11 11:53:08.749803+05:30,2026-08-13 10:18:23.809914+05:30,https://dhanarthi-stockguru.s3.amazonaws.com/company_logos_webp/TTKPRESTIG.webp,t,3.21 x
f8cf8ad7-6eb7-4c9d-b03a-909e3ba97476,1412,AGI,AGI Greenpac Limited,NSE,INE415A01038,NSE_EQ,5412.79,t,2026-08-11 11:53:08.082996+05:30,2026-08-13 10:18:23.809914+05:30,https://dhanarthi-stockguru.s3.amazonaws.com/company_logos_webp/AGI.webp,t,2.77 x
f8e23c8b-4d14-41ba-9461-da3d105562f0,10948,STCINDIA,The State Trading Corporation of India Limited,NSE,INE655A01013,NSE_EQ,763.25,t,2026-08-11 11:53:08.333105+05:30,2026-08-13 10:18:23.809914+05:30,https://dhanarthi-stockguru.s3.amazonaws.com/company_logos_webp/STCINDIA.webp,t,2 x
f909fe34-a1f9-4998-9c9a-b7356bfc9b29,13404,SUNTV,Sun TV Network Limited,NSE,INE424H01027,NSE_EQ,22231.8,t,2026-08-11 11:53:08.466626+05:30,2026-08-13 10:18:23.809914+05:30,https://dhanarthi-stockguru.s3.amazonaws.com/company_logos_webp/SUNTV.webp,t,3.3 x
f91034f9-7f20-4798-913f-859c734dd215,21713,LASA,Lasa Supergenerics Limited,NSE,INE670X01014,NSE_EQ,53,t,2026-08-11 11:53:08.722926+05:30,2026-08-13 10:18:23.809914+05:30,https://dhanarthi-stockguru.s3.amazonaws.com/company_logos_webp/LASA.webp,f,
f91c323a-5c8c-47b7-be8a-cfda908c07cc,762685,FRONTSP,Frontier Springs Limited,NSE,INE572D01014,NSE_EQ,,t,2026-08-11 11:53:08.316303+05:30,2026-08-13 10:18:23.809914+05:30,,f,
f9671f51-6ab8-4b13-938c-bea1a50ec92f,5475,GRSE,Garden Reach Shipbuilders & Engineers Limited,NSE,INE382Z01011,NSE_EQ,29786.16,t,2026-08-11 11:53:07.549834+05:30,2026-08-13 10:18:23.809914+05:30,https://dhanarthi-stockguru.s3.amazonaws.com/company_logos_webp/GRSE.webp,t,2.5 x
f97da437-34ba-4e13-8f30-9058a04f10d1,11975,RML,Rane (Madras) Limited,NSE,INE050H01012,NSE_EQ,2284.34,t,2026-08-11 11:53:07.9329+05:30,2026-08-13 10:18:23.809914+05:30,https://dhanarthi-stockguru.s3.amazonaws.com/company_logos_webp/RML.webp,t,2.5 x
f99551d4-24ac-4b44-acbc-4afd676001a6,762593,BIRLAPREC,Birla Precision Technologies Limited,NSE,INE372E01025,NSE_EQ,,t,2026-08-11 11:53:08.183371+05:30,2026-08-13 10:18:23.809914+05:30,,f,
f9987090-d414-4058-aed1-c3d1afe7797a,19653,KALYANI,Kalyani Commercials Limited,NSE,INE610E01010,NSE_EQ,13.78,t,2026-08-11 11:53:08.587055+05:30,2026-08-13 10:18:23.809914+05:30,,f,
f9e595f9-9037-432e-9768-9fb48f96feb8,24882,BALCO,BALCO,NSE,INE0U0201016,NSE_EQ,12.47,t,2026-08-11 11:53:09.566749+05:30,2026-08-13 10:18:23.809914+05:30,https://dhanarthi-stockguru.s3.amazonaws.com/company_logos_webp/BALCO.webp,f,
f9fc4d7f-6b36-474a-a8f2-fcd252481082,12153,BBTCL,B&B Triplewall Containers Limited,NSE,INE01EE01011,NSE_EQ,400.92,t,2026-08-11 11:53:07.357961+05:30,2026-08-13 10:18:23.809914+05:30,https://dhanarthi-stockguru.s3.amazonaws.com/company_logos_webp/BBTCL.webp,f,
fa1f721a-8cd8-4705-b50b-65f23e31897b,15140,KAUSHALYA,Kaushalya Infrastructure Development Corporation Limited,NSE,INE234I01028,NSE_EQ,35.11,t,2026-08-11 11:53:08.599841+05:30,2026-08-13 10:18:23.809914+05:30,,f,
fa2ead06-9cbc-4a47-8a72-914954303dd2,23386,VHLTD,Viceroy Hotels Limited,NSE,INE048C01025,NSE_EQ,805.63,t,2026-08-11 11:53:07.399737+05:30,2026-08-13 10:18:23.809914+05:30,https://dhanarthi-stockguru.s3.amazonaws.com/company_logos_webp/VHLTD.webp,f,
fa55786c-103d-407c-9f7e-fff7139f9e79,17170,GLOBALPET,GLOBALPET,NSE,INE0PS501019,NSE_EQ,160.27,t,2026-08-11 11:53:09.350167+05:30,2026-08-13 10:18:23.809914+05:30,https://dhanarthi-stockguru.s3.amazonaws.com/company_logos_webp/GLOBALPET.webp,f,
fa6a174d-6eeb-4fca-bad3-5b3e63cc3a63,762533,ACSTECH,ACS Technologies Limited,NSE,INE366C01021,NSE_EQ,,t,2026-08-11 11:53:08.06671+05:30,2026-08-13 10:18:23.809914+05:30,,f,
fa859eed-161f-4e1c-bb58-00aa00b6d4f2,25724,RUPA,Rupa & Company Limited,NSE,INE895B01021,NSE_EQ,1551.59,t,2026-08-11 11:53:09.095169+05:30,2026-08-13 10:18:23.809914+05:30,https://dhanarthi-stockguru.s3.amazonaws.com/company_logos_webp/RUPA.webp,t,2.5 x
fa866ac4-6be1-4529-9614-f693eba13663,1038,FINCABLES,Finolex Cables Limited,NSE,INE235A01022,NSE_EQ,12637.25,t,2026-08-11 11:53:07.499428+05:30,2026-08-13 10:18:23.809914+05:30,https://dhanarthi-stockguru.s3.amazonaws.com/company_logos_webp/FINCABLES.webp,t,2.92 x
fa8f9eca-ba48-4854-bb49-16b4cd4c2a58,10726,INDIAMART,Indiamart Intermesh Limited,NSE,INE933S01016,NSE_EQ,14756.93,t,2026-08-11 11:53:07.599427+05:30,2026-08-13 10:18:23.809914+05:30,https://dhanarthi-stockguru.s3.amazonaws.com/company_logos_webp/INDIAMART.webp,t,3.53 x
fa91e7ee-14ad-4498-a292-ce795b30e354,17142,IDEAFORGE,Ideaforge Technology Limited,NSE,INE349Y01013,NSE_EQ,2103.64,t,2026-08-11 11:53:08.417863+05:30,2026-08-13 10:18:23.809914+05:30,https://dhanarthi-stockguru.s3.amazonaws.com/company_logos_webp/IDEAFORGE.webp,f,
fa9e3ec2-237c-4b50-9dfa-e2d021aabba5,762638,DECNGOLD,Deccan Gold Mines Limited,NSE,INE945F01025,NSE_EQ,,t,2026-08-11 11:53:08.234674+05:30,2026-08-13 10:18:23.809914+05:30,,f,
faee3be4-e1e5-471c-808e-eaa0d45079ef,27754,INNOVANA,Innovana Thinklabs Limited,NSE,INE403Y01018,NSE_EQ,1027.69,t,2026-08-11 11:53:08.449906+05:30,2026-08-13 10:18:23.809914+05:30,https://dhanarthi-stockguru.s3.amazonaws.com/company_logos_webp/INNOVANA.webp,f,
fb0f6d78-9967-4ddc-a0f1-1f24d6df3ab3,6713,MOLDTKPAC,Mold-Tek Packaging Limited,NSE,INE893J01029,NSE_EQ,2387.78,t,2026-08-11 11:53:07.67541+05:30,2026-08-13 10:18:23.809914+05:30,https://dhanarthi-stockguru.s3.amazonaws.com/company_logos_webp/MOLDTKPAC.webp,t,2.5 x
fb41f279-7c2a-4cc2-b671-03fe9a0ca6e1,757478,SCODATUBES,Scoda Tubes Limited,NSE,INE090501011,NSE_EQ,1047.52,t,2026-08-11 11:53:08.021031+05:30,2026-08-13 10:18:23.809914+05:30,,t,2 x
fb457b19-36dd-4d56-aedf-a0588efbe1a3,20213,SUNREST,SUNREST,NSE,INE0PLZ01012,NSE_EQ,20.45,t,2026-08-11 11:53:09.550065+05:30,2026-08-13 10:18:23.809914+05:30,https://dhanarthi-stockguru.s3.amazonaws.com/company_logos_webp/SUNREST.webp,f,
fb50fc92-f495-4d8d-81d0-ee9ff0c1e3c7,5449,CHEMPLASTS,Chemplast Sanmar Limited,NSE,INE488A01050,NSE_EQ,5980.28,t,2026-08-11 11:53:08.21644+05:30,2026-08-13 10:18:23.809914+05:30,https://dhanarthi-stockguru.s3.amazonaws.com/company_logos_webp/CHEMPLASTS.webp,t,2.77 x
fb5591f2-0ab4-4fa5-a4fd-5188775cf584,9570,KHFM,KHFM,NSE,INE00UG01014,NSE_EQ,162.43,t,2026-08-11 11:53:09.350167+05:30,2026-08-13 10:18:23.809914+05:30,https://dhanarthi-stockguru.s3.amazonaws.com/company_logos_webp/KHFM.webp,f,
fb7808ad-373d-4e60-93be-3004028f9ffd,14296,VIYASH,Viyash Scientific Limited,NSE,INE807F01027,NSE_EQ,,t,2026-08-11 11:53:09.100075+05:30,2026-08-13 10:18:23.809914+05:30,,t,2.77 x
fb78e0d4-870b-49fa-a67e-3a2526085c45,29727,ROYALARC,ROYALARC,NSE,INE0EO401019,NSE_EQ,173.68,t,2026-08-11 11:53:09.333826+05:30,2026-08-13 10:18:23.809914+05:30,,f,
fbaa1359-a717-4ad5-a15d-e698b776eeb6,18479,ISFT,Intrasoft Technologies Limited,NSE,INE566K01011,NSE_EQ,161.64,t,2026-08-11 11:53:08.483046+05:30,2026-08-13 10:18:23.809914+05:30,https://dhanarthi-stockguru.s3.amazonaws.com/company_logos_webp/ISFT.webp,f,
fbab596d-ce71-4953-b712-717d22546bc6,637,CHAMBLFERT,Chambal Fertilizers & Chemicals Limited,NSE,INE085A01013,NSE_EQ,20316.46,t,2026-08-11 11:53:07.399737+05:30,2026-08-13 10:18:23.809914+05:30,https://dhanarthi-stockguru.s3.amazonaws.com/company_logos_webp/CHAMBLFERT.webp,t,3.3 x
fbb41703-64b0-4fc9-8e25-9f20c8a2cc91,16705,GOKUL,Gokul Refoils and Solvent Limited,NSE,INE020J01029,NSE_EQ,408.44,t,2026-08-11 11:53:08.349673+05:30,2026-08-13 10:18:23.809914+05:30,https://dhanarthi-stockguru.s3.amazonaws.com/company_logos_webp/GOKUL.webp,f,
fbb9d1bf-befc-4abc-9b12-9b8397fa3d9d,16783,GVT&D,GE Vernova T&D India Limited,NSE,INE200A01026,NSE_EQ,72684.76,t,2026-08-11 11:53:07.566237+05:30,2026-08-13 10:18:23.809914+05:30,,t,2.86 x
fbd79fe3-f1f7-44fc-a471-b9bf57d18819,8691,MUKTAARTS,Mukta Arts Limited,NSE,INE374B01019,NSE_EQ,160.29,t,2026-08-11 11:53:07.686802+05:30,2026-08-13 10:18:23.809914+05:30,https://dhanarthi-stockguru.s3.amazonaws.com/company_logos_webp/MUKTAARTS.webp,f,
fbdc7ff3-d298-4fc7-8d69-9e0b9228cb8c,762792,MERCANTILE,Mercantile Ventures Limited,NSE,INE689O01013,NSE_EQ,,t,2026-08-11 11:53:08.533071+05:30,2026-08-13 10:18:23.809914+05:30,,f,
fbf56fe8-bef9-47d0-9950-567745c76c71,14055,GRCL,GRCL,NSE,INE0LVM01018,NSE_EQ,224.41,t,2026-08-11 11:53:09.300416+05:30,2026-08-13 10:18:23.809914+05:30,https://dhanarthi-stockguru.s3.amazonaws.com/company_logos_webp/GRCL.webp,f,
fbf58c4a-070b-46e7-b388-c50fef0b359c,762899,SHBAJRG,Shri Bajrang Alliance Limited,NSE,INE402H01015,NSE_EQ,,t,2026-08-11 11:53:08.724927+05:30,2026-08-13 10:18:23.809914+05:30,,f,
fc3a81fa-de2a-4231-ab93-9bee92f77663,10530,SHARDAMOTR,Sharda Motor Industries Limited,NSE,INE597I01028,NSE_EQ,5945.91,t,2026-08-11 11:53:07.986943+05:30,2026-08-13 10:18:23.809914+05:30,https://dhanarthi-stockguru.s3.amazonaws.com/company_logos_webp/SHARDAMOTR.webp,t,2.86 x
fc420cba-7af4-4a13-9970-77b7ca1cac16,30327,ESSENTIA,Integra Essentia Limited,NSE,INE418N01035,NSE_EQ,195.57,t,2026-08-11 11:53:08.300128+05:30,2026-08-13 10:18:23.809914+05:30,https://dhanarthi-stockguru.s3.amazonaws.com/company_logos_webp/ESSENTIA.webp,f,
fc603f7d-bdac-4510-93cf-b2501f7e6c85,16996,TPHQ,Teamo Productions HQ Limited,NSE,INE065J01024,NSE_EQ,75.71,t,2026-08-11 11:53:08.726926+05:30,2026-08-13 10:18:23.809914+05:30,https://dhanarthi-stockguru.s3.amazonaws.com/company_logos_webp/TPHQ.webp,f,
fc65235b-f11b-4b45-9088-f97fb628ced4,11606,GUFICBIO,Gufic Biosciences Limited,NSE,INE742B01025,NSE_EQ,3570.53,t,2026-08-11 11:53:07.549834+05:30,2026-08-13 10:18:23.809914+05:30,https://dhanarthi-stockguru.s3.amazonaws.com/company_logos_webp/GUFICBIO.webp,t,2.5 x
fc664654-1eb4-453f-a6c8-3682bbad86fa,1023,FEDERALBNK,The Federal Bank  Limited,NSE,INE171A01029,NSE_EQ,54298.67,t,2026-08-11 11:53:07.499428+05:30,2026-08-13 10:18:23.809914+05:30,https://dhanarthi-stockguru.s3.amazonaws.com/company_logos_webp/FEDERALBNK.webp,t,4.55 x
fc866dd1-8054-461e-9a4f-8b7479093235,759048,GKENERGY,GK Energy Limited,NSE,INE1AG301022,NSE_EQ,3622.01,t,2026-08-11 11:53:07.533088+05:30,2026-08-13 10:18:23.809914+05:30,,t,2 x
fc90b752-74ed-4cb5-8a23-efae20134ffb,3403,AJOONI,Ajooni Biotech Limited,NSE,INE820Y01021,NSE_EQ,88.63,t,2026-08-11 11:53:08.086537+05:30,2026-08-13 10:18:23.809914+05:30,https://dhanarthi-stockguru.s3.amazonaws.com/company_logos_webp/AJOONI.webp,f,
fcc65069-52f0-41b2-a508-8db4964ac262,18341,VPRPL,Vishnu Prakash R Punglia Limited,NSE,INE0AE001013,NSE_EQ,1412.75,t,2026-08-11 11:53:09.150053+05:30,2026-08-13 10:18:23.809914+05:30,https://dhanarthi-stockguru.s3.amazonaws.com/company_logos_webp/VPRPL.webp,f,
fccab809-03c5-4556-82ca-4430bbfe5c28,13826,SOBHA,Sobha Limited,NSE,INE671H01015,NSE_EQ,16411.6,t,2026-08-11 11:53:08.249896+05:30,2026-08-13 10:18:23.809914+05:30,https://dhanarthi-stockguru.s3.amazonaws.com/company_logos_webp/SOBHA.webp,t,3.13 x
fd0dc287-afd3-44fb-9964-b47d2ac141d7,11297,SIL,Standard Industries Limited,NSE,INE173A01025,NSE_EQ,117.24,t,2026-08-11 11:53:08.104534+05:30,2026-08-13 10:18:23.809914+05:30,https://dhanarthi-stockguru.s3.amazonaws.com/company_logos_webp/SIL.webp,f,
fd1f181e-feb4-4eda-bdb8-22ba2302511a,8175,SAGARDEEP,Sagardeep Alloys Limited,NSE,INE976T01013,NSE_EQ,47.76,t,2026-08-11 11:53:07.966199+05:30,2026-08-13 10:18:23.809914+05:30,https://dhanarthi-stockguru.s3.amazonaws.com/company_logos_webp/SAGARDEEP.webp,f,
fd714314-d570-424c-8059-b94fe0fce991,3563,ADANIGREEN,Adani Green Energy Limited,NSE,INE364U01010,NSE_EQ,162844.92,t,2026-08-11 11:53:07.26652+05:30,2026-08-13 10:18:23.809914+05:30,https://dhanarthi-stockguru.s3.amazonaws.com/company_logos_webp/ADANIGREEN.webp,t,3.36 x
fd8c064d-c6c3-44cb-8788-b2521a9eca80,6068,AIROLAM,Airo Lam limited,NSE,INE801L01010,NSE_EQ,161.22,t,2026-08-11 11:53:07.282898+05:30,2026-08-13 10:18:23.825526+05:30,https://dhanarthi-stockguru.s3.amazonaws.com/company_logos_webp/AIROLAM.webp,f,
fd98adbb-4f35-49bb-9d54-e93d9426b644,13689,AERONEU,Aeroflex Neu Limited,NSE,INE035801013,NSE_EQ,245.81,t,2026-08-11 11:53:08.06671+05:30,2026-08-13 10:18:23.825526+05:30,,f,
fda335db-dd71-4dac-a92d-720abd643c71,10889,KORE,KORE,NSE,INE0J6801010,NSE_EQ,178.99,t,2026-08-11 11:53:09.329823+05:30,2026-08-13 10:18:23.825526+05:30,https://dhanarthi-stockguru.s3.amazonaws.com/company_logos_webp/KORE.webp,f,
fdadc311-6340-4fa2-bf53-22b91b941a04,19440,SICALLOG,Sical Logistics Limited,NSE,INE075B01020,NSE_EQ,652.6,t,2026-08-11 11:53:08.104534+05:30,2026-08-13 10:18:23.825526+05:30,https://dhanarthi-stockguru.s3.amazonaws.com/company_logos_webp/SICALLOG.webp,f,
fdcaec3f-81f3-4d51-ac87-96980d896b1c,1348,HEROMOTOCO,Hero MotoCorp Limited,NSE,INE158A01026,NSE_EQ,105543.51,t,2026-08-11 11:53:07.566237+05:30,2026-08-13 10:18:23.825526+05:30,https://dhanarthi-stockguru.s3.amazonaws.com/company_logos_webp/HEROMOTOCO.webp,t,4.44 x
fe033de3-b325-455a-bb08-ce5503cdc5f5,14008,AVTNPL,AVT Natural Products Limited,NSE,INE488D01021,NSE_EQ,1074.83,t,2026-08-11 11:53:08.152119+05:30,2026-08-13 10:18:23.825526+05:30,https://dhanarthi-stockguru.s3.amazonaws.com/company_logos_webp/AVTNPL.webp,t,1 x
fe08b85c-b628-4f4b-9385-cfd6f8605202,4809,KCPSUGIND,KCP Sugar and Industries Corporation Limited,NSE,INE790B01024,NSE_EQ,351.26,t,2026-08-11 11:53:08.616446+05:30,2026-08-13 10:18:23.825526+05:30,https://dhanarthi-stockguru.s3.amazonaws.com/company_logos_webp/KCPSUGIND.webp,f,
fe0f8dd8-90e3-4fb0-86c1-28fdbb826b73,22347,MACPOWER,Macpower CNC Machines Limited,NSE,INE155Z01011,NSE_EQ,915.67,t,2026-08-11 11:53:08.804555+05:30,2026-08-13 10:18:23.825526+05:30,https://dhanarthi-stockguru.s3.amazonaws.com/company_logos_webp/MACPOWER.webp,f,
fe128a74-a558-491e-8e93-2c5b980fe7e7,18021,VLEGOV,VL E-Governance & IT Solutions Limited,NSE,INE03HW01020,NSE_EQ,354.45,t,2026-08-11 11:53:09.150053+05:30,2026-08-13 10:18:23.825526+05:30,https://dhanarthi-stockguru.s3.amazonaws.com/company_logos_webp/VLEGOV.webp,f,
fe348dc7-2fc4-4dc8-83bd-f45855725141,23485,DRSCARGO,DRSCARGO,NSE,INE0QZM01018,NSE_EQ,34.11,t,2026-08-11 11:53:09.533354+05:30,2026-08-13 10:18:23.825526+05:30,,f,
fe3be279-0a67-406e-9ca4-44249ec1a01e,2283,MRPL,Mangalore Refinery and Petrochemicals Limited,NSE,INE103A01014,NSE_EQ,25243.01,t,2026-08-11 11:53:09.016559+05:30,2026-08-13 10:18:23.825526+05:30,https://dhanarthi-stockguru.s3.amazonaws.com/company_logos_webp/MRPL.webp,t,2.62 x
fe487675-0b48-4402-8c16-83e763144e69,20542,SJLOGISTIC,SJLOGISTIC,NSE,INE0F3301020,NSE_EQ,602.83,t,2026-08-11 11:53:09.21661+05:30,2026-08-13 10:18:23.825526+05:30,https://dhanarthi-stockguru.s3.amazonaws.com/company_logos_webp/SJLOGISTIC.webp,f,
fe877915-b754-405b-bc8d-55f2bbd31d1d,19112,SAAKSHI,SAAKSHI,NSE,INE0PSK01027,NSE_EQ,319.38,t,2026-08-11 11:53:08.833281+05:30,2026-08-13 10:18:23.825526+05:30,https://dhanarthi-stockguru.s3.amazonaws.com/company_logos_webp/SAAKSHI.webp,f,
fe9bb729-d14e-494f-8496-3adb234d22b6,25780,APLAPOLLO,APL Apollo Tubes Limited,NSE,INE702C01027,NSE_EQ,47509.21,t,2026-08-11 11:53:07.311658+05:30,2026-08-13 10:18:23.825526+05:30,https://dhanarthi-stockguru.s3.amazonaws.com/company_logos_webp/APLAPOLLO.webp,t,4.35 x
fea83351-64ac-49f4-8157-2bd68c938e77,6286,GULPOLY,Gulshan Polyols Limited,NSE,INE255D01024,NSE_EQ,965.13,t,2026-08-11 11:53:08.370496+05:30,2026-08-13 10:18:23.825526+05:30,https://dhanarthi-stockguru.s3.amazonaws.com/company_logos_webp/GULPOLY.webp,t,2 x
feb08ea2-5306-474b-90e5-d51065f71a96,14278,ORIENTBELL,Orient Bell Limited,NSE,INE607D01018,NSE_EQ,430.37,t,2026-08-11 11:53:07.81617+05:30,2026-08-13 10:18:23.825526+05:30,https://dhanarthi-stockguru.s3.amazonaws.com/company_logos_webp/ORIENTBELL.webp,t,1 x
ff022d6d-24da-4e6a-ad1f-e1c3bb6938c1,11407,XPROINDIA,Xpro India Limited,NSE,INE445C01015,NSE_EQ,2518.53,t,2026-08-11 11:53:09.183625+05:30,2026-08-13 10:18:23.825526+05:30,https://dhanarthi-stockguru.s3.amazonaws.com/company_logos_webp/XPROINDIA.webp,t,2.5 x
ff28f093-4b69-4d5e-b77e-74f42abe425f,10325,SKP,SKP,NSE,INE0KZA01016,NSE_EQ,355.41,t,2026-08-11 11:53:08.705605+05:30,2026-08-13 10:18:23.825526+05:30,https://dhanarthi-stockguru.s3.amazonaws.com/company_logos_webp/SKP.webp,f,
ff50e4f6-5dc5-41c4-b0b1-d25a9d44daee,9480,LICI,Life Insurance Corporation Of India,NSE,INE0J1Y01017,NSE_EQ,565259.02,t,2026-08-11 11:53:08.766558+05:30,2026-08-13 10:18:23.825526+05:30,https://dhanarthi-stockguru.s3.amazonaws.com/company_logos_webp/LICI.webp,t,4.55 x
ff597b37-d50f-4d3d-8bc2-c1357f56efda,10485,RAMRAT,Ram Ratna Wires Limited,NSE,INE207E01023,NSE_EQ,3009.9,t,2026-08-11 11:53:07.923682+05:30,2026-08-13 10:18:23.825526+05:30,https://dhanarthi-stockguru.s3.amazonaws.com/company_logos_webp/RAMRAT.webp,t,2.5 x
ff6fe5a7-eb92-46c8-ae23-57ed6589f860,14540,DISHTV,Dish TV India Limited,NSE,INE836F01026,NSE_EQ,892.45,t,2026-08-11 11:53:07.449913+05:30,2026-08-13 10:18:23.825526+05:30,,f,
ffabeb24-ff25-47ac-a50f-bdc14462a6b4,1053,UFLEX,UFLEX Limited,NSE,INE516A01017,NSE_EQ,3929.67,t,2026-08-11 11:53:08.766558+05:30,2026-08-13 10:18:23.825526+05:30,,t,2.5 x
ffb27ceb-d3a4-4955-a459-305526b5063e,10557,NAVKARCORP,Navkar Corporation Limited,NSE,INE278M01019,NSE_EQ,1732.71,t,2026-08-11 11:53:08.960894+05:30,2026-08-13 10:18:23.825526+05:30,https://dhanarthi-stockguru.s3.amazonaws.com/company_logos_webp/NAVKARCORP.webp,t,2.64 x
ffe52109-48fa-44b1-ad92-bfa947d13554,27161,CINELINE,Cineline India Limited,NSE,INE704H01022,NSE_EQ,302.59,t,2026-08-11 11:53:08.224447+05:30,2026-08-13 10:18:23.825526+05:30,https://dhanarthi-stockguru.s3.amazonaws.com/company_logos_webp/CINELINE.webp,f,
